prompt_id,prompt_variant,layer,pos,token,entropy,top1,prob1,top2,prob2,top3,prob3,top4,prob4,top5,prob5,top6,prob6,top7,prob7,top8,prob8,top9,prob9,top10,prob10,top11,prob11,top12,prob12,top13,prob13,top14,prob14,top15,prob15,top16,prob16,top17,prob17,top18,prob18,top19,prob19,top20,prob20,rest_mass,copy_collapse,copy_strict@0.95,copy_strict@0.7,copy_strict@0.8,copy_strict@0.9,copy_soft_k1@0.5,copy_soft_k2@0.5,copy_soft_k3@0.5,entropy_collapse,is_answer,p_top1,p_top5,p_answer,teacher_entropy_bits,kl_to_final_bits,kl_to_final_bits_norm_temp,answer_rank,cos_to_final,cos_to_answer,cos_to_prompt_max,geom_crossover,echo_mass_prompt,answer_mass,answer_minus_echo_mass,mass_ratio_ans_over_prompt,topk_prompt_mass@50,control_margin,resid_norm_ratio,delta_resid_cos,answer_logit_gap,answer_vs_top1_gap
pos,orig,0,16,⟨NEXT⟩,1.6721300198696554e-05, simply,0.9999992847442627,simply,7.727312549832277e-07, Simply,3.093549288263331e-12,Simply,3.085040686454099e-12, simplemente,1.8352142736989752e-16,,,,,,,,,,,,,,,,,,,,,,,,,,,,,,,0.0,True,True,True,True,True,True,False,False,True,False,0.9999992847442627,1.0,0.0,2.9366900987731905,14.392131489326554,15.28732457670799,1468,-0.0736527293920517,0.10423088073730469,0.9294598698616028,False,0.9999992847442627,0.0,-0.9999992847442627,0.0,0.9999992847442627,,0.7571781277656555,0.929459810256958,,-109.74493408203125
pos,orig,1,16,⟨NEXT⟩,6.94161528258519e-08, simply,1.0,simply,2.4255215613777636e-09,Simply,1.3801348378280676e-16, Simply,2.0945620971245226e-17, simplemente,7.031299355197127e-21,,,,,,,,,,,,,,,,,,,,,,,,,,,,,,,0.0,True,True,True,True,True,True,False,False,True,False,1.0,1.0,0.0,2.9366900987731905,14.392131489326554,14.629936716188784,17,0.26449036598205566,-0.0077911242842674255,0.844441294670105,False,1.0,0.0,-1.0,0.0,1.0,,1.399204969406128,0.9841582179069519,,-182.15829348564148
pos,orig,2,16,⟨NEXT⟩,3.137542444164865e-05, simply,0.9999984502792358,simply,1.5066898413351737e-06,Simply,5.4036341509211896e-14, Simply,4.934365870274456e-15, simplemente,1.2947876222868442e-19,,,,,,,,,,,,,,,,,,,,,,,,,,,,,,,4.3030863872139946e-08,True,True,True,True,True,True,False,False,True,False,0.9999984502792358,0.9999999403953552,0.0,2.9366900987731905,14.39212873760414,15.328217923499546,21,0.11154215037822723,0.007670803926885128,0.7723556756973267,False,0.9999984502792358,0.0,-0.9999984502792358,0.0,0.9999984502792358,,1.4803540706634521,0.9648332595825195,,-172.99098825454712
pos,orig,3,16,⟨NEXT⟩,0.00042995743569917977, simply,0.999974250793457,simply,2.576304723334033e-05,Simply,1.369097724079893e-09, Simply,9.931155897646704e-10, simplemente,2.39958352260582e-14,,,,,,,,,,,,,,,,,,,,,,,,,,,,,,,0.0,True,True,True,True,True,True,False,False,True,False,0.999974250793457,1.0,0.0,2.9366900987731905,14.392201658248105,16.354047656615165,2247,0.297436386346817,-0.002523651346564293,0.6260069012641907,False,0.999974250793457,0.0,-0.999974250793457,0.0,0.999974250793457,,1.0540781021118164,0.9722325801849365,,-109.06830763816833
pos,orig,4,16,⟨NEXT⟩,0.00211554067209363, simply,0.9998505115509033,simply,0.00014938444655854255, Simply,3.106196544422346e-08,Simply,2.6585535550793793e-08, simplemente,1.788286099063674e-12,,,,,,,,,,,,,,,,,,,,,,,,,,,,,,,4.635324890589487e-08,True,True,True,True,True,True,False,False,True,False,0.9998505115509033,0.9999999403953552,5.885453550164232e-43,2.9366900987731905,14.392910226769661,17.286909072119176,26470,0.28057676553726196,-0.00032163411378860474,0.5655591487884521,False,0.9998505115509033,5.885453550164232e-43,-0.9998505115509033,5.886333483141159e-43,0.9998505115509033,,1.0688989162445068,0.966826319694519,,-97.23784017562866
pos,orig,5,16,⟨NEXT⟩,0.002332968870177865, simply,0.9998338222503662,simply,0.00016526246326975524,Simply,4.4745229388354346e-07, Simply,3.578031169126916e-07, simplemente,6.833617872958886e-14,,,,,,,,,,,,,,,,,,,,,,,,,,,,,,,1.1003088484784485e-07,True,True,True,True,True,True,False,False,True,False,0.9998338222503662,0.9999999403953552,4.159053842116057e-42,2.9366900987731905,14.393017543943799,17.761018461266904,54381,0.3046282231807709,-0.013848060742020607,0.43197429180145264,False,0.9998338222503662,4.159053842116057e-42,-0.9998338222503662,4.159745095035255e-42,0.9998338222503662,,1.3453826904296875,0.9725698232650757,,-95.2831642627716
pos,orig,6,16,⟨NEXT⟩,0.12790170311927795, simply,0.9832905530929565,simply,0.015884622931480408,Simply,0.0006487155333161354, Simply,0.00017617098637856543, simplemente,1.1740821648231758e-08,,,,,,,,,,,,,,,,,,,,,,,,,,,,,,,0.0,True,True,True,True,True,True,False,False,True,False,0.9832905530929565,1.0000001192092896,4.869169187320729e-29,2.9366900987731905,14.59205375371793,21.838114854987026,36521,0.26463818550109863,-0.0033886414021253586,0.37047338485717773,False,0.9832905530929565,4.869169187320729e-29,-0.9832905530929565,4.9519129081966306e-29,0.9832905530929565,,0.9341042637825012,0.9858675003051758,,-65.1751908659935
pos,orig,7,16,⟨NEXT⟩,0.03356916829943657, simply,0.9967670440673828,simply,0.0028168538119643927,Simply,0.0002844007103703916, Simply,0.0001317972782999277, просто,9.872265227528487e-10,,,,,,,,,,,,,,,,,,,,,,,,,,,,,,,0.0,True,True,True,True,True,True,False,False,True,False,0.9967670440673828,1.0000001192092896,6.180479403120639e-31,2.9366900987731905,14.422806314934444,20.895912717749354,24810,0.29395341873168945,-0.002232225611805916,0.30801770091056824,False,0.9967670440673828,6.180479403120639e-31,-0.9967670440673828,6.200525422369708e-31,0.9967670440673828,,1.1460484266281128,0.9814942479133606,,-69.55550158023834
pos,orig,8,16,⟨NEXT⟩,0.09841668605804443, simply,0.9896490573883057,simply,0.0047278148122131824,Simply,0.00391019182279706, Simply,0.0017110930057242513, simplemente,1.0066888762594317e-06,,,,,,,,,,,,,,,,,,,,,,,,,,,,,,,8.362820835827733e-07,True,True,True,True,True,True,False,False,True,False,0.9896490573883057,0.9999991655349731,8.933211342274581e-21,2.9366900987731905,14.516638673383985,22.825372319167133,58918,0.270318865776062,-0.02127695083618164,0.26321500539779663,False,0.9896490573885915,8.933211342274581e-21,-0.9896490573885915,9.02664562407627e-21,0.9896490573883057,,0.7657616138458252,0.9616851210594177,,-46.15410661697388
pos,orig,9,16,⟨NEXT⟩,0.10208652913570404, simply,0.9887562394142151,simply,0.007158070337027311,Simply,0.003498840145766735, Simply,0.000574213161598891, simple,1.0734007446444593e-05,,,,,,,,,,,,,,,,,,,,,,,,,,,,,,,1.9029339455300942e-06,True,True,True,True,True,True,False,False,True,False,0.9887562394142151,0.9999980926513672,1.0637511627866706e-22,2.9366900987731905,14.531063202277151,22.59848730270409,43521,0.26920515298843384,-0.0073999641463160515,0.24240538477897644,False,0.988756239414511,1.0637511627866706e-22,-0.988756239414511,1.0758477360817667e-22,0.9887562394142151,,0.9142019748687744,0.9663715958595276,,-50.58376359939575
pos,orig,10,16,⟨NEXT⟩,0.281390517950058, simply,0.9624081254005432,simply,0.01991092599928379,Simply,0.014868571422994137, Simply,0.002608797512948513, simple,7.297174306586385e-05,,,,,,,,,,,,,,,,,,,,,,,,,,,,,,,0.00013060792116448283,True,True,True,True,True,True,False,False,True,False,0.9624081254005432,0.9998693466186523,7.733394264819511e-18,2.9366900987731905,14.936785410135792,23.094388957507945,49729,0.2443697154521942,-0.016407670453190804,0.20773044228553772,False,0.9624081261860298,7.733394264819511e-18,-0.9624081261860298,8.03546234322757e-18,0.9624081254005432,,0.7364900708198547,0.9682584404945374,,-39.36266803741455
pos,orig,11,16,⟨NEXT⟩,0.3330455720424652, simply,0.9525399804115295,simply,0.034326598048210144,Simply,0.006783575285226107, Simply,0.005846056621521711, simplemente,0.00014730759721715003,,,,,,,,,,,,,,,,,,,,,,,,,,,,,,,0.0003564820362953469,True,True,True,True,True,True,False,False,True,False,0.9525399804115295,0.9996435642242432,7.563718345361204e-17,2.9366900987731905,15.006424625123161,23.232068636760264,46591,0.24446985125541687,-0.013529310934245586,0.18986742198467255,False,0.9525399894532205,7.563718345361204e-17,-0.9525399894532204,7.940578265656197e-17,0.952539986844307,,0.7558065056800842,0.9663577675819397,,-37.07196235656738
pos,orig,12,16,⟨NEXT⟩,0.10932998359203339, simply,0.9880897402763367,simply,0.006146637722849846,Simply,0.004892737604677677, Simply,0.0007795339333824813, simple,2.2614220142713748e-05,,,,,,,,,,,,,,,,,,,,,,,,,,,,,,,6.873624261061195e-05,True,True,True,True,True,True,False,False,True,False,0.9880897402763367,0.9999312162399292,1.976098294237384e-18,2.9366900987731905,14.54593488606256,22.501407911806258,47889,0.26123183965682983,-0.01464088074862957,0.18040549755096436,False,0.9880897414569867,1.976098294237384e-18,-0.9880897414569867,1.9999178306654744e-18,0.9880897414429934,,0.8113104104995728,0.9606972932815552,,-40.753424644470215
pos,orig,13,16,⟨NEXT⟩,0.1374000906944275, simply,0.984093427658081,simply,0.010578230023384094,Simply,0.004141182638704777, Simply,0.001066922559402883, simple,3.729508534888737e-05,,,,,,,,,,,,,,,,,,,,,,,,,,,,,,,8.294203507830389e-05,True,True,True,True,True,True,False,False,True,False,0.984093427658081,0.9999170899391174,3.246419868219107e-17,2.9366900987731905,14.588659504120502,22.4615904884785,43891,0.2723023593425751,-0.013561505824327469,0.16297155618667603,False,0.9840934393900964,3.246419868219107e-17,-0.9840934393900964,3.298893921020569e-17,0.984093439133928,,0.7795234322547913,0.9393090009689331,,-37.95035910606384
pos,orig,14,16,⟨NEXT⟩,0.16577205061912537, simply,0.9843016266822815,simply,0.0045202989131212234,"

",0.0027312820311635733,Simply,0.002408197382465005,simple,0.002109512686729431,,,,,,,,,,,,,,,,,,,,,,,,,,,,,,,0.003929082304239273,True,True,True,True,True,True,False,False,True,False,0.9843016266822815,0.996070921421051,1.5341327383802672e-12,2.9366900987731905,14.462819110553582,21.389950080617858,32126,0.2611140012741089,-0.012683664448559284,0.1318719983100891,False,0.9843034463921885,1.5341327383802672e-12,-0.9843034463906544,1.5585973435781368e-12,0.9843016266822815,,0.6424965858459473,0.958251416683197,,-27.187233924865723
pos,orig,15,16,⟨NEXT⟩,0.7348732948303223, simply,0.912857174873352,SIMPLE,0.019211605191230774,simply,0.014930512756109238,simple,0.01276455819606781,Simply,0.009381561540067196,,,,,,,,,,,,,,,,,,,,,,,,,,,,,,,0.03085458744317293,False,False,True,True,True,True,False,False,True,False,0.912857174873352,0.9691453576087952,3.481106028435654e-11,2.9366900987731905,15.207658085244717,23.36312492016255,36127,0.24578934907913208,-0.00260232575237751,0.11194493621587753,False,0.9128776737507157,3.481106028435654e-11,-0.9128776737159047,3.8133324154150866e-11,0.912857174873352,,0.728505551815033,0.9608263373374939,,-23.98991107940674
pos,orig,16,16,⟨NEXT⟩,3.5682740211486816, simply,0.3643357753753662,"

",0.1587938517332077,a,0.14831112325191498,"
",0.08310792595148087,by,0.02436964400112629,,,,,,,,,,,,,,,,,,,,,,,,,,,,,,,0.22108167968690395,False,False,False,False,False,False,False,False,False,False,0.3643357753753662,0.7789183855056763,2.9289437541990537e-09,2.9366900987731905,13.93787440153322,22.03417920455425,20875,0.275219589471817,-0.004014164209365845,0.09786669164896011,False,0.3645753585919691,2.9289437541990537e-09,-0.36457535566302535,8.033850004227144e-09,0.3643357753753662,,0.5371729135513306,0.9455974102020264,,-18.63894510269165
pos,orig,17,16,⟨NEXT⟩,3.099445104598999, simply,0.6676433086395264,simply,0.03599994629621506,Simply,0.024104813113808632,a,0.022289568558335304,app,0.021082516759634018,,,,,,,,,,,,,,,,,,,,,,,,,,,,,,,0.22887984663248062,False,False,False,False,False,True,False,False,False,False,0.6676433086395264,0.7711201906204224,6.526143181417865e-08,2.9366900987731905,16.703220593008908,22.49809758974245,16939,0.2837596833705902,0.00929553434252739,0.09649410843849182,False,0.6681709092855623,6.526143181417865e-08,-0.6681708440241305,9.767176452846066e-08,0.6676433086395264,,0.5474017262458801,0.937454342842102,,-16.140862584114075
pos,orig,18,16,⟨NEXT⟩,3.336716890335083, simply,0.6019929647445679,Simply,0.046933695673942566,simple,0.03581228852272034,simply,0.03020290471613407,a,0.02876347117125988,,,,,,,,,,,,,,,,,,,,,,,,,,,,,,,0.2562946751713753,False,False,False,False,False,True,False,False,False,False,0.6019929647445679,0.7437053322792053,4.291716759752262e-09,2.9366900987731905,18.149322266246163,22.670820453934574,35160,0.2968120574951172,0.0031342022120952606,0.0969829261302948,False,0.603177438887613,4.291716759752262e-09,-0.6031774345958962,7.115181165515601e-09,0.6019929647445679,,0.5936975479125977,0.9432375431060791,,-18.759070098400116
pos,orig,19,16,⟨NEXT⟩,1.3823356628417969, simply,0.8061268329620361,Simply,0.05922716110944748, simple,0.039834439754486084,SIMPLE,0.03896544873714447,simple,0.01363905519247055,,,,,,,,,,,,,,,,,,,,,,,,,,,,,,,0.04220706224441528,False,False,True,True,False,True,False,False,False,False,0.8061268329620361,0.9577929377555847,1.8241923527284598e-09,2.9366900987731905,16.915850311507235,22.196603747612706,19234,0.29750871658325195,0.007563268765807152,0.10660362243652344,False,0.8064726009344891,1.8241923527284598e-09,-0.8064725991102968,2.2619396472400453e-09,0.8063796261267271,,0.5342522263526917,0.9587651491165161,,-19.906614899635315
pos,orig,20,16,⟨NEXT⟩,3.163440704345703, simply,0.5757956504821777,Simply,0.0921124517917633,a,0.07946847379207611,SIMPLE,0.03879038617014885,simply,0.02929823100566864,,,,,,,,,,,,,,,,,,,,,,,,,,,,,,,0.18453480675816536,False,False,False,False,False,True,False,False,False,False,0.5757956504821777,0.8154652714729309,5.851932716183228e-09,2.9366900987731905,18.982400723580778,23.476589442173385,31272,0.25399938225746155,0.010671144351363182,0.10009990632534027,False,0.5794347870060363,5.851932716183228e-09,-0.5794347811541036,1.009938104738417e-08,0.5788454590365291,,0.5537291169166565,0.95222407579422,,-18.404491662979126
pos,orig,21,16,⟨NEXT⟩,1.86649489402771, simply,0.7931571006774902,Simply,0.041887324303388596,a,0.03454558923840523,i,0.019308220595121384, ,0.011693662963807583,,,,,,,,,,,,,,,,,,,,,,,,,,,,,,,0.09940810222178698,False,False,True,False,False,True,False,False,False,False,0.7931571006774902,0.9005919098854065,6.08336314655844e-09,2.9366900987731905,15.173201017179052,21.27067804845269,23005,0.314357727766037,0.013823779299855232,0.11080282926559448,False,0.8010175999946938,6.08336314655844e-09,-0.8010175939113306,7.594543664214363e-09,0.8005610376712866,,0.4797790050506592,0.9493279457092285,,-18.685973167419434
pos,orig,22,16,⟨NEXT⟩,2.1901018619537354, simply,0.7171284556388855,a,0.060599736869335175, a,0.03523704782128334, the,0.03184106573462486, ,0.027054209262132645,,,,,,,,,,,,,,,,,,,,,,,,,,,,,,,0.12813948467373848,False,False,True,False,False,True,False,False,False,False,0.7171284556388855,0.8718605041503906,3.372888912611671e-10,2.9366900987731905,13.28765752962439,22.005826832663608,31495,0.29640549421310425,0.011769816279411316,0.11044585704803467,False,0.7502720005805372,3.372888912611671e-10,-0.7502720002432484,4.495554819460515e-10,0.7499387186544482,,0.5265670418739319,0.9648872017860413,,-21.47758173942566
pos,orig,23,16,⟨NEXT⟩,3.1811110973358154, simply,0.44955798983573914, ,0.11213672161102295, the,0.10371604561805725, “,0.10204771906137466, a,0.03522305190563202,,,,,,,,,,,,,,,,,,,,,,,,,,,,,,,0.19731847196817398,False,False,False,False,False,False,False,False,False,False,0.44955798983573914,0.8026815056800842,1.5010586107422341e-09,2.9366900987731905,8.453150917365667,17.996995168585162,13683,0.3615008592605591,0.018427040427923203,0.11946699023246765,False,0.5624365362480077,1.5010586107422341e-09,-0.5624365347469491,2.6688497480744905e-09,0.5621387218998279,,0.43901535868644714,0.9373536705970764,,-19.517605543136597
pos,orig,24,16,⟨NEXT⟩,1.1070388555526733, simply,0.8253099322319031, the,0.06945416331291199, ,0.059967294335365295, a,0.014928862452507019, “,0.005492932628840208,,,,,,,,,,,,,,,,,,,,,,,,,,,,,,,0.024846815038472414,False,False,True,True,False,True,False,False,False,False,0.8253099322319031,0.9751531481742859,1.616202310872339e-11,2.9366900987731905,12.13181304004011,17.55653384111344,14991,0.3806546926498413,0.024006158113479614,0.14256945252418518,False,0.8960406577727442,1.616202310872339e-11,-0.8960406577565821,1.8037153727889527e-11,0.8960202859198034,,0.417779803276062,0.9432939887046814,,-24.656360149383545
pos,orig,25,16,⟨NEXT⟩,2.1188793182373047, the,0.6022877097129822, simply,0.18199042975902557, ,0.06773895025253296," """,0.03337904438376427, a,0.025970548391342163,,,,,,,,,,,,,,,,,,,,,,,,,,,,,,,0.08863331750035286,False,False,False,False,False,True,False,False,False,False,0.6022877097129822,0.9113666415214539,8.562509729026502e-11,2.9366900987731905,7.201776256602526,17.663699670519073,8307,0.3921455144882202,0.03243330866098404,0.13490980863571167,False,0.7933972829403781,8.562509729026502e-11,-0.7933972828547531,1.079220953026347e-10,0.7933261713151296,,0.43172314763069153,0.9589682221412659,,-22.674023628234863
pos,orig,26,16,⟨NEXT⟩,2.3713271617889404, the,0.4617633521556854, ,0.17236678302288055," """,0.13723838329315186, a,0.11984856426715851, “,0.048267725855112076,,,,,,,,,,,,,,,,,,,,,,,,,,,,,,,0.06051519140601158,False,False,False,False,False,False,False,False,False,False,0.4617633521556854,0.9394848346710205,1.1376198648469643e-13,2.9366900987731905,4.672632757648329,13.234931776453474,6972,0.385800838470459,0.03023703396320343,0.1604476273059845,False,0.47392826382046394,1.1376198648469643e-13,-0.4739282638203502,2.40040518637968e-13,0.4739227932805079,,0.40688663721084595,0.945798933506012,,-29.031965255737305
pos,orig,27,16,⟨NEXT⟩,1.842459797859192, the,0.6642924547195435," """,0.10656295716762543,",",0.06757062673568726, ,0.046647947281599045,-,0.03667030483484268,,,,,,,,,,,,,,,,,,,,,,,,,,,,,,,0.07825570926070213,False,False,False,False,False,True,False,False,False,False,0.6642924547195435,0.9217443466186523,7.089861856645783e-15,2.9366900987731905,5.317867292161664,13.770965926801468,6162,0.3887398838996887,0.03824976831674576,0.18772026896476746,False,0.6643812703461075,7.089861856645783e-15,-0.6643812703461004,1.067137525156446e-14,0.6643809812667314,,0.35960739850997925,0.954474925994873,,-32.171077728271484
pos,orig,28,16,⟨NEXT⟩,1.226663589477539," """,0.7381777763366699, “,0.18498267233371735, simply,0.035990990698337555, ',0.015193804167211056, the,0.011114625260233879,,,,,,,,,,,,,,,,,,,,,,,,,,,,,,,0.014540131203830242,False,False,False,False,False,False,False,False,False,False,0.7381777763366699,0.9854598641395569,3.190940613072269e-15,2.9366900987731905,1.5786884302495698,9.899092302772315,5954,0.39453089237213135,0.03315640240907669,0.1752804070711136,False,0.047139615190515675,3.190940613072269e-15,-0.047139615190512484,6.769127266917109e-14,0.04713956300929567,,0.38305896520614624,0.9211986064910889,,-33.074891090393066
pos,orig,29,16,⟨NEXT⟩,0.31598836183547974," """,0.9437634944915771, “,0.05586046352982521, ',0.0002990471257362515,",",3.314165951451287e-05, ,3.2901065424084663e-05,,,,,,,,,,,,,,,,,,,,,,,,,,,,,,,1.0952127922791988e-05,False,False,False,False,False,False,False,False,True,False,0.9437634944915771,0.9999890327453613,2.9887718327099552e-19,2.9366900987731905,1.681336619382339,7.145234552374265,5276,0.384271502494812,0.03672456741333008,0.18168264627456665,False,5.278665719104773e-06,2.9887718327099552e-19,-5.278665719104474e-06,5.660911110138874e-14,5.278650592480116e-06,,0.3362579643726349,0.9186364412307739,,-42.59637260437012
pos,orig,30,16,⟨NEXT⟩,0.13406263291835785," """,0.9817630648612976, “,0.01795988716185093, ',9.806905291043222e-05,",",7.845426443964243e-05, ,6.954481796128675e-05,,,,,,,,,,,,,,,,,,,,,,,,,,,,,,,3.0979841540101916e-05,False,False,False,False,False,False,False,False,True,False,0.9817630648612976,0.9999690055847168,1.8705680134045465e-19,2.9366900987731905,1.804832029504745,8.36005326880061,2763,0.3846513628959656,0.05099254846572876,0.1899348348379135,False,1.571750802638743e-05,1.8705680134045465e-19,-1.5717508026387243e-05,1.1900417076890074e-14,1.5717503875404236e-05,,0.36311641335487366,0.8992164731025696,,-43.10446739196777
pos,orig,31,16,⟨NEXT⟩,0.046090468764305115," """,0.9950689077377319, “,0.0047968789003789425,",",3.3223681384697556e-05, ,2.9528793675126508e-05, ',2.926224988186732e-05,,,,,,,,,,,,,,,,,,,,,,,,,,,,,,,4.219863694743253e-05,False,False,False,False,False,False,False,False,True,False,0.9950689077377319,0.9999577403068542,4.229158952659969e-20,2.9366900987731905,1.8722038252231383,6.043105748099267,1929,0.3810921311378479,0.06161237508058548,0.20299574732780457,False,1.7598875804082712e-05,4.229158952659969e-20,-1.759887580408267e-05,2.402948179713243e-15,1.7598875254128035e-05,,0.36106428503990173,0.9040457606315613,,-44.60475540161133
pos,orig,32,16,⟨NEXT⟩,0.06253831833600998," """,0.9935976266860962, “,0.005264827515929937,",",0.0003862952580675483, ,0.0003668981953524053, and,0.00021996254508849233,,,,,,,,,,,,,,,,,,,,,,,,,,,,,,,0.0001643897994654253,False,False,False,False,False,False,False,False,True,False,0.9935976266860962,0.9998356103897095,7.602572419769982e-20,2.9366900987731905,1.8601573004434528,5.791939533056807,1889,0.3749147057533264,0.06283552944660187,0.21200919151306152,False,5.862082679852157e-05,7.602572419769982e-20,-5.86208267985215e-05,1.2968842553984887e-15,5.862082648670861e-05,,0.32678863406181335,0.8890807628631592,,-44.016794204711914
pos,orig,33,16,⟨NEXT⟩,0.04271490126848221," """,0.9962618947029114, “,0.0016690969932824373, ,0.0012306210119277239,",",0.0003473642573226243, and,0.0003280208620708436,,,,,,,,,,,,,,,,,,,,,,,,,,,,,,,0.00016300217248499393,False,False,False,False,False,False,False,False,True,False,0.9962618947029114,0.9998369812965393,1.0578111404781226e-17,2.9366900987731905,1.8777824264691751,7.164629379877366,1097,0.3781455159187317,0.08122514188289642,0.21555614471435547,False,8.031273554752675e-05,1.0578111404781226e-17,-8.031273554751616e-05,1.3170986672038787e-13,8.031271417479474e-05,,0.29141244292259216,0.9057508707046509,,-39.083998680114746
pos,orig,34,16,⟨NEXT⟩,0.0900295227766037," """,0.9901856184005737, “,0.007948379032313824, ,0.0007364264456555247, ',0.0006492448155768216,",",0.00022479967446997762,,,,,,,,,,,,,,,,,,,,,,,,,,,,,,,0.0002555316314101219,False,False,False,False,False,False,False,False,True,False,0.9901856184005737,0.9997445344924927,5.882611525550002e-16,2.9366900987731905,1.838748040150796,4.798428091760724,649,0.3720412254333496,0.08907756209373474,0.20451560616493225,False,3.3775938074018164e-05,5.882611525550002e-16,-3.37759380734299e-05,1.7416059184106487e-11,3.3775924475107355e-05,,0.26629868149757385,0.8945205211639404,,-35.05949783325195
pos,orig,35,16,⟨NEXT⟩,0.02336951531469822," """,0.9981057643890381, “,0.0010265868622809649, ,0.00044025134411640465,",",0.0001516478805569932, ',0.00014345525414682925,,,,,,,,,,,,,,,,,,,,,,,,,,,,,,,0.00013229426986072212,False,False,False,False,False,False,False,False,True,False,0.9981057643890381,0.9998676776885986,1.2925313817005777e-16,2.9366900987731905,1.8915864419580277,7.141291334155283,666,0.36775898933410645,0.09884558618068695,0.213933065533638,False,9.198890292836658e-06,1.2925313817005777e-16,-9.198890292707404e-06,1.4049421683941012e-11,9.198887574321524e-06,,0.24526633322238922,0.8819432258605957,,-36.582862854003906
pos,orig,36,16,⟨NEXT⟩,0.07409066706895828," """,0.9928253889083862, ,0.0033483945298939943, “,0.0026187077164649963, and,0.0005696916487067938,",",0.0003647020785138011,,,,,,,,,,,,,,,,,,,,,,,,,,,,,,,0.000273115118034184,False,False,False,False,False,False,False,False,True,False,0.9928253889083862,0.9997269511222839,6.706727467020745e-17,2.9366900987731905,1.8561748701800738,6.606851119015484,761,0.3613060712814331,0.09677840769290924,0.22292888164520264,False,2.3699718077469774e-05,6.706727467020745e-17,-2.3699718077402706e-05,2.829757075333617e-12,2.3699710821514786e-05,,0.23133660852909088,0.9025225639343262,,-37.233633041381836
pos,orig,37,16,⟨NEXT⟩,0.08253370225429535," """,0.9919338226318359, ,0.004518140573054552, “,0.001388100441545248,",",0.0012004945892840624, and,0.000604284810833633,,,,,,,,,,,,,,,,,,,,,,,,,,,,,,,0.00035515695344656706,False,False,False,False,False,False,False,False,True,False,0.9919338226318359,0.9996448159217834,1.2911506849093287e-17,2.9366900987731905,1.85239090789579,6.533594076984565,1087,0.3617537319660187,0.09290271997451782,0.23234134912490845,False,2.7307749921094486e-05,1.2911506849093287e-17,-2.7307749921081574e-05,4.727974325591472e-13,2.7307748337451754e-05,,0.1989283561706543,0.9030634164810181,,-38.880313873291016
pos,orig,38,16,⟨NEXT⟩,0.03345488756895065," """,0.9971730709075928, ,0.0013674193760380149, “,0.000623611849732697,",",0.0005608411156572402, and,0.00014406393165700138,,,,,,,,,,,,,,,,,,,,,,,,,,,,,,,0.00013099281932227314,False,False,False,False,False,False,False,False,True,False,0.9971730709075928,0.9998689293861389,9.750852706378373e-15,2.9366900987731905,1.8850590124271807,5.852870234535086,215,0.3600059151649475,0.14067187905311584,0.2334030568599701,False,9.582536753663869e-06,9.750852706378373e-15,-9.582536743913015e-06,1.0174586853491783e-09,9.582521698026092e-06,,0.19593502581119537,0.9437349438667297,,-32.25859069824219
pos,orig,39,16,⟨NEXT⟩,0.046898797154426575," """,0.9956992864608765, ,0.002781977178528905, and,0.0007852647104300559,",",0.0003477579157333821, “,0.00017824454698711634,,,,,,,,,,,,,,,,,,,,,,,,,,,,,,,0.00020746918744407594,False,False,False,False,False,False,False,False,True,False,0.9956992864608765,0.9997925162315369,1.4577695102597625e-16,2.9366900987731905,1.8789376339350208,5.3116226021088355,503,0.3584228754043579,0.12627840042114258,0.24111148715019226,False,1.1706684448381497e-05,1.4577695102597625e-16,-1.170668444823572e-05,1.2451390509258973e-11,1.1706671292424642e-05,,0.18143752217292786,0.9521642327308655,,-36.46014404296875
pos,orig,40,16,⟨NEXT⟩,0.03615398332476616," """,0.9967477321624756, ,0.0023796772584319115,",",0.00035779905738309026, and,0.00019434504793025553, ',0.00014509647735394537,,,,,,,,,,,,,,,,,,,,,,,,,,,,,,,0.00017534999642521143,False,False,False,False,False,False,False,False,True,False,0.9967477321624756,0.9998246431350708,2.1467810761352643e-15,2.9366900987731905,1.8847269139283647,4.999545291610295,280,0.3582816421985626,0.1406148374080658,0.2319428026676178,False,1.6553671717955978e-06,2.1467810761352643e-15,-1.6553671696488167e-06,1.2960780150019692e-09,1.6553518074283874e-06,,0.15712633728981018,0.9631293416023254,,-33.771549224853516
pos,orig,41,16,⟨NEXT⟩,0.17673808336257935," """,0.9795133471488953, ,0.014477855525910854,",",0.0016393039841204882, and,0.0016202240949496627, ',0.001361173577606678,,,,,,,,,,,,,,,,,,,,,,,,,,,,,,,0.0013880956685170531,False,False,False,False,False,False,False,False,True,False,0.9795133471488953,0.9986119270324707,1.4528855549200692e-11,2.9366900987731905,1.8044526357769417,5.231200762842973,240,0.365089476108551,0.13806524872779846,0.21275842189788818,False,8.4618969727812e-05,1.4528855549200692e-11,-8.461895519895645e-05,1.7169535271560727e-07,8.461635713219451e-05,,0.1262214481830597,0.9871482849121094,,-24.934185028076172
pos,orig,42,16,⟨NEXT⟩,0.37006711959838867, Berlin,0.9297690391540527," """,0.06989939510822296, “,0.0002939403348136693, ',1.6455624063382857e-05,",",1.0041906534752343e-05,,,,,,,,,,,,,,,,,,,,,,,,,,,,,,,1.1127872312499676e-05,False,False,False,False,False,False,False,False,True,True,0.9297690391540527,0.999988853931427,0.9297690391540527,2.9366900987731905,1.0128875226902398,0.41222220615667593,1,0.9993201494216919,0.16422739624977112,0.10556479543447495,True,1.1529009730451635e-08,0.9297690391540527,0.929769027625043,74209299.78961211,1.1511129813235321e-08,,0.2199246734380722,0.7450963258743286,2.587879180908203,
pos,no_filler,0,15,⟨NEXT⟩,1.994665987936628e-09, called,1.0,called,5.083527002125443e-11, Called,6.902096949534808e-12,Called,7.84526235614964e-15, CALLED,1.2936372096829978e-15,,,,,,,,,,,,,,,,,,,,,,,,,,,,,,,0.0,True,True,True,True,True,True,False,False,True,False,1.0,1.0,1.314277829690246e-41,2.6298087281225175,17.425694943781842,17.495186941620073,16727,0.3640591502189636,0.09913083910942078,0.9081971049308777,False,1.0,1.314277829690246e-41,-1.0,1.314277828375968e-41,1.0,,0.8142102360725403,0.9081971645355225,,-94.13271903991699
pos,no_filler,1,15,⟨NEXT⟩,1.7363896778754828e-11, called,1.0,called,3.963009662186906e-13, Called,2.2852025651008516e-14, CALLED,1.59932939526127e-17,Called,8.464539208255132e-18,,,,,,,,,,,,,,,,,,,,,,,,,,,,,,,0.0,True,True,True,True,True,True,False,False,True,False,1.0,1.0,0.0,2.6298087281225175,17.425694943781842,17.44364442908709,65,0.1146070808172226,-0.006730132270604372,0.8050844669342041,False,1.0,0.0,-1.0,0.0,1.0,,1.388663411140442,0.9419686794281006,,-150.28670048713684
pos,no_filler,2,15,⟨NEXT⟩,1.7926002016110942e-08, called,1.0, Called,5.007371184362341e-10,called,7.203297680558052e-11, CALLED,3.8583212688160506e-13,Called,3.0620726223715145e-13,,,,,,,,,,,,,,,,,,,,,,,,,,,,,,,0.0,True,True,True,True,True,True,False,False,True,False,1.0,1.0,0.0,2.6298087281225175,17.425694943781842,17.568542357727285,79,0.007109494414180517,-0.001229630783200264,0.7287505865097046,False,1.0,0.0,-1.0,0.0,1.0,,1.5675771236419678,0.9493322372436523,,-148.1925584077835
pos,no_filler,3,15,⟨NEXT⟩,0.00015907995111774653, called,0.999991774559021,called,4.88470732307178e-06, Called,3.247195763833588e-06, CALLED,5.081108156446135e-08,Called,2.3505821289404594e-08,,,,,,,,,,,,,,,,,,,,,,,,,,,,,,,1.9220989244672637e-08,True,True,True,True,True,True,False,False,True,False,0.999991774559021,0.9999999403953552,3.0893025944504917e-41,2.6298087281225175,17.425639909333565,19.018105697761104,198753,0.006420765537768602,-0.022343751043081284,0.5821255445480347,False,0.999991774559021,3.0893025944504917e-41,-0.999991774559021,3.0893280024463125e-41,0.999991774559021,,1.1127684116363525,0.9619119763374329,,-93.2780237197876
pos,no_filler,4,15,⟨NEXT⟩,0.0001306395570281893, called,0.9999932050704956,called,5.4618622016278096e-06, Called,1.2741954833472846e-06, CALLED,1.1176130243484295e-08,Called,3.747535615161723e-09,,,,,,,,,,,,,,,,,,,,,,,,,,,,,,,4.394815356079107e-08,True,True,True,True,True,True,False,False,True,False,0.9999932050704956,0.9999999403953552,4.654163698387923e-38,2.6298087281225175,17.425653667945635,18.775871573673857,90322,0.018299458548426628,-0.010833939537405968,0.5549449324607849,False,0.9999932050704956,4.654163698387923e-38,-0.9999932050704956,4.654195318662818e-38,0.9999932050704956,,1.1450135707855225,0.9578023552894592,,-85.96046590805054
pos,no_filler,5,15,⟨NEXT⟩,0.0006568204262293875, called,0.9999597072601318,called,3.871893204632215e-05, Called,1.6018443602661137e-06, CALLED,1.0412183115704465e-08,Called,3.2331444188571368e-09,,,,,,,,,,,,,,,,,,,,,,,,,,,,,,,0.0,True,True,True,True,True,True,False,False,True,False,0.9999597072601318,1.0,6.211735247713936e-38,2.6298087281225175,17.4255862507465,19.05993187845094,108924,-0.005486315116286278,-0.026724915951490402,0.43349286913871765,False,0.9999597072601318,6.211735247713936e-38,-0.9999597072601318,6.211985539419356e-38,0.9999597072601318,,1.3576898574829102,0.9544284343719482,,-85.67174911499023
pos,no_filler,6,15,⟨NEXT⟩,0.016754543408751488, called,0.9985393285751343,called,0.001250942819751799, Called,0.00020677725842688233, CALLED,1.5921724525469472e-06,Called,1.2504257256296114e-06,,,,,,,,,,,,,,,,,,,,,,,,,,,,,,,1.0874850886466447e-07,True,True,True,True,True,True,False,False,True,False,0.9985393285751343,0.9999998807907104,1.1036029248945848e-27,2.6298087281225175,17.428428779999958,19.662787480034567,163673,-0.02822580747306347,-0.039748482406139374,0.3574754595756531,False,0.9985393285751344,1.1036029248945848e-27,-0.9985393285751344,1.1052172830930491e-27,0.9985393285751344,,1.0134538412094116,0.9776736497879028,,-62.06975603103638
pos,no_filler,7,15,⟨NEXT⟩,0.0023863965179771185, called,0.9998370409011841,called,0.00013857579324394464, Called,2.4267508706543595e-05, CALLED,7.574885785288643e-08,Called,5.797440749688576e-08,,,,,,,,,,,,,,,,,,,,,,,,,,,,,,,0.0,True,True,True,True,True,True,False,False,True,False,0.9998370409011841,1.0,1.5997895069493325e-31,2.6298087281225175,17.425480309433567,19.18433862464027,135036,-0.021529706194996834,-0.03863866627216339,0.3253138065338135,False,0.9998370409011841,1.5997895069493325e-31,-0.9998370409011841,1.600050248095772e-31,0.9998370409011841,,1.228344440460205,0.9633471965789795,,-70.91010618209839
pos,no_filler,8,15,⟨NEXT⟩,0.048352308571338654, called,0.9947580695152283,called,0.0050801984034478664, Called,0.00015294825425371528,Called,6.494874924101168e-06, CALLED,2.024567947955802e-06,,,,,,,,,,,,,,,,,,,,,,,,,,,,,,,2.643841980898287e-07,True,True,True,True,True,True,False,False,True,False,0.9947580695152283,0.9999997615814209,1.2893488774475653e-20,2.6298087281225175,17.448615415627632,19.56460052086518,120204,-0.02650206908583641,-0.039283283054828644,0.2823830246925354,False,0.9947580695172845,1.2893488774475653e-20,-0.9947580695172845,1.2961431685365374e-20,0.9947580695172793,,0.8150357007980347,0.9501981735229492,,-45.79230833053589
pos,no_filler,9,15,⟨NEXT⟩,0.0385076180100441, called,0.9959536790847778,called,0.003981457557529211, Called,5.811817027279176e-05, CALLED,3.5598943668446736e-06,Called,3.0361240987986093e-06,,,,,,,,,,,,,,,,,,,,,,,,,,,,,,,1.4916895452188328e-07,True,True,True,True,True,True,False,False,True,False,0.9959536790847778,0.9999998807907104,6.124599316721963e-23,2.6298087281225175,17.44232635405088,19.606088239698117,116614,-0.008104387670755386,-0.024096572771668434,0.2640795111656189,False,0.9959536790853717,6.124599316721963e-23,-0.9959536790853717,6.14948208856156e-23,0.9959536790853717,,0.9780639410018921,0.9546312093734741,,-51.14308834075928
pos,no_filler,10,15,⟨NEXT⟩,0.137373685836792, called,0.9809555411338806,called,0.01890907809138298, Called,0.00010420846956549212,Called,1.519955912954174e-05, CALLED,9.133239473158028e-06,,,,,,,,,,,,,,,,,,,,,,,,,,,,,,,6.839506568212528e-06,True,True,True,True,True,True,False,False,True,False,0.9809555411338806,0.9999931454658508,2.1423963389462697e-18,2.6298087281225175,17.54823051872978,19.563215028629827,97214,-0.05050889775156975,-0.034836702048778534,0.21861609816551208,False,0.9809555414035194,2.1423963389462697e-18,-0.9809555414035194,2.1839892292131908e-18,0.9809555414019846,,0.8694915771484375,0.9644882678985596,,-40.66537857055664
pos,no_filler,11,15,⟨NEXT⟩,0.11353594809770584, called,0.9861956834793091,called,0.012272736057639122, Called,0.0012554378481581807, CALLED,0.00013717952242586762, named,8.566679753130302e-05,,,,,,,,,,,,,,,,,,,,,,,,,,,,,,,5.329629493644461e-05,True,True,True,True,True,True,False,False,True,False,0.9861956834793091,0.999946653842926,3.9507611819578046e-17,2.6298087281225175,17.497067743889907,19.513967452589963,110087,-0.02663213014602661,-0.030873602256178856,0.19790872931480408,False,0.9861957261659021,3.9507611819578046e-17,-0.9861957261659021,4.0060619541633755e-17,0.986195726150676,,0.8712199330329895,0.9601099491119385,,-37.756136894226074
pos,no_filler,12,15,⟨NEXT⟩,0.17265240848064423, called,0.9758804440498352,called,0.02283196896314621, Called,0.0010402135085314512, CALLED,0.0001333811815129593,Called,5.025432983529754e-05,,,,,,,,,,,,,,,,,,,,,,,,,,,,,,,6.373796713887714e-05,True,True,True,True,True,True,False,False,True,False,0.9758804440498352,0.9999362826347351,7.294042245545646e-18,2.6298087281225175,17.579269947557503,19.27920150313378,116801,-0.018043138086795807,-0.03248909115791321,0.17433124780654907,False,0.9758805579582109,7.294042245545646e-18,-0.9758805579582109,7.474318633145341e-18,0.9758805579209664,,0.945649266242981,0.9616801738739014,,-39.43505668640137
pos,no_filler,13,15,⟨NEXT⟩,0.6737014651298523, called,0.8409980535507202,called,0.15303826332092285, Called,0.00521836569532752,"

",0.0002531505306251347, CALLED,0.00022114829334896058,,,,,,,,,,,,,,,,,,,,,,,,,,,,,,,0.00027101860905531794,False,False,True,True,False,True,False,False,True,False,0.8409980535507202,0.9997289776802063,8.302458130309042e-17,2.6298087281225175,18.903976634787337,19.493698265289876,132895,-0.03575309365987778,-0.038308508694171906,0.15119212865829468,False,0.840998116171794,8.302458130309042e-17,-0.8409981161717939,9.872148297108573e-17,0.8409981150046377,,0.8900330066680908,0.9407606720924377,,-36.8542275428772
pos,no_filler,14,15,⟨NEXT⟩,1.3043842315673828, called,0.6079078316688538,called,0.34629881381988525,"

",0.01844029128551483,"
",0.009006521664559841,name,0.00780612975358963,,,,,,,,,,,,,,,,,,,,,,,,,,,,,,,0.010540411807596684,False,False,False,False,False,True,False,False,False,False,0.6079078316688538,0.9894595742225647,1.8682943375963185e-13,2.6298087281225175,20.75445079603926,19.324025685393455,135522,-0.04773010313510895,-0.04201716184616089,0.12504304945468903,False,0.6079746814914672,1.8682943375963185e-13,-0.6079746814912803,3.072980489812649e-13,0.6079744302769541,,0.7484046220779419,0.9593878388404846,,-28.810847282409668
pos,no_filler,15,15,⟨NEXT⟩,1.408708095550537, called,0.6353816390037537,called,0.27388057112693787,name,0.06474176794290543,call,0.007113825995475054, nôtre,0.0058543193154037,,,,,,,,,,,,,,,,,,,,,,,,,,,,,,,0.013027876615524292,False,False,False,False,False,True,False,False,False,False,0.6353816390037537,0.9869721531867981,1.3866250541446495e-13,2.6298087281225175,20.54652239528492,20.052896414917278,123748,-0.030983928591012955,-0.028715219348669052,0.12512829899787903,False,0.6357728346816525,1.3866250541446495e-13,-0.6357728346815138,2.181007077249472e-13,0.6357727423892356,,0.7867446541786194,0.9617723822593689,,-29.1532039642334
pos,no_filler,16,15,⟨NEXT⟩,1.1574902534484863,name,0.796647310256958, called,0.13254530727863312,called,0.03164300695061684,call,0.009407061152160168,"
",0.007532434072345495,,,,,,,,,,,,,,,,,,,,,,,,,,,,,,,0.022224880289286375,False,False,False,False,False,False,False,False,False,False,0.796647310256958,0.9777750968933105,3.1402511884229267e-13,2.6298087281225175,22.243381652786184,18.824425715665445,114196,-0.023777198046445847,-0.03725684434175491,0.12004241347312927,False,0.13411135699108262,3.1402511884229267e-13,-0.1341113569907686,2.3415251589889423e-12,0.1341080409474671,,0.6393305063247681,0.9520333409309387,,-28.561960220336914
pos,no_filler,17,15,⟨NEXT⟩,1.886880874633789,name,0.6546518802642822, called,0.17279447615146637,called,0.08081832528114319,call,0.01940057799220085,Name,0.016515884548425674,,,,,,,,,,,,,,,,,,,,,,,,,,,,,,,0.05581885576248169,False,False,False,False,False,False,False,False,False,False,0.6546518802642822,0.9441812038421631,4.366234457320317e-11,2.6298087281225175,22.201554096235142,19.668788986619077,114693,0.000915053766220808,-0.02263881266117096,0.1106288805603981,False,0.18129711315751545,4.366234457320317e-11,-0.1812971131138531,2.4083309199984417e-10,0.18128426373004913,,0.6160359978675842,0.9393645524978638,,-23.430883407592773
pos,no_filler,18,15,⟨NEXT⟩,2.1532039642333984,name,0.4287240207195282, called,0.3322794437408447,called,0.1409008949995041,call,0.03517993167042732, name,0.02015925571322441,,,,,,,,,,,,,,,,,,,,,,,,,,,,,,,0.04275645315647125,False,False,False,False,False,False,False,False,False,False,0.4287240207195282,0.9572435617446899,7.189548002078938e-12,2.6298087281225175,21.1755798976928,18.52890448703486,98308,0.04051341488957405,-0.018742967396974564,0.11431527137756348,False,0.3525474126932051,7.189548002078938e-12,-0.3525474126860156,2.0393137838575803e-11,0.35243869945406914,,0.7060869336128235,0.9511510729789734,,-24.811450242996216
pos,no_filler,19,15,⟨NEXT⟩,1.40083646774292, called,0.7522467970848083,name,0.1254924088716507,called,0.07365044206380844,call,0.009366585873067379, a,0.006503668148070574,,,,,,,,,,,,,,,,,,,,,,,,,,,,,,,0.03274009795859456,False,False,True,False,False,True,False,False,False,False,0.7522467970848083,0.9672598242759705,3.794465176093498e-12,2.6298087281225175,18.056601603651796,17.03907381705863,61730,0.03185628354549408,-0.0151309659704566,0.1257273256778717,False,0.7592866024706973,3.794465176093498e-12,-0.7592866024669028,4.997408302410455e-12,0.7591877408558503,,0.6690552830696106,0.9607058763504028,,-26.01278781890869
pos,no_filler,20,15,⟨NEXT⟩,2.1367599964141846, called,0.6016186475753784,name,0.1492084413766861, a,0.08926568180322647,called,0.04682781547307968, name,0.03703361004590988,,,,,,,,,,,,,,,,,,,,,,,,,,,,,,,0.07604580372571945,False,False,False,False,False,True,False,False,False,False,0.6016186475753784,0.9239541888237,9.123910828245929e-12,2.6298087281225175,15.7177572518426,16.238801394341394,57013,0.05238358676433563,-0.00973174162209034,0.1234021931886673,False,0.6609323109675928,9.123910828245929e-12,-0.6609323109584688,1.38046070120011e-11,0.6607933598352247,,0.6775302290916443,0.9552208185195923,,-24.911991715431213
pos,no_filler,21,15,⟨NEXT⟩,2.835829734802246, the,0.3448876440525055, a,0.2466258555650711, called,0.13199244439601898,name,0.10286054760217667, name,0.055063582956790924,,,,,,,,,,,,,,,,,,,,,,,,,,,,,,,0.11856992542743683,False,False,False,False,False,False,False,False,False,False,0.3448876440525055,0.8814300894737244,8.69676483605808e-11,2.6298087281225175,8.717072053726715,13.806203108171447,36443,0.11112824827432632,0.003399081528186798,0.12327341735363007,False,0.5330976735636181,8.69676483605808e-11,-0.5330976734766505,1.6313642416799244e-10,0.53288819961017,,0.5985813140869141,0.9528788924217224,,-22.100948452949524
pos,no_filler,22,15,⟨NEXT⟩,1.1575230360031128, the,0.7095156908035278, a,0.24427172541618347, ,0.028841964900493622, to,0.0053496151231229305,name,0.0031666236463934183,,,,,,,,,,,,,,,,,,,,,,,,,,,,,,,0.008854380110278726,False,False,True,False,False,True,False,False,False,False,0.7095156908035278,0.9911456108093262,2.370422109466974e-13,2.6298087281225175,6.066771936719196,14.135697101722865,34130,0.1215866357088089,0.008566133677959442,0.13686661422252655,False,0.7118640497297617,2.370422109466974e-13,-0.7118640497295247,3.329880343075276e-13,0.7118605427458533,,0.6235227584838867,0.9646627902984619,,-28.727364659309387
pos,no_filler,23,15,⟨NEXT⟩,1.8897514343261719, the,0.5025678873062134, a,0.26436832547187805, ,0.1716344803571701, to,0.018113652244210243, called,0.009462203830480576,,,,,,,,,,,,,,,,,,,,,,,,,,,,,,,0.033853450790047646,False,False,False,False,False,True,False,False,False,False,0.5025678873062134,0.9661465883255005,4.1664723971282513e-13,2.6298087281225175,5.429216427566884,9.753947888541951,22331,0.11736133694648743,0.009404398500919342,0.1450582593679428,False,0.5206296747107775,4.1664723971282513e-13,-0.5206296747103608,8.002756261329269e-13,0.5206278379573632,,0.5472613573074341,0.944200873374939,,-27.81851100921631
pos,no_filler,24,15,⟨NEXT⟩,1.159995436668396, the,0.7208452820777893, a,0.17829924821853638, ,0.09608034789562225, to,0.001576902810484171," """,0.0009561699698679149,,,,,,,,,,,,,,,,,,,,,,,,,,,,,,,0.002242049027699977,False,False,True,False,False,True,False,False,False,False,0.7208452820777893,0.9977579712867737,6.147166278878003e-15,2.6298087281225175,5.682220793181766,8.899398429143016,17941,0.15568792819976807,0.020255044102668762,0.1706390082836151,False,0.721152451280277,6.147166278878003e-15,-0.721152451280271,8.524087049056996e-15,0.7211522297438933,,0.492473304271698,0.94182950258255,,-32.39545488357544
pos,no_filler,25,15,⟨NEXT⟩,0.9415330290794373, the,0.7802467346191406, a,0.1815144568681717, ,0.032877035439014435," """,0.0026137158274650574, in,0.001010375446639955,,,,,,,,,,,,,,,,,,,,,,,,,,,,,,,0.0017376817995682359,False,False,True,False,False,True,False,False,True,False,0.7802467346191406,0.9982622861862183,4.804449227374013e-16,2.6298087281225175,5.995067554060267,9.489854081599436,16058,0.1435426026582718,0.020251546055078506,0.18248198926448822,False,0.7804795568468162,4.804449227374013e-16,-0.7804795568468158,6.155765617524317e-16,0.7804795498979047,,0.4753953516483307,0.9560053944587708,,-35.02367305755615
pos,no_filler,26,15,⟨NEXT⟩,1.1231703758239746, a,0.5037864446640015, the,0.48028749227523804, ,0.011237731203436852," """,0.0029804296791553497, in,0.0010790408123284578,,,,,,,,,,,,,,,,,,,,,,,,,,,,,,,0.000628861365839839,False,False,False,False,False,False,False,False,False,False,0.5037864446640015,0.9993711113929749,2.3439037400187814e-18,2.6298087281225175,6.520766235022011,8.15959029095492,12221,0.12170550227165222,0.023462992161512375,0.19915316998958588,False,0.48030349492738317,2.3439037400187814e-18,-0.48030349492738317,4.880047219921037e-18,0.48030349243691717,,0.4833988547325134,0.9441457986831665,,-39.909111976623535
pos,no_filler,27,15,⟨NEXT⟩,0.28800004720687866, the,0.9557344913482666, a,0.040017761290073395, ,0.002992357825860381," """,0.0005092131323181093, in,0.00045174401020631194,,,,,,,,,,,,,,,,,,,,,,,,,,,,,,,0.0002944323932752013,True,True,True,True,True,True,False,False,True,False,0.9557344913482666,0.9997055530548096,1.3982323998496764e-18,2.6298087281225175,6.395419775628368,9.5922023329891,7305,0.1492118239402771,0.048325370997190475,0.2364855408668518,False,0.9557363216296323,1.3982323998496764e-18,-0.9557363216296323,1.462989704108505e-18,0.9557363215776755,,0.41508805751800537,0.9541796445846558,,-41.06604766845703
pos,no_filler,28,15,⟨NEXT⟩,0.36473551392555237, the,0.9420068860054016, a,0.04932690039277077," """,0.006117368582636118, ,0.0021186189260333776, “,0.0002049694157904014,,,,,,,,,,,,,,,,,,,,,,,,,,,,,,,0.00022525667736772448,False,False,True,True,True,True,False,False,True,False,0.9420068860054016,0.9997747540473938,2.0165642593166924e-17,2.6298087281225175,6.320907260246151,7.048978614408765,5681,0.16586123406887054,0.05085039511322975,0.2291536182165146,False,0.9420259057625939,2.0165642593166924e-17,-0.9420259057625939,2.1406675175706182e-17,0.9420259052880886,,0.413502037525177,0.9192869067192078,,-38.382808685302734
pos,no_filler,29,15,⟨NEXT⟩,1.17718505859375, the,0.6460635662078857," """,0.3124731183052063, a,0.027234423905611038, “,0.00893404334783554, ,0.004700176417827606,,,,,,,,,,,,,,,,,,,,,,,,,,,,,,,0.0005946718156337738,False,False,False,False,False,True,False,False,False,False,0.6460635662078857,0.9994053244590759,2.3329340429663788e-17,2.6298087281225175,4.489129676934825,7.907571041964181,4040,0.13959386944770813,0.06416358053684235,0.24201253056526184,False,0.6460782433504224,2.3329340429663788e-17,-0.6460782433504224,3.6109156489427205e-17,0.6460782408579782,,0.36900168657302856,0.9187938570976257,,-37.85996055603027
pos,no_filler,30,15,⟨NEXT⟩,1.0266388654708862, the,0.7322997450828552," """,0.2357218861579895, a,0.018089624121785164, ,0.009361532516777515, “,0.003897185670211911,,,,,,,,,,,,,,,,,,,,,,,,,,,,,,,0.0006300264503806829,False,False,True,False,False,True,False,False,False,False,0.7322997450828552,0.9993699789047241,2.3131685622294242e-17,2.6298087281225175,4.859415891479089,8.046338339500554,1651,0.13638001680374146,0.08517429977655411,0.2481851726770401,False,0.7323290776649519,2.3131685622294242e-17,-0.7323290776649519,3.158646337581418e-17,0.7323290773899855,,0.3819805085659027,0.9014389514923096,,-37.9937629699707
pos,no_filler,31,15,⟨NEXT⟩,0.9927581548690796, the,0.7688944935798645," """,0.19068534672260284, a,0.019302722066640854, ,0.01754859834909439, in,0.0018177058082073927,,,,,,,,,,,,,,,,,,,,,,,,,,,,,,,0.0017511334735900164,False,False,True,False,False,True,False,False,True,False,0.7688944935798645,0.9982488751411438,3.7312023672700584e-16,2.6298087281225175,5.02774528687227,7.115731960514656,806,0.12011867761611938,0.10540943592786789,0.25290578603744507,False,0.7689367450468668,3.7312023672700584e-16,-0.7689367450468665,4.852417817788411e-16,0.7689367447621509,,0.3615097105503082,0.9037837386131287,,-35.2618293762207
pos,no_filler,32,15,⟨NEXT⟩,1.6248375177383423, the,0.4609363377094269," """,0.32047343254089355, ,0.20271152257919312, a,0.009739826433360577, in,0.003232923336327076,,,,,,,,,,,,,,,,,,,,,,,,,,,,,,,0.0029059574007987976,False,False,False,False,False,False,False,False,False,False,0.4609363377094269,0.9970940351486206,6.911955609206581e-16,2.6298087281225175,3.6644983194799847,6.665215151412287,765,0.10262200236320496,0.10885012894868851,0.25547194480895996,False,0.46094535837314016,6.911955609206581e-16,-0.4609453583731395,1.4995173437924297e-15,0.46094535801384073,,0.3339834213256836,0.8931481838226318,,-34.133615493774414
pos,no_filler,33,15,⟨NEXT⟩,1.5438477993011475, ,0.4861152470111847," """,0.3219638466835022, the,0.1848621964454651, a,0.0039000415708869696, in,0.002073573414236307,,,,,,,,,,,,,,,,,,,,,,,,,,,,,,,0.0010850948747247458,False,False,False,False,False,False,False,False,False,False,0.4861152470111847,0.998914897441864,5.194690435184751e-14,2.6298087281225175,3.261722174430623,7.409642055671954,424,0.10640731453895569,0.12660443782806396,0.25256237387657166,False,0.18487271239657874,5.194690435184751e-14,-0.18487271239652678,2.80987406943143e-13,0.1848727106469824,,0.3118613362312317,0.9133369326591492,,-29.867244720458984
pos,no_filler,34,15,⟨NEXT⟩,1.4516794681549072, ,0.5390099287033081," """,0.33747756481170654, the,0.11299899220466614, “,0.004715548828244209, a,0.004220319911837578,,,,,,,,,,,,,,,,,,,,,,,,,,,,,,,0.0015776455402374268,False,False,False,False,False,False,False,False,False,False,0.5390099287033081,0.998422384262085,1.1709705254048242e-11,2.6298087281225175,3.212786918884723,5.888010417689979,157,0.09520219266414642,0.13717246055603027,0.23676720261573792,False,0.11302121387626554,1.1709705254048242e-11,-0.11302121386455584,1.0360625893880105e-10,0.11302120673274674,,0.2978198230266571,0.9093906283378601,,-24.552581787109375
pos,no_filler,35,15,⟨NEXT⟩,1.0457513332366943, ,0.6454514861106873," """,0.3383251428604126, the,0.014306302182376385, a,0.0006901177112013102, in,0.0005267913220450282,,,,,,,,,,,,,,,,,,,,,,,,,,,,,,,0.0007001598132774234,False,False,False,False,False,False,False,False,False,False,0.6454514861106873,0.9992998242378235,4.768590578831111e-13,2.6298087281225175,3.437518024628362,7.041275167511318,230,0.08650626242160797,0.1404259204864502,0.24452202022075653,False,0.014310387003496098,4.768590578831111e-13,-0.014310387003019238,3.332258061532728e-11,0.014310384863430059,,0.27693143486976624,0.9012264013290405,,-27.93375015258789
pos,no_filler,36,15,⟨NEXT⟩,0.49392059445381165, ,0.905955970287323," """,0.08668563514947891, the,0.006376767996698618, a,0.00022983668895903975, “,0.00021023124281782657,,,,,,,,,,,,,,,,,,,,,,,,,,,,,,,0.0005415586347226053,False,False,False,False,False,False,False,False,True,False,0.905955970287323,0.9994584321975708,1.3460151775720325e-13,2.6298087281225175,4.344649459702091,7.523019210496148,354,0.06796499341726303,0.13027262687683105,0.24251988530158997,False,0.006379244371075361,1.3460151775720325e-13,-0.006379244370940759,2.1099912282338377e-11,0.006379243037851978,,0.240049347281456,0.9122781157493591,,-29.53769302368164
pos,no_filler,37,15,⟨NEXT⟩,0.5670026540756226, ,0.8895883560180664," """,0.09818784147500992, the,0.010768773034214973, (,0.0004116781638003886,-,0.0003358776157256216,,,,,,,,,,,,,,,,,,,,,,,,,,,,,,,0.0007074736931826919,False,False,False,False,False,False,False,False,True,False,0.8895883560180664,0.9992925524711609,5.927973633886377e-15,2.6298087281225175,4.264210422171142,7.01444793776853,625,0.06517330557107925,0.12100614607334137,0.25500237941741943,False,0.010773713648281868,5.927973633886377e-15,-0.01077371364827594,5.502256025345666e-13,0.010773712196107788,,0.21133306622505188,0.9116939902305603,,-32.642099380493164
pos,no_filler,38,15,⟨NEXT⟩,0.939420223236084, ,0.738543689250946," """,0.2436899095773697, the,0.01509080734103918, (,0.0014938616659492254,-,0.0002566452312748879,,,,,,,,,,,,,,,,,,,,,,,,,,,,,,,0.000925086933420971,False,False,False,False,False,False,False,False,True,False,0.738543689250946,0.9990749359130859,2.397107339013882e-11,2.6298087281225175,3.6881063779639223,7.45915654878596,134,0.06288133561611176,0.1610441654920578,0.2497086226940155,False,0.015096605409959062,2.397107339013882e-11,-0.015096605385987989,1.5878451579902998e-09,0.015096596795929784,,0.1982138752937317,0.9491527080535889,,-24.151098251342773
pos,no_filler,39,15,⟨NEXT⟩,1.0698556900024414, ,0.624131977558136," """,0.3596208691596985, the,0.013134866021573544, (,0.0017636697739362717, in,0.00045488891191780567,,,,,,,,,,,,,,,,,,,,,,,,,,,,,,,0.0008937285747379065,False,False,False,False,False,False,False,False,False,False,0.624131977558136,0.999106228351593,1.1348022266885818e-13,2.6298087281225175,3.3854829537833107,6.865195201974354,422,0.05691464990377426,0.13806888461112976,0.254958838224411,False,0.013140019363875927,1.1348022266885818e-13,-0.013140019363762447,8.636228828140476e-12,0.013140015777557856,,0.1765473484992981,0.9557883739471436,,-29.33575439453125
pos,no_filler,40,15,⟨NEXT⟩,1.0011554956436157," """,0.6166625022888184, ,0.3792385458946228, (,0.002079941099509597, the,0.0011866438435390592, ',0.00042699911864474416,,,,,,,,,,,,,,,,,,,,,,,,,,,,,,,0.00040536775486543775,False,False,False,False,False,False,False,False,False,False,0.6166625022888184,0.9995946884155273,1.0981075396860815e-13,2.6298087281225175,3.0545274516648613,6.295195166011558,341,0.054800838232040405,0.14157405495643616,0.24716313183307648,False,0.0011873651735421083,1.0981075396860815e-13,-0.0011873651734322975,9.248263628820134e-11,0.0011873621590243744,,0.1529214084148407,0.9651296138763428,,-29.356584548950195
pos,no_filler,41,15,⟨NEXT⟩,1.2537134885787964, ,0.5672522783279419," """,0.39276233315467834, (,0.020965298637747765, the,0.013356687501072884, ',0.0016175832133740187,,,,,,,,,,,,,,,,,,,,,,,,,,,,,,,0.004045819165185094,False,False,False,False,False,False,False,False,False,False,0.5672522783279419,0.9959542155265808,1.1200764621355219e-10,2.6298087281225175,3.2275633242815536,6.085769828264105,337,0.06405982375144958,0.13496418297290802,0.22686553001403809,False,0.013363888800046297,1.1200764621355219e-10,-0.013363888688038651,8.38136559710064e-09,0.013363534016349377,,0.12379336357116699,0.9871009588241577,,-22.345502853393555
pos,no_filler,42,15,⟨NEXT⟩,0.0023428360000252724, Berlin,0.9998400211334229," """,0.00014701698091812432, ,5.821198101330083e-06, “,3.4300912830076413e-06,:,1.8046099512503133e-06,,,,,,,,,,,,,,,,,,,,,,,,,,,,,,,1.9059863234360819e-06,False,False,False,False,False,False,False,False,True,True,0.9998400211334229,0.999998152256012,0.9998400211334229,2.6298087281225175,0.6030516188099482,1.1366372951532722,1,0.9994459748268127,0.16526377201080322,0.10185529291629791,True,2.821514255023269e-07,0.9998400211334229,0.9998397389819973,3531114.2063284656,2.813622281827577e-07,,0.18996009230613708,0.6925203800201416,8.82480239868164,
ctl,orig,0,16,⟨NEXT⟩,1.6721300198696554e-05, simply,0.9999992847442627,simply,7.727312549832277e-07, Simply,3.093549288263331e-12,Simply,3.085040686454099e-12, simplemente,1.8352142736989752e-16,,,,,,,,,,,,,,,,,,,,,,,,,,,,,,,0.0,True,True,True,True,True,True,False,False,True,False,0.9999992847442627,1.0,0.0,2.866547146601445,14.541450954389266,15.402617618262797,1468,0.0012380203697830439,0.10910274088382721,0.9294598698616028,False,0.9999992847442627,0.0,-0.9999992847442627,0.0,0.9999992847442627,0.0,0.7571781277656555,0.929459810256958,,-108.96305274963379
ctl,orig,1,16,⟨NEXT⟩,7.660734269165914e-08, simply,1.0,simply,2.6908777428502617e-09,Simply,1.4803523350758482e-16, Simply,2.1091547211828156e-17, simplemente,7.244209505637167e-21,,,,,,,,,,,,,,,,,,,,,,,,,,,,,,,0.0,True,True,True,True,True,True,False,False,True,False,1.0,1.0,0.0,2.866547146601445,14.541453706111678,14.772521340643706,17,0.1803242266178131,-0.008425884880125523,0.8446260690689087,False,1.0,0.0,-1.0,0.0,1.0,0.0,1.3992855548858643,0.9841592311859131,,-182.34696197509766
ctl,orig,2,16,⟨NEXT⟩,3.727882358361967e-05, simply,0.9999982118606567,simply,1.8197731606051093e-06,Simply,6.268419214684046e-14, Simply,5.553615140869604e-15, simplemente,1.339705597500005e-19,,,,,,,,,,,,,,,,,,,,,,,,,,,,,,,0.0,True,True,True,True,True,True,False,False,True,False,0.9999982118606567,1.0,0.0,2.866547146601445,14.541450954389266,15.471972029980336,21,0.08654850721359253,0.0006101648323237896,0.7724910974502563,False,0.9999982118606567,0.0,-0.9999982118606567,0.0,0.9999982118606567,0.0,1.4799513816833496,0.9647420644760132,,-174.50363558530807
ctl,orig,3,16,⟨NEXT⟩,0.0004926311667077243, simply,0.9999700784683228,simply,2.9900586014264263e-05,Simply,1.500501944917687e-09, Simply,1.0550023077371407e-09, simplemente,2.393795238257463e-14,,,,,,,,,,,,,,,,,,,,,,,,,,,,,,,1.8390134748358378e-08,True,True,True,True,True,True,False,False,True,False,0.9999700784683228,1.0,0.0,2.866547146601445,14.541521123310817,16.492072677030414,2260,0.2348947823047638,-0.015323536470532417,0.626875638961792,False,0.9999700784683228,0.0,-0.9999700784683228,0.0,0.9999700784683228,0.0,1.0536011457443237,0.9721857905387878,,-111.2989091873169
ctl,orig,4,16,⟨NEXT⟩,0.002415079390630126, simply,0.9998268485069275,simply,0.00017316329467575997, Simply,3.133662573873153e-08,Simply,2.7784114564610718e-08, simplemente,1.875579552779172e-12,,,,,,,,,,,,,,,,,,,,,,,,,,,,,,,0.0,True,True,True,True,True,True,False,False,True,False,0.9998268485069275,1.0,2.1019476964872256e-44,2.866547146601445,14.54227922283582,17.418362979410258,106694,0.20170839130878448,-0.01910448633134365,0.5669777393341064,False,0.9998268485069275,2.1019476964872256e-44,-0.9998268485069275,2.1023117127968885e-44,0.9998268485069275,-4.28797330083394e-43,1.0694968700408936,0.9670534133911133,,-100.56485366821289
ctl,orig,5,16,⟨NEXT⟩,0.0027632787823677063, simply,0.9997994303703308,simply,0.00019973810412921011,Simply,4.861329898631084e-07, Simply,4.26299550326803e-07, simplemente,7.739930251620189e-14,,,,,,,,,,,,,,,,,,,,,,,,,,,,,,,0.0,True,True,True,True,True,True,False,False,True,False,0.9997994303703308,1.0000001192092896,1.0229478789571165e-43,2.866547146601445,14.542448453764269,17.940594490130607,123637,0.22572061419487,-0.028898796066641808,0.4350658655166626,False,0.9997994303703308,1.0229478789571165e-43,-0.9997994303703308,1.0231530913705946e-43,0.9997994303703308,-2.6932956484322984e-42,1.3458616733551025,0.9722521305084229,,-98.98555946350098
ctl,orig,6,16,⟨NEXT⟩,0.13098526000976562, simply,0.982635498046875,simply,0.01669185422360897,Simply,0.0005290589760988951, Simply,0.00014357462350744754, simplemente,1.2127170379017116e-08,,,,,,,,,,,,,,,,,,,,,,,,,,,,,,,2.002739307727097e-09,True,True,True,True,True,True,False,False,True,False,0.982635498046875,1.0,5.384439330721189e-31,2.866547146601445,14.739617619880635,21.88625761447775,142795,0.1785462200641632,-0.026884932070970535,0.3735865652561188,False,0.982635498046875,5.384439330721189e-31,-0.982635498046875,5.479589670782221e-31,0.982635498046875,-2.2112491869871846e-29,0.9400112628936768,0.9861195683479309,,-69.67910575866699
ctl,orig,7,16,⟨NEXT⟩,0.034256093204021454, simply,0.9966529011726379,simply,0.0030015117954462767,Simply,0.0002379322686465457, Simply,0.00010759195720311254, просто,7.601156370995454e-10,,,,,,,,,,,,,,,,,,,,,,,,,,,,,,,6.204595048853179e-08,True,True,True,True,True,True,False,False,True,False,0.9966529011726379,0.9999999403953552,3.60157363159739e-33,2.866547146601445,14.571612583766981,20.97200334593589,110909,0.2096068561077118,-0.025217022746801376,0.30899202823638916,False,0.9966529011726379,3.60157363159739e-33,-0.9966529011726379,3.613668935038664e-33,0.9966529011726379,-4.604476729656806e-31,1.146701455116272,0.9818710088729858,,-74.70058345794678
ctl,orig,8,16,⟨NEXT⟩,0.10353771597146988, simply,0.9890110492706299,simply,0.004947774112224579,Simply,0.004233024548739195, Simply,0.0018059232970699668, simplemente,1.2896414318674942e-06,,,,,,,,,,,,,,,,,,,,,,,,,,,,,,,9.391299045091728e-07,True,True,True,True,True,True,False,False,True,False,0.9890110492706299,0.9999990463256836,3.635679420788529e-22,2.866547146601445,14.675869842581223,23.082432723619963,149306,0.1743178516626358,-0.04187054932117462,0.26238131523132324,False,0.9890110492709514,3.635679420788529e-22,-0.9890110492709514,3.676075631098855e-22,0.9890110492706299,-9.803705593451781e-21,0.7677485346794128,0.9623152613639832,,-49.35502815246582
ctl,orig,9,16,⟨NEXT⟩,0.10469495505094528, simply,0.9884427189826965,simply,0.007078235968947411,Simply,0.003890675026923418, Simply,0.0005759152118116617, simple,1.020349736791104e-05,,,,,,,,,,,,,,,,,,,,,,,,,,,,,,,2.2513122530654073e-06,True,True,True,True,True,True,False,False,True,False,0.9884427189826965,0.9999977350234985,6.326909006753133e-25,2.866547146601445,14.68592326042006,22.968966825747923,171983,0.1753145307302475,-0.03591832146048546,0.24024896323680878,False,0.9884427189831086,6.326909006753133e-25,-0.9884427189831086,6.40088583672431e-25,0.9884427189826965,-1.5014206672227597e-22,0.9124528169631958,0.966595470905304,,-55.70819091796875
ctl,orig,10,16,⟨NEXT⟩,0.3041732907295227, simply,0.9586615562438965,simply,0.0212501622736454,Simply,0.016942817717790604, Simply,0.0029003771487623453, simplemente,9.293029870605096e-05,,,,,,,,,,,,,,,,,,,,,,,,,,,,,,,0.0001521563171991147,True,True,True,True,True,True,False,False,True,False,0.9586615562438965,0.9998478293418884,6.505895071177471e-20,2.866547146601445,15.152930454017756,23.582814182513495,165243,0.14070717990398407,-0.047831904143095016,0.20482492446899414,False,0.9586615573509517,6.505895071177471e-20,-0.9586615573509517,6.786435749409449e-20,0.9586615562438965,-1.2593726850453699e-17,0.7372164130210876,0.9681766629219055,,-44.136775970458984
ctl,orig,11,16,⟨NEXT⟩,0.3246443271636963, simply,0.9545229077339172,simply,0.03208361938595772,Simply,0.0068311262875795364, Simply,0.005960498936474323, simplemente,0.00020377275359351188,,,,,,,,,,,,,,,,,,,,,,,,,,,,,,,0.0003980749024776742,True,True,True,True,True,True,False,False,True,False,0.9545229077339172,0.9996019601821899,1.5848852914819609e-18,2.866547146601445,15.109856367213261,23.57009021807206,141072,0.14668810367584229,-0.03721172735095024,0.1884917914867401,False,0.9545229184602467,1.5848852914819609e-18,-0.9545229184602467,1.660395218564437e-18,0.9545229180800203,-9.555227738193487e-17,0.7551652193069458,0.965998113155365,,-40.93947458267212
ctl,orig,12,16,⟨NEXT⟩,0.10937678068876266, simply,0.9881205558776855,simply,0.006227595265954733,Simply,0.00470844516530633, Simply,0.0008308457909151912, simple,2.8237160222488455e-05,,,,,,,,,,,,,,,,,,,,,,,,,,,,,,,8.432073991571087e-05,True,True,True,True,True,True,False,False,True,False,0.9881205558776855,0.9999157190322876,7.234909378300914e-21,2.866547146601445,14.693786307217506,22.946629719053863,158980,0.16484740376472473,-0.04475798457860947,0.1793379932641983,False,0.9881205574928774,7.234909378300914e-21,-0.9881205574928774,7.32188933437019e-21,0.9881205574687519,-2.7517567474160216e-18,0.8020654320716858,0.9587286114692688,,-46.36341667175293
ctl,orig,13,16,⟨NEXT⟩,0.13952772319316864, simply,0.9838266968727112,simply,0.010760541073977947,Simply,0.004100382328033447, Simply,0.0011875394266098738, simple,3.4034717828035355e-05,,,,,,,,,,,,,,,,,,,,,,,,,,,,,,,9.080558083951473e-05,True,True,True,True,True,True,False,False,True,False,0.9838266968727112,0.9999092221260071,6.639847924092484e-20,2.866547146601445,14.737315804081486,22.878457172113052,157830,0.17627175152301788,-0.04435351863503456,0.16289570927619934,False,0.9838267068580004,6.639847924092484e-20,-0.9838267068580004,6.749001496969768e-20,0.9838267065177417,-3.3253597955975054e-17,0.7728885412216187,0.9378861784934998,,-44.14230728149414
ctl,orig,14,16,⟨NEXT⟩,0.18657977879047394, simply,0.9820095896720886,simply,0.004866416100412607,"

",0.0038646452594548464,Simply,0.0026444876566529274,simple,0.002247744472697377,,,,,,,,,,,,,,,,,,,,,,,,,,,,,,,0.004367116838693619,True,True,True,True,True,True,False,False,True,False,0.9820095896720886,0.9956328868865967,3.056113847231534e-14,2.866547146601445,14.611187855522324,21.923749832365843,105292,0.1644580364227295,-0.03547344729304314,0.1310814917087555,False,0.9820111851286929,3.056113847231534e-14,-0.9820111851286624,3.1120967769006955e-14,0.9820095896720886,-1.5120095117355375e-12,0.6364391446113586,0.9575741291046143,,-31.10089349746704
ctl,orig,15,16,⟨NEXT⟩,0.8313313722610474, simply,0.8986707329750061,SIMPLE,0.024253258481621742,simply,0.016525978222489357,simple,0.014924567192792892,"

",0.010117747820913792,,,,,,,,,,,,,,,,,,,,,,,,,,,,,,,0.03550771530717611,False,False,True,True,False,True,False,False,True,False,0.8986707329750061,0.9644923210144043,4.974244215312507e-13,2.866547146601445,15.539299798140108,23.89539058666484,112783,0.14705383777618408,-0.024640701711177826,0.11100523173809052,False,0.8986886933803229,4.974244215312507e-13,-0.8986886933798255,5.535002550290701e-13,0.8986707329750061,-3.0497452382493434e-11,0.7244373559951782,0.9608597755432129,,-28.22249460220337
ctl,orig,16,16,⟨NEXT⟩,3.768625497817993, simply,0.2911699414253235,a,0.1698000282049179,"

",0.1694166660308838,"
",0.10200557112693787,by,0.027410292997956276,,,,,,,,,,,,,,,,,,,,,,,,,,,,,,,0.24019750021398067,False,False,False,False,False,False,False,False,False,False,0.2911699414253235,0.7598024606704712,2.2979315672522205e-10,2.866547146601445,14.319210845360724,22.710735563408022,55942,0.17610865831375122,-0.019891813397407532,0.09560772776603699,False,0.29141048743049897,2.2979315672522205e-10,-0.29141048720070584,7.885548593767496e-10,0.2911699414253235,-2.9863717332379025e-09,0.5285691618919373,0.9454381465911865,,-20.9599928855896
ctl,orig,17,16,⟨NEXT⟩,3.701436758041382, simply,0.600958526134491,a,0.0303658414632082,simply,0.0289822556078434,app,0.025554392486810684,Simply,0.02218172326683998,,,,,,,,,,,,,,,,,,,,,,,,,,,,,,,0.29195726104080677,False,False,False,False,False,True,False,False,False,False,0.600958526134491,0.7080428004264832,1.1215630202343618e-08,2.866547146601445,17.25387877212507,23.191164283079054,43477,0.18860942125320435,-0.0032196007668972015,0.0939459502696991,False,0.6015830350143858,1.1215630202343618e-08,-0.6015830237987556,1.8643528043359613e-08,0.600958526134491,-7.479781327646151e-08,0.5342437624931335,0.9367942214012146,,-17.79672884941101
ctl,orig,18,16,⟨NEXT⟩,3.99025297164917, simply,0.5128189325332642,Simply,0.047283727675676346,simple,0.040319982916116714,a,0.03790538012981415,SIMPLE,0.03680760785937309,,,,,,,,,,,,,,,,,,,,,,,,,,,,,,,0.32486436888575554,False,False,False,False,False,True,False,False,False,False,0.5128189325332642,0.675135612487793,8.219570801770715e-09,2.866547146601445,19.388520555328213,23.27482214790355,31336,0.20741137862205505,0.004412027075886726,0.0945737212896347,False,0.5138455433094209,8.219570801770715e-09,-0.5138455350898501,1.59961896970759e-08,0.5128189325332642,6.10240746823365e-10,0.5735278725624084,0.9430832266807556,,-17.94891607761383
ctl,orig,19,16,⟨NEXT⟩,1.5957504510879517, simply,0.7666988968849182,Simply,0.08065886795520782,SIMPLE,0.05476139485836029, simple,0.03264151141047478,simple,0.013954603113234043,,,,,,,,,,,,,,,,,,,,,,,,,,,,,,,0.05128472577780485,False,False,True,False,False,True,False,False,False,False,0.7666988968849182,0.9487152695655823,1.8239020294075203e-09,2.866547146601445,18.088086811510554,23.280518213300127,24333,0.19586098194122314,0.00494416244328022,0.10474501550197601,False,0.7669862958170132,1.8239020294075203e-09,-0.7669862939931111,2.3780112330255426e-09,0.7669076971651521,-9.73303770912537e-10,0.5119101405143738,0.9579277634620667,,-19.856625974178314
ctl,orig,20,16,⟨NEXT⟩,3.4195430278778076, simply,0.5334101319313049,Simply,0.10690506547689438,a,0.10295697301626205,SIMPLE,0.03647014871239662,simply,0.02458757907152176,,,,,,,,,,,,,,,,,,,,,,,,,,,,,,,0.19567010179162025,False,False,False,False,False,True,False,False,False,False,0.5334101319313049,0.8043298721313477,4.344318682569792e-08,2.866547146601445,19.961753865127232,24.414629599260177,15253,0.15760642290115356,0.019021540880203247,0.09820593893527985,False,0.5367586483408537,4.344318682569792e-08,-0.5367586048976669,8.093616540515312e-08,0.5361800226382911,3.578119311953287e-08,0.5375538468360901,0.9520298838615417,,-16.323347330093384
ctl,orig,21,16,⟨NEXT⟩,2.6243438720703125, simply,0.6873472332954407,a,0.06546449661254883,Simply,0.05211862921714783,i,0.030907433480024338, ,0.020855775102972984,,,,,,,,,,,,,,,,,,,,,,,,,,,,,,,0.14330643229186535,False,False,False,False,False,True,False,False,False,False,0.6873472332954407,0.8566935658454895,6.172658117975516e-08,2.866547146601445,15.88233914527348,22.40750400857396,10481,0.2144937962293625,0.022237544879317284,0.10655789077281952,False,0.697108897372317,6.172658117975516e-08,-0.6971088356457358,8.854654032372971e-08,0.6964527943637222,5.353951326725337e-08,0.46424850821495056,0.9489161968231201,,-16.225635528564453
ctl,orig,22,16,⟨NEXT⟩,2.5602192878723145, simply,0.6479129195213318,a,0.08141383528709412, the,0.04275568574666977, ,0.03967785835266113, a,0.03609231859445572,,,,,,,,,,,,,,,,,,,,,,,,,,,,,,,0.15214738249778748,False,False,False,False,False,True,False,False,False,False,0.6479129195213318,0.8478526473045349,1.040334307589319e-08,2.866547146601445,13.538212862290985,23.02227044062574,9850,0.1955661028623581,0.025785818696022034,0.10791212320327759,False,0.6920446630128305,1.040334307589319e-08,-0.6920446526094874,1.5032762503462222e-08,0.6916904936369974,1.0064633654272015e-08,0.5080968141555786,0.965267539024353,,-17.947138786315918
ctl,orig,23,16,⟨NEXT⟩,3.208439826965332, simply,0.4167545735836029, ,0.14055712521076202, the,0.12974390387535095, “,0.0895378515124321, a,0.033535607159137726,,,,,,,,,,,,,,,,,,,,,,,,,,,,,,,0.1898709386587143,False,False,False,False,False,False,False,False,False,False,0.4167545735836029,0.8101290464401245,3.597545727984652e-08,2.866547146601445,8.366649147426502,18.61739987986283,3849,0.2683870196342468,0.03377842530608177,0.11750428378582001,False,0.553993961448608,3.597545727984652e-08,-0.5539939254731507,6.493835622474647e-08,0.5537029116239864,3.46852072619086e-08,0.42445048689842224,0.9371256828308105,,-16.265172004699707
ctl,orig,24,16,⟨NEXT⟩,1.2082128524780273, simply,0.7989214658737183, the,0.08080518245697021, ,0.07437238097190857, a,0.013504235073924065, “,0.005799442529678345,,,,,,,,,,,,,,,,,,,,,,,,,,,,,,,0.026597293093800545,False,False,True,False,False,True,False,False,False,False,0.7989214658737183,0.9734026789665222,3.5513755825000715e-10,2.866547146601445,11.993333985426581,18.19709354321102,5518,0.29159292578697205,0.03681912273168564,0.14018966257572174,False,0.8810205147420235,3.5513755825000715e-10,-0.8810205143868859,4.030979436964632e-10,0.8809721221623477,3.370635315996795e-10,0.4024064540863037,0.9437932372093201,,-21.53402328491211
ctl,orig,25,16,⟨NEXT⟩,2.15096378326416, the,0.5997524261474609, simply,0.1625305861234665, ,0.08548293262720108," """,0.04258577525615692, a,0.023310169577598572,,,,,,,,,,,,,,,,,,,,,,,,,,,,,,,0.086338110268116,False,False,False,False,False,True,False,False,False,False,0.5997524261474609,0.9136619567871094,9.66396851431739e-10,2.866547146601445,7.198119217514579,18.114519857017562,3896,0.30776771903038025,0.042246028780937195,0.13334032893180847,False,0.7723617004742499,9.66396851431739e-10,-0.772361699507853,1.251223163431231e-09,0.7722590983612463,8.916141921999632e-10,0.4181942045688629,0.9594029784202576,,-20.246209144592285
ctl,orig,26,16,⟨NEXT⟩,2.5600051879882812, the,0.3723911941051483, ,0.2184661626815796," """,0.16203472018241882, a,0.10090368241071701, “,0.07246889919042587,,,,,,,,,,,,,,,,,,,,,,,,,,,,,,,0.07373534142971039,False,False,False,False,False,False,False,False,False,False,0.3723911941051483,0.9262647032737732,1.575911449946954e-11,2.866547146601445,4.206384351506237,13.641120401261254,2066,0.30172598361968994,0.050904564559459686,0.15669547021389008,False,0.389133829190727,1.575911449946954e-11,-0.38913382917496786,4.049792970132021e-11,0.38912816006541107,1.5677832072662472e-11,0.3946416974067688,0.9459272623062134,,-23.885791778564453
ctl,orig,27,16,⟨NEXT⟩,2.0455338954925537, the,0.5789230465888977," """,0.18091344833374023,",",0.05895937979221344, ,0.05324646830558777, “,0.050415053963661194,,,,,,,,,,,,,,,,,,,,,,,,,,,,,,,0.07754260301589966,False,False,False,False,False,True,False,False,False,False,0.5789230465888977,0.9224573373794556,6.633130459829384e-13,2.866547146601445,4.799389130813745,14.12258239269867,2264,0.3049476742744446,0.05756699666380882,0.18398302793502808,False,0.5790292841348212,6.633130459829384e-13,-0.5790292841341579,1.1455604457527439e-12,0.5790289867318279,6.568603782133918e-13,0.35196125507354736,0.9546747803688049,,-27.494943618774414
ctl,orig,28,16,⟨NEXT⟩,1.1234009265899658," """,0.7440088391304016, “,0.20064640045166016, simply,0.024985890835523605, ',0.01843152567744255, the,0.004423363134264946,,,,,,,,,,,,,,,,,,,,,,,,,,,,,,,0.00750398077070713,False,False,False,False,False,False,False,False,False,False,0.7440088391304016,0.9924960732460022,3.0550902519604906e-12,2.866547146601445,1.4541814181747887,9.878268643405848,856,0.3156318664550781,0.06730342656373978,0.17310646176338196,False,0.02942169137107274,3.0550902519604906e-12,-0.029421691368017647,1.038380190177041e-10,0.02942166875648411,3.0537263183218446e-12,0.37490954995155334,0.9217333793640137,,-26.21850872039795
ctl,orig,29,16,⟨NEXT⟩,0.3466653525829315," """,0.9360112547874451, “,0.06361526250839233, ',0.0003270123270340264,",",2.147471604985185e-05, ,1.9920276827178895e-05,,,,,,,,,,,,,,,,,,,,,,,,,,,,,,,5.075384251540527e-06,False,False,False,False,False,False,False,False,True,False,0.9360112547874451,0.9999948740005493,4.754196086102395e-17,2.866547146601445,1.5403385348816248,6.9686812905821265,1459,0.3073057532310486,0.06286662071943283,0.17615270614624023,False,1.9184152851441324e-06,4.754196086102395e-17,-1.9184152850965905e-06,2.4768981068864384e-11,1.918404925565359e-06,4.7442882240002205e-17,0.3300091624259949,0.9194297790527344,,-37.5187931060791
ctl,orig,30,16,⟨NEXT⟩,0.16568486392498016," """,0.9760244488716125, “,0.023715708404779434, ',0.00016366326599381864,",",4.793805055669509e-05, ,3.531482070684433e-05,,,,,,,,,,,,,,,,,,,,,,,,,,,,,,,1.2926586350658908e-05,False,False,False,False,False,False,False,False,True,False,0.9760244488716125,0.9999870657920837,2.3999105262925524e-17,2.866547146601445,1.6438497329564234,8.494323563982222,971,0.306149959564209,0.07157570123672485,0.1838895082473755,False,6.2731433539572024e-06,2.3999105262925524e-17,-6.2731433539332035e-06,3.8250807973313055e-12,6.273134780791778e-06,2.3980681709864614e-17,0.3528505265712738,0.8986053466796875,,-38.24424934387207
ctl,orig,31,16,⟨NEXT⟩,0.043926361948251724," """,0.9953336119651794, “,0.0045424895361065865, ',5.0179558456875384e-05,",",3.6069155612494797e-05, ,2.0666995624196716e-05,,,,,,,,,,,,,,,,,,,,,,,,,,,,,,,1.6982789020403288e-05,False,False,False,False,False,False,False,False,True,False,0.9953336119651794,0.999983012676239,6.940143773812796e-18,2.866547146601445,1.7281530486696093,6.061144664382964,684,0.302720308303833,0.08312554657459259,0.1975683569908142,False,7.1173593599358845e-06,6.940143773812796e-18,-7.117359359928945e-06,9.7496395206933e-13,7.117358902633585e-06,6.936388553161977e-18,0.3524860143661499,0.9034137725830078,,-39.504533767700195
ctl,orig,32,16,⟨NEXT⟩,0.051281630992889404," """,0.9948780536651611, “,0.004283370915800333,",",0.00038399972254410386, ',0.00017262791516259313, ,0.00015810078184586018,,,,,,,,,,,,,,,,,,,,,,,,,,,,,,,0.000123846999485977,False,False,False,False,False,False,False,False,True,False,0.9948780536651611,0.999876081943512,3.783481108425696e-18,2.866547146601445,1.7227182249196937,5.7779807331821775,853,0.29829418659210205,0.08035688102245331,0.20743274688720703,False,2.2667034004650622e-05,3.783481108425696e-18,-2.2667034004646838e-05,1.6690821566834905e-13,2.266703365055205e-05,3.7810376423417115e-18,0.3191089332103729,0.8872109055519104,,-40.11075210571289
ctl,orig,33,16,⟨NEXT⟩,0.03169993683695793," """,0.9972739815711975, “,0.0016800790326669812, ,0.0005545027670450509,",",0.00022863599588163197, and,0.00013584113912656903,,,,,,,,,,,,,,,,,,,,,,,,,,,,,,,0.00012695949408225715,False,False,False,False,False,False,False,False,True,False,0.9972739815711975,0.9998730421066284,4.220774969986631e-16,2.866547146601445,1.738317395318252,7.163966214775638,477,0.3021635413169861,0.09939032793045044,0.21308645606040955,False,4.316599525579923e-05,4.220774969986631e-16,-4.316599525537715e-05,9.777782643835036e-12,4.3165991234299025e-05,4.219035585709794e-16,0.2855274975299835,0.9039134979248047,,-35.39861488342285
ctl,orig,34,16,⟨NEXT⟩,0.06150477007031441," """,0.9935531616210938, “,0.005536198150366545, ',0.0005335838650353253, ,0.0001681572903180495,",",0.0001290595973841846,,,,,,,,,,,,,,,,,,,,,,,,,,,,,,,7.98394758021459e-05,False,False,False,False,False,False,False,False,True,False,0.9935531616210938,0.999920129776001,1.1338740141036627e-13,2.866547146601445,1.714954412111794,4.8115847645517285,161,0.29893040657043457,0.11750476062297821,0.2014489471912384,False,1.3346322862611687e-05,1.1338740141036627e-13,-1.3346322749224286e-05,8.495141878075437e-09,1.3346315255220384e-05,1.1338430641029323e-13,0.2604086995124817,0.89287269115448,,-29.801498413085938
ctl,orig,35,16,⟨NEXT⟩,0.014117270708084106," """,0.9989281296730042, “,0.0006054198020137846, ',0.00015984181663952768,",",0.0001292489469051361, ,0.00011605307372519746,,,,,,,,,,,,,,,,,,,,,,,,,,,,,,,6.130668771220371e-05,False,False,False,False,False,False,False,False,True,False,0.9989281296730042,0.9999386668205261,4.6361220120078386e-14,2.866547146601445,1.7515039930905072,7.362011804480801,147,0.29668354988098145,0.12768971920013428,0.20924074947834015,False,4.7521222629726245e-06,4.6361220120078386e-14,-4.752122216611404e-06,9.753845484101616e-09,4.75212122424528e-06,4.6360271616678595e-14,0.2429952770471573,0.8808805346488953,,-30.70124053955078
ctl,orig,36,16,⟨NEXT⟩,0.039040133357048035," """,0.9966499209403992, “,0.0015254340833052993, ,0.0009509722585789859,",",0.00031132553704082966, and,0.00029380287742242217,,,,,,,,,,,,,,,,,,,,,,,,,,,,,,,0.00026854430325329304,False,False,False,False,False,False,False,False,True,False,0.9966499209403992,0.9997314810752869,4.718390256416502e-14,2.866547146601445,1.7335761775992662,6.664961992950217,155,0.2922845184803009,0.13278819620609283,0.22084373235702515,False,1.2479147823984733e-05,4.718390256416502e-14,-1.247914777680083e-05,3.780716641311374e-09,1.2479146238704442e-05,4.7183689155922604e-14,0.22971594333648682,0.9004382491111755,,-30.681367874145508
ctl,orig,37,16,⟨NEXT⟩,0.045668825507164," """,0.996095597743988,",",0.0011521178530529141, ,0.001131766359321773, “,0.0008036423823796213, and,0.0004229311889503151,,,,,,,,,,,,,,,,,,,,,,,,,,,,,,,0.0003939444723073393,False,False,False,False,False,False,False,False,True,False,0.996095597743988,0.9996060729026794,2.3468936687152768e-14,2.866547146601445,1.7296762990083012,6.8364658441130235,214,0.2938263416290283,0.1341220736503601,0.2317691296339035,False,2.2205443927335845e-05,2.3468936687152768e-14,-2.2205443903866907e-05,1.056852540818695e-09,2.2205431553561084e-05,2.3468861445557017e-14,0.19663113355636597,0.900635838508606,,-31.379186630249023
ctl,orig,38,16,⟨NEXT⟩,0.013201131485402584," """,0.9990236759185791, “,0.0003401816647965461,",",0.00030456369859166443, ,0.00019205293210688978, ',0.00010099767678184435,,,,,,,,,,,,,,,,,,,,,,,,,,,,,,,3.852810914395377e-05,False,False,False,False,False,False,False,False,True,False,0.9990236759185791,0.9999614357948303,1.6195951524355934e-10,2.866547146601445,1.752300272764002,5.477114627728082,24,0.293392539024353,0.19604530930519104,0.23099558055400848,False,2.789838610392664e-06,1.6195951524355934e-10,-2.7896766508774206e-06,5.803256219848987e-05,2.7898354990636004e-06,1.6195951520053077e-10,0.19659464061260223,0.9408212304115295,,-22.54269790649414
ctl,orig,39,16,⟨NEXT⟩,0.023530950769782066," """,0.9981532692909241, ,0.000597669743001461, and,0.000537436397280544,",",0.00036704124067910016, “,0.0001608256425242871,,,,,,,,,,,,,,,,,,,,,,,,,,,,,,,0.0001837576855905354,False,False,False,False,False,False,False,False,True,False,0.9981532692909241,0.9998162388801575,6.664609185705328e-13,2.866547146601445,1.7468704365109613,5.144269724207254,74,0.29234689474105835,0.17124763131141663,0.23759719729423523,False,5.157066223133423e-06,6.664609185705328e-13,-5.1570655566725045e-06,1.292075149368034e-07,5.157063489562123e-06,6.664609179890738e-13,0.18355266749858856,0.9489917159080505,,-28.03494644165039
ctl,orig,40,16,⟨NEXT⟩,0.011697824113070965," """,0.9991534948348999, ,0.00032307676156051457,",",0.00025691688642837107, “,9.793217031983659e-05, ',9.090751700568944e-05,,,,,,,,,,,,,,,,,,,,,,,,,,,,,,,7.767182978568599e-05,False,False,False,False,False,False,False,False,True,False,0.9991534948348999,0.9999222755432129,7.430795074311186e-14,2.866547146601445,1.7538928321109915,4.5504050316454325,102,0.29318058490753174,0.16654852032661438,0.22922301292419434,False,2.1438550127145393e-07,7.430795074311186e-14,-2.143854269635032e-07,3.4499978087875245e-07,2.143818905522843e-07,7.430795059308735e-14,0.15937459468841553,0.9607913494110107,,-30.229711532592773
ctl,orig,41,16,⟨NEXT⟩,0.07835809886455536," """,0.9926615953445435, ,0.0035331135150045156,",",0.0013488323893398046, ',0.0011705455835908651, and,0.0005534752272069454,,,,,,,,,,,,,,,,,,,,,,,,,,,,,,,0.0007324379403144121,False,False,False,False,False,False,False,False,True,False,0.9926615953445435,0.999267578125,2.8208515523431288e-09,2.866547146601445,1.7112392428878556,5.165998356282563,50,0.3057088851928711,0.17466580867767334,0.21385815739631653,False,3.1577512347457624e-05,2.8208515523431288e-09,-3.157469149590528e-05,8.9328196379404e-05,3.1577058524412394e-05,2.820851547235903e-09,0.12666094303131104,0.9871071577072144,,-19.678861618041992
ctl,orig,42,16,⟨NEXT⟩,0.5649471879005432, Paris,0.8677237033843994," """,0.13217629492282867, “,7.665130397072062e-05,",",1.0685337656468619e-05, ',8.742103091208264e-06,,,,,,,,,,,,,,,,,,,,,,,,,,,,,,,3.922948053514119e-06,False,False,False,False,False,False,False,False,True,True,0.8677237033843994,0.9999960660934448,0.8677237033843994,2.866547146601445,0.8818386345419392,0.36888700669250785,1,0.999290943145752,0.16734346747398376,0.10752163082361221,True,3.2183367955606905e-09,0.8677237033843994,0.8677237001660626,205702803.1279005,3.2138588890867625e-09,0.8677237033843427,0.22706402838230133,0.7593269348144531,1.8817367553710938,
