prompt_id,prompt_variant,layer,pos,token,entropy,top1,prob1,top2,prob2,top3,prob3,top4,prob4,top5,prob5,top6,prob6,top7,prob7,top8,prob8,top9,prob9,top10,prob10,top11,prob11,top12,prob12,top13,prob13,top14,prob14,top15,prob15,top16,prob16,top17,prob17,top18,prob18,top19,prob19,top20,prob20,rest_mass,copy_collapse,entropy_collapse,is_answer,p_top1,p_top5,p_answer,kl_to_final_bits,answer_rank,cos_to_final,control_margin
pos,orig,0,16,⟨NEXT⟩,16.968050003051758, winding,9.172249519906472e-06, affirmative,9.151081030722708e-06,¨¨,8.990994501800742e-06,ucci,8.937382517615333e-06,treeview,8.89697275852086e-06,,,,,,,,,,,,,,,,,,,,,,,,,,,,,,,0.9999548513196714,False,False,False,9.172249519906472e-06,4.514868123806082e-05,7.510596788051771e-06,10.502342088591721,115765,0.004293019417673349,
pos,orig,1,16,⟨NEXT⟩,16.96009063720703,cepts,1.3177843356970698e-05,こんに,1.3040590602031443e-05,мати,1.2840013368986547e-05,شته,1.2760877325490583e-05,adt,1.2712529496639036e-05,,,,,,,,,,,,,,,,,,,,,,,,,,,,,,,0.9999354681458499,False,False,False,1.3177843356970698e-05,6.453185778809711e-05,9.192486686515622e-06,10.507453412975364,7516,-0.016157252714037895,
pos,orig,2,16,⟨NEXT⟩,16.96335792541504,улю,1.195540426124353e-05,cepts,1.1777235158660915e-05,мати,1.164008972409647e-05,Як,1.1512352102727164e-05,شته,1.1506637747515924e-05,,,,,,,,,,,,,,,,,,,,,,,,,,,,,,,0.9999416082810058,False,False,False,1.195540426124353e-05,5.83917171752546e-05,8.942381100496277e-06,10.517300451633165,6551,0.014378214254975319,
pos,orig,3,16,⟨NEXT⟩,16.962560653686523,zier,1.2383183275233023e-05,alls,1.2257809430593625e-05,rella,1.1747105418180581e-05,erton,1.1744617950171232e-05,ォ,1.1719745089067146e-05,,,,,,,,,,,,,,,,,,,,,,,,,,,,,,,0.9999401475388368,False,False,False,1.2383183275233023e-05,5.985246389172971e-05,9.261398190574255e-06,10.513064174977112,3648,-0.005377413704991341,
pos,orig,4,16,⟨NEXT⟩,16.958608627319336,alls,1.4593974810850341e-05,erton,1.4010043742018752e-05, unh,1.3449312973534688e-05, Hem,1.342588075203821e-05,zier,1.3209707503847312e-05,,,,,,,,,,,,,,,,,,,,,,,,,,,,,,,0.9999313110802177,False,False,False,1.4593974810850341e-05,6.868892523925751e-05,8.979392987384927e-06,10.510037280321926,12970,0.006246315315365791,
pos,orig,5,16,⟨NEXT⟩,16.957176208496094,alls,1.512286235083593e-05,erton,1.4196500160323922e-05, unh,1.3965340258437209e-05, gum,1.3721554751100484e-05,agna,1.3506154573406093e-05,,,,,,,,,,,,,,,,,,,,,,,,,,,,,,,0.9999294875879059,False,False,False,1.512286235083593e-05,7.051241118460894e-05,9.79122251010267e-06,10.50538549358139,4048,-0.005179679021239281,
pos,orig,6,16,⟨NEXT⟩,16.95612907409668,alls,1.4689461750094779e-05,BT,1.4471832400886342e-05, gum,1.4270884094003122e-05, backs,1.4234790796763264e-05,aders,1.4095160622673575e-05,,,,,,,,,,,,,,,,,,,,,,,,,,,,,,,0.9999282378703356,False,False,False,1.4689461750094779e-05,7.176212966442108e-05,9.950924322765786e-06,10.499396369747743,3675,0.0010140425292775035,
pos,orig,7,16,⟨NEXT⟩,16.953325271606445,NodeId,1.5547908333246596e-05,alls,1.548882937640883e-05,BT,1.5238162632158492e-05, unh,1.4935544641048182e-05, backs,1.4911006473994348e-05,,,,,,,,,,,,,,,,,,,,,,,,,,,,,,,0.9999238785485431,False,False,False,1.5547908333246596e-05,7.612145418534055e-05,9.764133210410364e-06,10.508557541593904,6852,-0.0026735542342066765,
pos,orig,8,16,⟨NEXT⟩,16.959365844726562,inds,1.3559681065089535e-05, unh,1.3171449609217234e-05, поба,1.2959626474184915e-05,lia,1.2920419067086186e-05,inker,1.2802599485439714e-05,,,,,,,,,,,,,,,,,,,,,,,,,,,,,,,0.999934586224299,False,False,False,1.3559681065089535e-05,6.541377661051229e-05,8.31869419926079e-06,10.507405257833122,33123,-0.0047659301199018955,
pos,orig,9,16,⟨NEXT⟩,16.95967674255371,NodeId,1.3464275980368257e-05,lia,1.3429214050120208e-05,inds,1.3205083632783499e-05,rop,1.283180154132424e-05,ctor,1.2733112271234859e-05,,,,,,,,,,,,,,,,,,,,,,,,,,,,,,,0.9999343365125242,False,False,False,1.3464275980368257e-05,6.566348747583106e-05,8.60668660607189e-06,10.500187489941712,21575,-0.018075626343488693,
pos,orig,10,16,⟨NEXT⟩,16.9523868560791,inds,1.610312392585911e-05,NodeId,1.5708859791629948e-05,lia,1.5303487089113332e-05, backs,1.5048181921883952e-05, rim,1.4886884855513927e-05,,,,,,,,,,,,,,,,,,,,,,,,,,,,,,,0.999922949462416,False,False,False,1.610312392585911e-05,7.705053576501086e-05,8.436813004664145e-06,10.497737769062821,34376,-0.017582936212420464,
pos,orig,11,16,⟨NEXT⟩,16.956022262573242,inds,1.4594209460483398e-05, Reyn,1.3869568647351116e-05,rop,1.379708010063041e-05, Perkins,1.3737996596319135e-05,yal,1.3735389984503854e-05,,,,,,,,,,,,,,,,,,,,,,,,,,,,,,,0.9999302657552107,False,False,False,1.4594209460483398e-05,6.973424751777202e-05,8.381873158214148e-06,10.478214298536876,34013,-0.019582105800509453,
pos,orig,12,16,⟨NEXT⟩,16.956363677978516,lia,1.4445015949604567e-05,lik,1.3927849977335427e-05,inds,1.3783382200927008e-05,rop,1.3679057701665442e-05,w,1.3474372281052638e-05,,,,,,,,,,,,,,,,,,,,,,,,,,,,,,,0.9999306903218894,False,False,False,1.4445015949604567e-05,6.930967356311157e-05,8.561233698856086e-06,10.485369464743371,27354,-0.006398593075573444,
pos,orig,13,16,⟨NEXT⟩,16.9552059173584,eds,1.4285424185800366e-05,roup,1.4265745448938105e-05,lik,1.4243837540561799e-05,cepts,1.4221065612218808e-05,xes,1.4040100722922944e-05,,,,,,,,,,,,,,,,,,,,,,,,,,,,,,,0.9999289438264896,False,False,False,1.4285424185800366e-05,7.105617260094732e-05,8.17611362435855e-06,10.488300049114073,43145,-0.006548605393618345,
pos,orig,14,16,⟨NEXT⟩,16.950441360473633,idders,1.6737112673581578e-05,ouns,1.6252026398433372e-05,roup,1.5120401258172933e-05,eds,1.5105816601135302e-05, Kok,1.4816738257650286e-05,,,,,,,,,,,,,,,,,,,,,,,,,,,,,,,0.999921967904811,False,False,False,1.6737112673581578e-05,7.803209882695228e-05,8.161266123352107e-06,10.474403850924359,45619,-0.02744639664888382,
pos,orig,15,16,⟨NEXT⟩,16.953262329101562, Kok,1.5133846318349242e-05,idders,1.4833763088972773e-05, spotlight,1.4620703041146044e-05,/plain,1.4536623893945944e-05, kok,1.4245286365621723e-05,,,,,,,,,,,,,,,,,,,,,,,,,,,,,,,0.999926629777292,False,False,False,1.5133846318349242e-05,7.337021816056222e-05,9.184886039292905e-06,10.465377513476476,14437,-0.030532510951161385,
pos,orig,16,16,⟨NEXT⟩,16.95220184326172,/plain,1.5635583622497506e-05, Kok,1.5114129382709507e-05,idders,1.4842584278085269e-05,ibility,1.4790181921853218e-05, nut,1.4635251318395603e-05,,,,,,,,,,,,,,,,,,,,,,,,,,,,,,,0.9999249822694765,False,False,False,1.5635583622497506e-05,7.5017727795057e-05,9.674986358731985e-06,10.47055281540624,8205,-0.03250500559806824,
pos,orig,17,16,⟨NEXT⟩,16.948030471801758, nut,1.6829126252559945e-05, Kok,1.6488909750478342e-05,ettes,1.5948826330713928e-05,icas,1.5888752386672422e-05,idders,1.568332481838297e-05,,,,,,,,,,,,,,,,,,,,,,,,,,,,,,,0.9999191610604612,False,False,False,1.6829126252559945e-05,8.083894499577582e-05,1.1240885214647278e-05,10.470570701601929,1608,-0.04176195710897446,
pos,orig,18,16,⟨NEXT⟩,16.944303512573242, nut,1.9893999706255272e-05,idders,1.8362687114859e-05, Kane,1.7645021216594614e-05, Irving,1.750690171320457e-05, Rim,1.683302252786234e-05,,,,,,,,,,,,,,,,,,,,,,,,,,,,,,,0.9999097583677212,False,False,False,1.9893999706255272e-05,9.024162864079699e-05,1.0588081750029232e-05,10.463875073038539,4919,-0.037515901029109955,
pos,orig,19,16,⟨NEXT⟩,16.94753646850586, nut,1.701207111182157e-05, Kane,1.6254778529400937e-05,ys,1.61049665621249e-05, Irving,1.6100146240205504e-05, Sah,1.605820216354914e-05,,,,,,,,,,,,,,,,,,,,,,,,,,,,,,,0.9999184698353929,False,False,False,1.701207111182157e-05,8.153016824508086e-05,1.093692935683066e-05,10.45553735412471,2389,-0.05705449730157852,
pos,orig,20,16,⟨NEXT⟩,16.946392059326172, nut,1.865505510068033e-05, Irving,1.746220914355945e-05,ToSend,1.7405744074494578e-05, Kane,1.6950187273323536e-05, simply,1.6852140106493607e-05,,,,,,,,,,,,,,,,,,,,,,,,,,,,,,,0.9999126746643014,False,False,False,1.865505510068033e-05,8.73253375175409e-05,1.0137263416254427e-05,10.449678249175115,6991,-0.025811363011598587,
pos,orig,21,16,⟨NEXT⟩,16.937976837158203, burge,2.1775655113742687e-05, simply,2.1248368284432217e-05, Kirby,2.061031227640342e-05, nut,2.0226463675498962e-05,ToSend,1.955026527866721e-05,,,,,,,,,,,,,,,,,,,,,,,,,,,,,,,0.9998965889353713,False,False,False,2.1775655113742687e-05,0.00010341106099076569,1.0511585060157813e-05,10.45346049163289,7500,-0.0115756094455719,
pos,orig,22,16,⟨NEXT⟩,16.937849044799805, simply,2.144409518223256e-05, Kane,2.0630670405807905e-05, nut,2.0325596779002808e-05, bur,1.9988083295174874e-05, Kirby,1.9869839888997376e-05,,,,,,,,,,,,,,,,,,,,,,,,,,,,,,,0.9998977417144488,False,False,False,2.144409518223256e-05,0.00010225828737020493,1.0117674719367642e-05,10.458355805807049,10765,0.0015754804480820894,
pos,orig,23,16,⟨NEXT⟩,16.93575096130371, bur,2.2430009266827255e-05, simply,2.1247236873023212e-05, Kane,2.016397593251895e-05, burge,2.0099534594919533e-05, gor,1.9894661818398163e-05,,,,,,,,,,,,,,,,,,,,,,,,,,,,,,,0.9998961645815143,False,False,False,2.2430009266827255e-05,0.00010383541666669771,8.80960033100564e-06,10.452980316071681,31268,-0.0007137892534956336,
pos,orig,24,16,⟨NEXT⟩,16.949748992919922, bur,1.7653146642260253e-05,�,1.6759913705755025e-05, �,1.6092291843960993e-05, Mills,1.5989699022611603e-05,zed,1.580398020450957e-05,,,,,,,,,,,,,,,,,,,,,,,,,,,,,,,0.9999177009685809,False,False,False,1.7653146642260253e-05,8.229902596212924e-05,9.363684512209147e-06,10.452548295652713,13999,-0.014590263366699219,
pos,orig,25,16,⟨NEXT⟩,16.93745231628418,�,2.4044928068178706e-05,za,2.1459271010826342e-05,zed,2.1082954845041968e-05, Mills,1.997628169192467e-05, bur,1.9243032511440106e-05,,,,,,,,,,,,,,,,,,,,,,,,,,,,,,,0.9998941935318726,False,False,False,2.4044928068178706e-05,0.00010580646630842239,1.0591597856546286e-05,10.455516716206606,7267,-0.009144704788923264,
pos,orig,26,16,⟨NEXT⟩,16.93828582763672,�,2.342132938792929e-05,za,2.1522195311263204e-05,zed,2.0089599274797365e-05,[url,1.848240935942158e-05, lif,1.8462820662534796e-05,,,,,,,,,,,,,,,,,,,,,,,,,,,,,,,0.999898021646004,False,False,False,2.342132938792929e-05,0.00010197835945291445,1.2017943845421541e-05,10.462798461644137,1837,0.001527424668893218,
pos,orig,27,16,⟨NEXT⟩,16.93724822998047,za,2.0945615688106045e-05,zed,2.020055580942426e-05,GM,1.9478768081171438e-05, bur,1.9269149561296217e-05, plain,1.8875070963986218e-05,,,,,,,,,,,,,,,,,,,,,,,,,,,,,,,0.999901230839896,False,False,False,2.0945615688106045e-05,9.876916010398418e-05,1.198865174956154e-05,10.448245977658729,1984,-0.00842197984457016,
pos,orig,28,16,⟨NEXT⟩,16.932849884033203,/plain,2.5289600671385415e-05, plain,2.413613947283011e-05,za,2.180112642236054e-05,zed,2.1552103135036305e-05, ninete,2.0552131900331005e-05,,,,,,,,,,,,,,,,,,,,,,,,,,,,,,,0.9998866688983981,False,False,False,2.5289600671385415e-05,0.00011333110160194337,1.2283783689781558e-05,10.463947993682504,2135,0.0117088807746768,
pos,orig,29,16,⟨NEXT⟩,16.932849884033203, plain,2.9327780794119462e-05,/plain,2.7861655325978063e-05,zed,2.6340030672145076e-05, simply,2.1926512999925762e-05,za,2.1315659978426993e-05,,,,,,,,,,,,,,,,,,,,,,,,,,,,,,,0.9998732283602294,False,False,False,2.9327780794119462e-05,0.00012677162885665894,1.0713223673519678e-05,10.465859064898892,7754,0.018269699066877365,
pos,orig,30,16,⟨NEXT⟩,16.938556671142578,zed,2.2532247385242954e-05, plain,2.1811481929034926e-05,/plain,2.1023144654463977e-05, Barton,1.9535735191311687e-05, simply,1.944923678820487e-05,,,,,,,,,,,,,,,,,,,,,,,,,,,,,,,0.9998956481540517,False,False,False,2.2532247385242954e-05,0.00010435184231027961,9.844790838542394e-06,10.457208337560493,13326,0.01391390711069107,
pos,orig,31,16,⟨NEXT⟩,16.925107955932617, simply,2.679362296476029e-05,zed,2.523918738006614e-05,/plain,2.4325267077074386e-05, plain,2.3628470444236882e-05, Barton,2.2854457711218856e-05,,,,,,,,,,,,,,,,,,,,,,,,,,,,,,,0.9998771589944226,False,False,False,2.679362296476029e-05,0.00012284101103432477,1.31791266539949e-05,10.441487747410426,1605,0.004335429519414902,
pos,orig,32,16,⟨NEXT⟩,16.94055938720703, simply,2.0380402929731645e-05, plain,2.0370107449707575e-05,zed,2.0239396690158173e-05, ',1.909707862068899e-05,……。,1.8643278963281773e-05,,,,,,,,,,,,,,,,,,,,,,,,,,,,,,,0.9999012697353464,False,False,False,2.0380402929731645e-05,9.873026283457875e-05,1.1433722647780087e-05,10.452395575058748,2758,0.018061723560094833,
pos,orig,33,16,⟨NEXT⟩,16.92709732055664, plain,2.589681389508769e-05, ',2.264945396746043e-05,……。,2.1738145733252168e-05,ifications,2.1564563212450594e-05," """,2.07452194445068e-05,,,,,,,,,,,,,,,,,,,,,,,,,,,,,,,0.9998874058037472,False,False,False,2.589681389508769e-05,0.00011259419261477888,1.1457893378974404e-05,10.43928843327119,5342,0.016633301973342896,
pos,orig,34,16,⟨NEXT⟩,16.93230628967285, simply,2.606377711344976e-05, plain,2.3832108126953244e-05,ise,2.3607675757375546e-05,……。,2.2196178179001436e-05, ',2.1257086700643413e-05,,,,,,,,,,,,,,,,,,,,,,,,,,,,,,,0.9998830431741226,False,False,False,2.606377711344976e-05,0.0001169568276964128,1.3859407772542909e-05,10.426263843156049,623,0.023392675444483757,
pos,orig,35,16,⟨NEXT⟩,16.92918586730957, simply,3.328318416606635e-05," """,2.4738392312428914e-05,ise,2.4308323190780357e-05, plain,2.3171742213889956e-05,(cf,2.2377505956683308e-05,,,,,,,,,,,,,,,,,,,,,,,,,,,,,,,0.9998721208521602,False,False,False,3.328318416606635e-05,0.00012787914602085948,1.4726138033438474e-05,10.443401570349225,440,0.052598096430301666,
pos,orig,36,16,⟨NEXT⟩,16.939706802368164, simply,2.3489570594392717e-05," """,2.261454392282758e-05,ise,2.0619934730348177e-05, ',1.964583498192951e-05, plain,1.9062254068558104e-05,,,,,,,,,,,,,,,,,,,,,,,,,,,,,,,0.9998945678617019,False,False,False,2.3489570594392717e-05,0.00010543213284108788,1.3009122994844802e-05,10.441050223546629,661,0.04418489336967468,
pos,orig,37,16,⟨NEXT⟩,16.934621810913086, simply,2.6667039492167532e-05," """,2.389881956332829e-05, ',2.2183958208188415e-05,iei,2.1957484932499938e-05,zed,2.05169890250545e-05,,,,,,,,,,,,,,,,,,,,,,,,,,,,,,,0.9998847757087788,False,False,False,2.6667039492167532e-05,0.00011522429122123867,1.3028643479628954e-05,10.442544408817326,1002,0.0551844984292984,
pos,orig,38,16,⟨NEXT⟩,16.934185028076172, simply,2.897492959164083e-05," """,2.584516732895281e-05, Berlin,2.501689778000582e-05, Germany,2.488688005541917e-05, ',2.3863740352680907e-05,,,,,,,,,,,,,,,,,,,,,,,,,,,,,,,0.9998714123848913,False,False,False,2.897492959164083e-05,0.00012858760601375252,2.501689778000582e-05,10.417373028037044,3,0.08366622775793076,
pos,orig,39,16,⟨NEXT⟩,16.934873580932617, simply,2.6211884687654674e-05, Berlin,2.4237846446339972e-05," """,2.3312202756642364e-05, German,2.3003096430329606e-05, Germany,2.2930835257284343e-05,,,,,,,,,,,,,,,,,,,,,,,,,,,,,,,0.9998803041344217,False,False,False,2.6211884687654674e-05,0.00011969586194027215,2.4237846446339972e-05,10.419165775189638,2,0.09433066099882126,
pos,orig,40,16,⟨NEXT⟩,16.93742561340332, Berlin,2.3916558347991668e-05, simply,2.3188347768154927e-05," """,2.2382253519026563e-05, ',2.1605515939882025e-05, Germany,2.1215131710050628e-05,,,,,,,,,,,,,,,,,,,,,,,,,,,,,,,0.9998876921927149,False,False,True,2.3916558347991668e-05,0.00011230781092308462,2.3916558347991668e-05,10.419824812707745,1,0.0968112051486969,
pos,orig,41,16,⟨NEXT⟩,16.936241149902344," """,2.487628262315411e-05, Berlin,2.333082738914527e-05, ',2.1886464310227893e-05,zed,2.1737021597800776e-05, simply,2.1326741261873394e-05,,,,,,,,,,,,,,,,,,,,,,,,,,,,,,,0.9998868426628178,False,False,False,2.487628262315411e-05,0.00011315733718220145,2.333082738914527e-05,10.405780709438288,2,0.10212524980306625,
pos,orig,42,16,⟨NEXT⟩,16.944440841674805," """,2.3176675313152373e-05, Berlin,2.1247366021270864e-05, ',2.0084755306015722e-05, simply,1.943162533279974e-05,zed,1.7788515833672136e-05,,,,,,,,,,,,,,,,,,,,,,,,,,,,,,,0.9998982710621931,False,False,False,2.3176675313152373e-05,0.00010172893962590024,2.1247366021270864e-05,10.410805354565897,2,0.08641146123409271,
pos,orig,43,16,⟨NEXT⟩,16.941312789916992, Berlin,2.2633510525338352e-05," """,2.2451949917012826e-05, ',2.0337316527729854e-05,zed,1.962241731234826e-05, Germany,1.9576593331294134e-05,,,,,,,,,,,,,,,,,,,,,,,,,,,,,,,0.9998953782123863,False,False,True,2.2633510525338352e-05,0.00010462178033776581,2.2633510525338352e-05,10.400196776730075,1,0.06186838820576668,
pos,orig,44,16,⟨NEXT⟩,16.925947189331055, Berlin,3.121044937870465e-05," """,2.9132368581485935e-05, Germany,2.5542140065226704e-05, ',2.536872125347145e-05, Tier,2.408992440905422e-05,,,,,,,,,,,,,,,,,,,,,,,,,,,,,,,0.9998646563963121,False,False,True,3.121044937870465e-05,0.00013534360914491117,3.121044937870465e-05,10.380096132427832,1,0.08692611753940582,
pos,orig,45,16,⟨NEXT⟩,16.9401912689209," """,2.8157401175121777e-05, ',2.5121149519691244e-05, Berlin,2.3939468519529328e-05, Nur,1.924799471453298e-05, simply,1.9117407646263018e-05,,,,,,,,,,,,,,,,,,,,,,,,,,,,,,,0.9998844165784249,False,False,False,2.8157401175121777e-05,0.00011558341793715954,2.3939468519529328e-05,10.38040638912999,3,0.05801315978169441,
pos,orig,46,16,⟨NEXT⟩,16.95517349243164," """,1.8923496099887416e-05, ',1.7809363271226175e-05, embod,1.5732102838228457e-05, Berlin,1.5634808733011596e-05, bur,1.4416297744901385e-05,,,,,,,,,,,,,,,,,,,,,,,,,,,,,,,0.9999174839313127,False,False,False,1.8923496099887416e-05,8.251607505371794e-05,1.5634808733011596e-05,10.406592467550361,4,0.015696853399276733,
pos,orig,47,16,⟨NEXT⟩,16.939294815063477," """,2.814779509208165e-05, Berlin,2.690348082978744e-05, ',2.4796658181003295e-05, simply,2.1948520952719264e-05, Germany,2.0173853044980206e-05,,,,,,,,,,,,,,,,,,,,,,,,,,,,,,,0.9998780296918994,False,False,False,2.814779509208165e-05,0.00012197031173855066,2.690348082978744e-05,10.374442718728671,2,0.08188778907060623,
pos,orig,48,16,⟨NEXT⟩,16.938838958740234," """,2.9239208743092604e-05, Berlin,2.57877582043875e-05, ',2.478893475199584e-05, simply,2.1555908460868523e-05, Germany,2.0563100406434387e-05,,,,,,,,,,,,,,,,,,,,,,,,,,,,,,,0.9998780650894332,False,False,False,2.9239208743092604e-05,0.00012193490692880005,2.57877582043875e-05,10.362078541992842,2,0.07171778380870819,
pos,orig,49,16,⟨NEXT⟩,16.9368839263916," """,2.930930713773705e-05, Berlin,2.7758944270317443e-05, ',2.579502142907586e-05, simply,2.2170312149683014e-05, Germany,2.034521457972005e-05,,,,,,,,,,,,,,,,,,,,,,,,,,,,,,,0.9998746212004335,False,False,False,2.930930713773705e-05,0.00012537880684249103,2.7758944270317443e-05,10.354851831003586,2,0.07120571285486221,
pos,orig,50,16,⟨NEXT⟩,16.943811416625977," """,2.5263097995775752e-05, Berlin,2.3047470676829107e-05, ',2.229171514045447e-05, simply,1.9632545445347205e-05, _,1.853051253419835e-05,,,,,,,,,,,,,,,,,,,,,,,,,,,,,,,0.9998912346582074,False,False,False,2.5263097995775752e-05,0.00010876533633563668,2.3047470676829107e-05,10.358226818544118,2,0.02774238772690296,
pos,orig,51,16,⟨NEXT⟩,16.940095901489258," """,2.7523425160325132e-05, Berlin,2.7468695407151245e-05, ',2.240093090222217e-05, simply,2.0615338144125417e-05, Tier,2.0144349036854692e-05,,,,,,,,,,,,,,,,,,,,,,,,,,,,,,,0.9998818472613493,False,False,False,2.7523425160325132e-05,0.00011815273319371045,2.7468695407151245e-05,10.345540690285874,2,0.033797066658735275,
pos,orig,52,16,⟨NEXT⟩,16.921987533569336, Berlin,4.018203617306426e-05," """,3.7079596950206906e-05, Nur,2.8127104087616317e-05, simply,2.779701753752306e-05, ',2.649900852702558e-05,,,,,,,,,,,,,,,,,,,,,,,,,,,,,,,0.9998403152367246,False,False,True,4.018203617306426e-05,0.00015968477237038314,4.018203617306426e-05,10.319440603190934,1,0.07775726914405823,
pos,orig,53,16,⟨NEXT⟩,16.93302345275879, Berlin,3.354729415150359e-05," """,3.252353417337872e-05, Nur,2.502256029401906e-05, simply,2.42005662585143e-05, ',2.3518825400969945e-05,,,,,,,,,,,,,,,,,,,,,,,,,,,,,,,0.9998611872197216,False,False,True,3.354729415150359e-05,0.0001388127711834386,3.354729415150359e-05,10.337543497020754,1,0.0610724575817585,
pos,orig,54,16,⟨NEXT⟩,16.94242286682129, Berlin,2.9905697374488227e-05," """,2.6946785510517657e-05, Nur,2.17260039789835e-05, ',2.069096990453545e-05, simply,1.9411119865253568e-05,,,,,,,,,,,,,,,,,,,,,,,,,,,,,,,0.9998813194233662,False,False,True,2.9905697374488227e-05,0.000118680574814789,2.9905697374488227e-05,10.346849134293638,1,0.03443155065178871,
pos,orig,55,16,⟨NEXT⟩,16.941884994506836, Berlin,3.2403218938270584e-05," """,2.9081824322929606e-05, Nur,2.1198586182435974e-05, ',2.1077952624182217e-05, simply,1.9984601749456488e-05,,,,,,,,,,,,,,,,,,,,,,,,,,,,,,,0.9998762538161827,False,False,True,3.2403218938270584e-05,0.00012374618381727487,3.2403218938270584e-05,10.32093478846163,1,-0.03407065197825432,
pos,orig,56,16,⟨NEXT⟩,16.920957565307617, Berlin,7.164040289353579e-05,Berlin,3.557209129212424e-05," """,3.504378400975838e-05, Nur,3.2171501516131684e-05, Tier,2.923739521065727e-05,,,,,,,,,,,,,,,,,,,,,,,,,,,,,,,0.9997963348250778,False,False,True,7.164040289353579e-05,0.0002036651858361438,7.164040289353579e-05,10.322254239359049,1,0.08396245539188385,
pos,orig,57,16,⟨NEXT⟩,16.933500289916992, Berlin,5.6387889344478026e-05," """,3.0766288546146825e-05,Berlin,3.063899930566549e-05, Tier,2.7734327886719257e-05, Nur,2.7685531676979735e-05,,,,,,,,,,,,,,,,,,,,,,,,,,,,,,,0.99982678696324,False,False,True,5.6387889344478026e-05,0.00017321304767392576,5.6387889344478026e-05,10.328485514765111,1,0.049158018082380295,
pos,orig,58,16,⟨NEXT⟩,16.941110610961914, Berlin,4.371230897959322e-05," """,2.698754360608291e-05,Berlin,2.548408338043373e-05, Nur,2.3740622054901905e-05, Tier,2.360505095566623e-05,,,,,,,,,,,,,,,,,,,,,,,,,,,,,,,0.9998564703910233,False,False,True,4.371230897959322e-05,0.0001435296144336462,4.371230897959322e-05,10.33978752664921,1,0.028018681332468987,
pos,orig,59,16,⟨NEXT⟩,16.944091796875, Berlin,3.994104918092489e-05," """,2.5029166863532737e-05,Berlin,2.3944658096297644e-05, berlin,2.134652459062636e-05, Nur,2.132418376277201e-05,,,,,,,,,,,,,,,,,,,,,,,,,,,,,,,0.9998684144175058,False,False,True,3.994104918092489e-05,0.00013158557703718543,3.994104918092489e-05,10.342669267947068,1,-4.357408033683896e-05,
pos,orig,60,16,⟨NEXT⟩,16.922908782958984, Berlin,9.57492011366412e-05,Berlin,4.5537362893810496e-05, berlin,3.5956651117885485e-05, Tier,3.440741420490667e-05," """,3.2207313779508695e-05,,,,,,,,,,,,,,,,,,,,,,,,,,,,,,,0.9997561420568672,False,False,True,9.57492011366412e-05,0.00024385793949477375,9.57492011366412e-05,10.310137717640464,1,0.07422832399606705,
pos,orig,61,16,⟨NEXT⟩,16.939603805541992, Berlin,4.7868630645098165e-05,Berlin,2.7411218979978003e-05," """,2.544362905609887e-05, berlin,2.4786089852568693e-05, Tier,2.2928199541638605e-05,,,,,,,,,,,,,,,,,,,,,,,,,,,,,,,0.9998515622319246,False,False,True,4.7868630645098165e-05,0.00014843775716144592,4.7868630645098165e-05,10.328482075112094,1,0.01928132027387619,
pos,orig,62,16,⟨NEXT⟩,16.950912475585938, Berlin,2.576192309788894e-05," """,2.182953176088631e-05, ',1.8007567632594146e-05, berlin,1.7080517864087597e-05, Ber,1.7062044207705185e-05,,,,,,,,,,,,,,,,,,,,,,,,,,,,,,,0.9999002584154368,False,False,True,2.576192309788894e-05,9.974157728720456e-05,2.576192309788894e-05,10.348434814334594,1,-0.0742393434047699,
pos,orig,63,16,⟨NEXT⟩,16.945812225341797, Berlin,3.5925229894928634e-05," """,2.5229761376976967e-05,Berlin,2.1996407667757012e-05, berlin,2.01509192265803e-05, Tier,1.9575363694457337e-05,,,,,,,,,,,,,,,,,,,,,,,,,,,,,,,0.9998771223181393,False,False,True,3.5925229894928634e-05,0.00012287768186070025,3.5925229894928634e-05,10.337743684826357,1,-0.017458347603678703,
pos,orig,64,16,⟨NEXT⟩,16.926292419433594, Berlin,5.755136953666806e-05," """,3.6566565540852025e-05,Berlin,3.0360943128471263e-05, Mit,2.7360420062905177e-05, berlin,2.720924385357648e-05,,,,,,,,,,,,,,,,,,,,,,,,,,,,,,,0.9998209514578775,False,False,True,5.755136953666806e-05,0.0001790485403034836,5.755136953666806e-05,10.297413753199029,1,0.013374035246670246,
pos,orig,65,16,⟨NEXT⟩,16.933395385742188," """,3.413252852624282e-05, Berlin,3.228311470593326e-05, ,2.735110501816962e-05, ',2.5500583433313295e-05,"""",2.293017132615205e-05,,,,,,,,,,,,,,,,,,,,,,,,,,,,,,,0.9998578024969902,False,False,False,3.413252852624282e-05,0.00014219750300981104,3.228311470593326e-05,10.26256525262,2,-0.15432953834533691,
pos,orig,66,16,⟨NEXT⟩,16.940704345703125, Berlin,3.412152727833018e-05," """,3.0190965844667517e-05, ',2.169838444388006e-05,tons,2.1494268366950564e-05,Berlin,2.0308789316914044e-05,,,,,,,,,,,,,,,,,,,,,,,,,,,,,,,0.9998721860647493,False,False,True,3.412152727833018e-05,0.00012781393888872117,3.412152727833018e-05,10.308041593091748,1,-0.06744374334812164,
pos,orig,67,16,⟨NEXT⟩,16.930429458618164, Berlin,5.1399449148448184e-05," """,3.850208668154664e-05,tons,3.0647865060018376e-05,Berlin,2.732514258241281e-05, BER,2.6471823730389588e-05,,,,,,,,,,,,,,,,,,,,,,,,,,,,,,,0.9998256536327972,False,False,True,5.1399449148448184e-05,0.00017434635083191097,5.1399449148448184e-05,10.300668352883957,1,0.023529140278697014,
pos,orig,68,16,⟨NEXT⟩,16.924041748046875, Berlin,5.6015447626123205e-05," """,4.540683585219085e-05,tons,3.3359479857608676e-05, Ber,3.0449291443801485e-05, BER,2.9270413506310433e-05,,,,,,,,,,,,,,,,,,,,,,,,,,,,,,,0.999805498531714,False,False,True,5.6015447626123205e-05,0.00019450146646704525,5.6015447626123205e-05,10.279270271463606,1,0.02798382192850113,
pos,orig,69,16,⟨NEXT⟩,16.931520462036133, Berlin,4.7804071073187515e-05," """,4.276242179912515e-05, Bon,2.7831034458358772e-05, Ber,2.761444375209976e-05,tons,2.7080986910732463e-05,,,,,,,,,,,,,,,,,,,,,,,,,,,,,,,0.9998269070420065,False,False,True,4.7804071073187515e-05,0.00017309295071754605,4.7804071073187515e-05,10.279598414361452,1,-0.011264069005846977,
pos,orig,70,16,⟨NEXT⟩,16.92569923400879, Berlin,5.308217805577442e-05," """,4.687381078838371e-05, BER,2.9681785235879943e-05, ',2.915464028774295e-05, Ber,2.897427293646615e-05,,,,,,,,,,,,,,,,,,,,,,,,,,,,,,,0.9998122333126958,False,False,True,5.308217805577442e-05,0.00018776669458020478,5.308217805577442e-05,10.254444231846259,1,-0.05108705908060074,
pos,orig,71,16,⟨NEXT⟩,16.922637939453125, Berlin,6.291765021160245e-05," """,5.348021659301594e-05,Berlin,3.262498648837209e-05, BER,3.256998388678767e-05, Bon,3.184619708918035e-05,,,,,,,,,,,,,,,,,,,,,,,,,,,,,,,0.999786560965731,False,False,True,6.291765021160245e-05,0.00021343902335502207,6.291765021160245e-05,10.255948736076006,1,0.010851599276065826,
pos,orig,72,16,⟨NEXT⟩,16.922109603881836, Berlin,6.611133721889928e-05," """,6.132118869572878e-05,tons,3.6647761589847505e-05, BER,3.598068724386394e-05, Ber,3.475673292996362e-05,,,,,,,,,,,,,,,,,,,,,,,,,,,,,,,0.9997651822923217,False,False,True,6.611133721889928e-05,0.00023481770767830312,6.611133721889928e-05,10.246657545345794,1,0.025939706712961197,
pos,orig,73,16,⟨NEXT⟩,16.91812515258789," """,7.20495663699694e-05, Berlin,6.790519546484575e-05,tons,4.1351861000293866e-05, ',3.776076846406795e-05, Ber,3.757123340619728e-05,,,,,,,,,,,,,,,,,,,,,,,,,,,,,,,0.9997433613752946,False,False,False,7.20495663699694e-05,0.00025663862470537424,6.790519546484575e-05,10.232069976899611,2,0.024152781814336777,
pos,orig,74,16,⟨NEXT⟩,16.91429901123047, Berlin,9.320720710093156e-05," """,8.009000157471746e-05, Ber,6.598974141525105e-05, BER,5.310906999511644e-05, ',4.720697324955836e-05,,,,,,,,,,,,,,,,,,,,,,,,,,,,,,,0.9996603970066644,False,False,True,9.320720710093156e-05,0.00033960299333557487,9.320720710093156e-05,10.19863654957188,1,0.007306046783924103,
pos,orig,75,16,⟨NEXT⟩,16.91266441345215, Berlin,0.00010951710282824934," """,9.030163346324116e-05, Ber,8.53283709147945e-05, BER,6.68260472593829e-05, ber,5.9115256590303034e-05,,,,,,,,,,,,,,,,,,,,,,,,,,,,,,,0.999588911588944,False,False,True,0.00010951710282824934,0.0004110884037800133,0.00010951710282824934,10.174227395900223,1,-0.0022310265339910984,
pos,orig,76,16,⟨NEXT⟩,16.919010162353516, Berlin,0.00011571095092222095," """,8.564297604607418e-05, Ber,6.355512596201152e-05,Berlin,5.2544710342772305e-05, BER,5.043118289904669e-05,,,,,,,,,,,,,,,,,,,,,,,,,,,,,,,0.9996321150538279,False,False,True,0.00011571095092222095,0.0003678849316202104,0.00011571095092222095,10.1742824303485,1,0.002100446028634906,
pos,orig,77,16,⟨NEXT⟩,16.909896850585938, Berlin,0.00014827973791398108," """,0.00013243711146060377, Ber,8.750818233238533e-05, ',6.901059532538056e-05, BER,6.537071749335155e-05,,,,,,,,,,,,,,,,,,,,,,,,,,,,,,,0.9994973936554743,False,False,True,0.00014827973791398108,0.0005026063299737871,0.00014827973791398108,10.118933597786624,1,0.05239851772785187,
pos,orig,78,16,⟨NEXT⟩,16.918554306030273, Berlin,0.00011933664791285992," """,0.00010684541484806687, Ber,8.161995356203988e-05, ',6.141082849353552e-05, BER,5.989203418721445e-05,,,,,,,,,,,,,,,,,,,,,,,,,,,,,,,0.9995708951209963,False,False,True,0.00011933664791285992,0.0004291048680897802,0.00011933664791285992,10.116484564838338,1,0.07793977111577988,
pos,orig,79,16,⟨NEXT⟩,16.94225311279297, Berlin,5.0012211431749165e-05," """,4.837004962610081e-05, “,4.4701624574372545e-05, ',3.625879617175087e-05,:,3.572221612557769e-05,,,,,,,,,,,,,,,,,,,,,,,,,,,,,,,0.9997849351020704,False,False,True,5.0012211431749165e-05,0.0002150649088434875,5.0012211431749165e-05,10.193688264741256,1,0.1499735713005066,
pos,orig,80,16,⟨NEXT⟩,2.5890488624572754, Berlin,0.47833800315856934," """,0.272217333316803, “,0.08601486682891846, ',0.03797309473156929,:,0.01801752671599388,,,,,,,,,,,,,,,,,,,,,,,,,,,,,,,0.10743917524814606,False,False,True,0.47833800315856934,0.8925608396530151,0.47833800315856934,0.0007293472672488833,1,0.9999892711639404,
pos,no_filler,0,15,⟨NEXT⟩,16.96817970275879, winding,8.967925168690272e-06,"...
",8.850939593685325e-06,"....
",8.797511327429675e-06,"....

",8.796238944341894e-06," [...]

",8.780999451118987e-06,,,,,,,,,,,,,,,,,,,,,,,,,,,,,,,0.9999558063855147,False,False,False,8.967925168690272e-06,4.419361357577145e-05,7.623796136613237e-06,9.602684331593887,103992,0.01941048912703991,
pos,no_filler,1,15,⟨NEXT⟩,16.9592227935791,ioni,1.4040525456948671e-05,arith,1.3930710338172503e-05,улю,1.3544095054385252e-05,"""crypto",1.3348440006666351e-05,こんに,1.316097768722102e-05,,,,,,,,,,,,,,,,,,,,,,,,,,,,,,,0.9999319752514566,False,False,False,1.4040525456948671e-05,6.80247467244044e-05,8.832030289340764e-06,9.609172893045638,15604,0.014102362096309662,
pos,no_filler,2,15,⟨NEXT⟩,16.962276458740234, iParam,1.2555352441268042e-05,улю,1.250994137080852e-05,kop,1.2431722097971942e-05,حث,1.2121087820560206e-05,rych,1.2071875062247273e-05,,,,,,,,,,,,,,,,,,,,,,,,,,,,,,,0.9999383100212071,False,False,False,1.2555352441268042e-05,6.16899851593189e-05,8.684749445819762e-06,9.628022879510805,14411,-0.03125811368227005,
pos,no_filler,3,15,⟨NEXT⟩,16.961530685424805,kop,1.3052781469014008e-05, unm,1.2481109479267616e-05,rych,1.2396029887895565e-05, Omni,1.2233061170263682e-05, рань,1.2020647773169912e-05,,,,,,,,,,,,,,,,,,,,,,,,,,,,,,,0.9999378163702204,False,False,False,1.3052781469014008e-05,6.218362977961078e-05,8.367232112505008e-06,9.62921575117719,27858,-0.02664007991552353,
pos,no_filler,4,15,⟨NEXT⟩,16.95706558227539,inka,1.470796087232884e-05,ruta,1.4249942069000099e-05, unm,1.4082896086620167e-05,ioni,1.4028461009729654e-05, Hem,1.37050446937792e-05,,,,,,,,,,,,,,,,,,,,,,,,,,,,,,,0.9999292256952685,False,False,False,1.470796087232884e-05,7.077430200297385e-05,7.907931831141468e-06,9.629374663146587,55327,-0.0101376473903656,
pos,no_filler,5,15,⟨NEXT⟩,16.955272674560547,ruta,1.5089303815329913e-05,inka,1.489879832661245e-05, unm,1.462448744860012e-05,emez,1.4481980542768724e-05,ioni,1.4343817383632995e-05,,,,,,,,,,,,,,,,,,,,,,,,,,,,,,,0.9999265616124831,False,False,False,1.5089303815329913e-05,7.34383866074495e-05,8.21699904918205e-06,9.632581795619876,41402,-0.009986719116568565,
pos,no_filler,6,15,⟨NEXT⟩,16.95476722717285,emez,1.4857447240501642e-05,inka,1.4620324691350106e-05, Sink,1.4471222129941452e-05,ruta,1.4444819498748984e-05,mav,1.4038973858987447e-05,,,,,,,,,,,,,,,,,,,,,,,,,,,,,,,0.9999275672125805,False,False,False,1.4857447240501642e-05,7.243278378155082e-05,8.01702026365092e-06,9.625144577865965,50297,0.002159742172807455,
pos,no_filler,7,15,⟨NEXT⟩,16.951736450195312,inka,1.6038016838137992e-05,ruta,1.527821041236166e-05, ev,1.488193629484158e-05, Sink,1.4838815332041122e-05, fle,1.4802796613366809e-05,,,,,,,,,,,,,,,,,,,,,,,,,,,,,,,0.9999241602245093,False,False,False,1.6038016838137992e-05,7.583977276226506e-05,7.926890248199925e-06,9.625919875656056,54760,-1.3717683032155037e-05,
pos,no_filler,8,15,⟨NEXT⟩,16.95905876159668,etak,1.2980675819562748e-05, habitual,1.2942903595103417e-05,aug,1.2847903235524427e-05,234,1.282999619434122e-05, Pri,1.2780628821928985e-05,,,,,,,,,,,,,,,,,,,,,,,,,,,,,,,0.9999356178923335,False,False,False,1.2980675819562748e-05,6.43821113044396e-05,7.4180684350722e-06,9.588600328349429,83594,0.04498409107327461,
pos,no_filler,9,15,⟨NEXT⟩,16.959566116333008,aug,1.2939010048285127e-05,etak,1.2777197298419196e-05,อว,1.2763986887875944e-05, fle,1.2707558198599145e-05, putas,1.2670201613218524e-05,,,,,,,,,,,,,,,,,,,,,,,,,,,,,,,0.9999361420459536,False,False,False,1.2939010048285127e-05,6.385795131791383e-05,7.177025963756023e-06,9.592430725949445,97391,0.03752162307500839,
pos,no_filler,10,15,⟨NEXT⟩,16.9517879486084, attention,1.6118774510687217e-05,aug,1.606376827112399e-05,etak,1.4935797480575275e-05,592,1.4744759937457275e-05, sod,1.4607063349103555e-05,,,,,,,,,,,,,,,,,,,,,,,,,,,,,,,0.999923529836451,False,False,False,1.6118774510687217e-05,7.647016172995791e-05,6.997213858994655e-06,9.589292386536501,95213,0.04132717847824097,
pos,no_filler,11,15,⟨NEXT⟩,16.955867767333984,aug,1.476785200793529e-05,crow,1.4353621736518107e-05, attention,1.3780469998891931e-05, sod,1.3722064977628179e-05,resp,1.3690266314370092e-05,,,,,,,,,,,,,,,,,,,,,,,,,,,,,,,0.9999296857249647,False,False,False,1.476785200793529e-05,7.031427958281711e-05,7.246025688800728e-06,9.56929149217176,89001,0.07446981966495514,
pos,no_filler,12,15,⟨NEXT⟩,16.955957412719727,aug,1.4733025636815e-05,etak,1.4196310985425953e-05, sod,1.4055543942959048e-05,crow,1.3880840015190188e-05,resp,1.3591645256383345e-05,,,,,,,,,,,,,,,,,,,,,,,,,,,,,,,0.9999295426341632,False,False,False,1.4733025636815e-05,7.045736128930002e-05,7.3628789323265664e-06,9.562549772257938,83317,0.08504894375801086,
pos,no_filler,13,15,⟨NEXT⟩,16.955062866210938,aug,1.5163992429734208e-05,pole,1.3966086953587364e-05, Mast,1.3674699403054547e-05,fore,1.364716354146367e-05,crow,1.3599000340036582e-05,,,,,,,,,,,,,,,,,,,,,,,,,,,,,,,0.9999299490573321,False,False,False,1.5163992429734208e-05,7.005094084888697e-05,7.237715635710629e-06,9.554040758623849,88378,0.1007193773984909,
pos,no_filler,14,15,⟨NEXT⟩,16.949844360351562,fore,1.5921779777272604e-05,pole,1.565822822158225e-05, Aff,1.564122794661671e-05,aug,1.5583656931994483e-05, Mast,1.542119207442738e-05,,,,,,,,,,,,,,,,,,,,,,,,,,,,,,,0.9999217739150481,False,False,False,1.5921779777272604e-05,7.822609040886164e-05,6.683582796540577e-06,9.548087407181582,104646,0.1048392653465271,
pos,no_filler,15,15,⟨NEXT⟩,16.952468872070312,fore,1.6497298929607496e-05,alloc,1.5249665011651814e-05,onet,1.5171628547250293e-05,rib,1.5128581253520679e-05,ぇ,1.507505658082664e-05,,,,,,,,,,,,,,,,,,,,,,,,,,,,,,,0.9999228777696771,False,False,False,1.6497298929607496e-05,7.712222577538341e-05,7.3164328568964265e-06,9.538082832415592,82341,0.124238982796669,
pos,no_filler,16,15,⟨NEXT⟩,16.95131492614746, Aff,1.5503204849665053e-05, Mast,1.524690287624253e-05,rawer,1.5117939256015234e-05,-now,1.5020142200228292e-05,zed,1.4896270840836223e-05,,,,,,,,,,,,,,,,,,,,,,,,,,,,,,,0.999924215539977,False,False,False,1.5503204849665053e-05,7.578446093248203e-05,8.142966180457734e-06,9.540894404791896,46080,0.11407661437988281,
pos,no_filler,17,15,⟨NEXT⟩,16.947256088256836,uther,1.729492942104116e-05, Mast,1.693039848760236e-05, Aff,1.690655517450068e-05,-now,1.6578755094087683e-05,arget,1.6197511286009103e-05,,,,,,,,,,,,,,,,,,,,,,,,,,,,,,,0.9999160918505368,False,False,False,1.729492942104116e-05,8.390814764425159e-05,8.282253475044854e-06,9.533107718291431,42219,0.11617932468652725,
pos,no_filler,18,15,⟨NEXT⟩,16.943029403686523,rawer,1.8640186681295745e-05,arget,1.8073635146720335e-05, slic,1.763832005963195e-05,-var,1.7636013581068255e-05, old,1.7412437955499627e-05,,,,,,,,,,,,,,,,,,,,,,,,,,,,,,,0.9999105994065758,False,False,False,1.8640186681295745e-05,8.940059342421591e-05,8.771753527980763e-06,9.531325978028493,29884,0.11491796374320984,
pos,no_filler,19,15,⟨NEXT⟩,16.947107315063477, slic,1.7146681784652174e-05, Interr,1.638352478039451e-05,rawer,1.6221585610765032e-05,;;;;;;;;;;;;;;;;,1.6072672224254347e-05,-now,1.5840107153053395e-05,,,,,,,,,,,,,,,,,,,,,,,,,,,,,,,0.9999183354284469,False,False,False,1.7146681784652174e-05,8.166456973413005e-05,8.764065569266677e-06,9.529989328865987,28150,0.12168212234973907,
pos,no_filler,20,15,⟨NEXT⟩,16.945262908935547,zed,1.7571232092450373e-05, slic,1.711049844743684e-05, German,1.7030073649948463e-05,rawer,1.6691630662535317e-05,ial,1.665773925196845e-05,,,,,,,,,,,,,,,,,,,,,,,,,,,,,,,0.9999149388258957,False,False,False,1.7571232092450373e-05,8.506116864737123e-05,9.23924471862847e-06,9.509376864194778,18803,0.14497369527816772,
pos,no_filler,21,15,⟨NEXT⟩,16.937480926513672,zed,2.147538907593116e-05,",Yes",1.9830789824482054e-05,rawer,1.9474882719805464e-05, Kon,1.946860174939502e-05,BYTE,1.8848939362214878e-05,,,,,,,,,,,,,,,,,,,,,,,,,,,,,,,0.9999009013972682,False,False,False,2.147538907593116e-05,9.909860091283917e-05,8.583182534493972e-06,9.524518904707342,36173,0.12895143032073975,
pos,no_filler,22,15,⟨NEXT⟩,16.938657760620117,zed,2.019235944317188e-05, ciz,1.9019349565496668e-05,uther,1.8577875380287878e-05,",Yes",1.817859993025195e-05,ToSend,1.7848135030362755e-05,,,,,,,,,,,,,,,,,,,,,,,,,,,,,,,0.9999061836806504,False,False,False,2.019235944317188e-05,9.381632116856053e-05,8.382329724554438e-06,9.547374023145803,40940,0.1100233644247055,
pos,no_filler,23,15,⟨NEXT⟩,16.93683624267578,zed,1.9929992049583234e-05, autogenerated,1.9564640751923434e-05,ToSend,1.9233357306802645e-05,████,1.869881452876143e-05,onium,1.8405236914986745e-05,,,,,,,,,,,,,,,,,,,,,,,,,,,,,,,0.9999041679584479,False,False,False,1.9929992049583234e-05,9.58320451900363e-05,8.073800017882604e-06,9.551779530730306,49787,0.0999993085861206,
pos,no_filler,24,15,⟨NEXT⟩,16.95054054260254,zed,1.6449706890853122e-05, ninete,1.6234258509939536e-05, �,1.6189074813155457e-05,GM,1.579500712978188e-05, German,1.556110510136932e-05,,,,,,,,,,,,,,,,,,,,,,,,,,,,,,,0.9999197708475549,False,False,False,1.6449706890853122e-05,8.022915426408872e-05,9.433393643121235e-06,9.541568576783279,12498,0.11320929229259491,
pos,no_filler,25,15,⟨NEXT⟩,16.9385929107666, McCart,2.1457388356793672e-05,stre,2.1310612282832153e-05,zed,1.971172787307296e-05, �,1.9478740796330385e-05,",Yes",1.8976235878653824e-05,,,,,,,,,,,,,,,,,,,,,,,,,,,,,,,0.9998990652948123,False,False,False,2.1457388356793672e-05,0.00010093470336869359,9.84873895504279e-06,9.554577344494541,13182,0.0985708236694336,
pos,no_filler,26,15,⟨NEXT⟩,16.93888282775879,stre,1.995479397010058e-05, McCart,1.9020901163457893e-05,zed,1.8737660866463557e-05,�,1.857295137597248e-05, Kon,1.8327396901440807e-05,,,,,,,,,,,,,,,,,,,,,,,,,,,,,,,0.9999053862957226,False,False,False,1.995479397010058e-05,9.461370791541412e-05,1.0654721336322837e-05,9.555984850509203,6325,0.10309332609176636,
pos,no_filler,27,15,⟨NEXT⟩,16.937597274780273, McCart,1.9139706637361087e-05,",Yes",1.91209383046953e-05, Lomb,1.896973481052555e-05, ninete,1.8674209059099667e-05, handleMessage,1.8381007976131514e-05,,,,,,,,,,,,,,,,,,,,,,,,,,,,,,,0.9999057144032122,False,False,False,1.9139706637361087e-05,9.428559860680252e-05,1.0894821571127977e-05,9.53554918400308,5525,0.11821923404932022,
pos,no_filler,28,15,⟨NEXT⟩,16.932729721069336,ieri,2.1234491214272566e-05,vent,2.0595785827026702e-05, ninete,2.050010152743198e-05, �,2.0000732547487132e-05,pole,1.9871407857863232e-05,,,,,,,,,,,,,,,,,,,,,,,,,,,,,,,0.9998977974810259,False,False,False,2.1234491214272566e-05,0.00010220252443104982,1.2390359188430011e-05,9.54869691369624,1934,0.10865651071071625,
pos,no_filler,29,15,⟨NEXT⟩,16.93239974975586, �,2.1619160179398023e-05, quits,2.0814321032958105e-05,ASTE,2.0787980247405358e-05,rio,2.0620836949092336e-05, autogenerated,2.0442481400095858e-05,,,,,,,,,,,,,,,,,,,,,,,,,,,,,,,0.999895715220191,False,False,False,2.1619160179398023e-05,0.00010428477253299206,1.0125951121153776e-05,9.5362508732186,12615,0.12588967382907867,
pos,no_filler,30,15,⟨NEXT⟩,16.9389705657959, autogenerated,2.0674166080425493e-05,ASTE,1.963199974852614e-05,icter,1.9328255802975036e-05, ciz,1.8647799151949584e-05, ninete,1.8373604689259082e-05,,,,,,,,,,,,,,,,,,,,,,,,,,,,,,,0.9999033441745269,False,False,False,2.0674166080425493e-05,9.665582911111414e-05,1.0852649211301468e-05,9.545207041744932,5370,0.1153661459684372,
pos,no_filler,31,15,⟨NEXT⟩,16.925840377807617, German,2.4249155103461817e-05, autogenerated,2.370656693528872e-05,_CF,2.3052076357998885e-05,ruh,2.282570676470641e-05,ieri,2.1684674720745534e-05,,,,,,,,,,,,,,,,,,,,,,,,,,,,,,,0.9998844818201178,False,False,False,2.4249155103461817e-05,0.00011551817442523316,1.506892658653669e-05,9.53511853944532,394,0.1250188648700714,
pos,no_filler,32,15,⟨NEXT⟩,16.940736770629883, quits,1.8775657736114226e-05,ling,1.8662578440853395e-05, �,1.8426602764520794e-05,lah,1.7947768355952576e-05, autogenerated,1.788005101843737e-05,,,,,,,,,,,,,,,,,,,,,,,,,,,,,,,0.9999083073416841,False,False,False,1.8775657736114226e-05,9.169265103992075e-05,1.248286571353674e-05,9.539047999052233,968,0.13645896315574646,
pos,no_filler,33,15,⟨NEXT⟩,16.92624282836914, quits,2.4658853362780064e-05, ciz,2.3747135855956003e-05,ruh,2.3298225642065518e-05,icter,2.2224628992262296e-05, autogenerated,2.179473995056469e-05,,,,,,,,,,,,,,,,,,,,,,,,,,,,,,,0.9998842764161964,False,False,False,2.4658853362780064e-05,0.00011572358198463917,1.4171334441925865e-05,9.536124293987566,736,0.1341579705476761,
pos,no_filler,34,15,⟨NEXT⟩,16.93115997314453, quits,2.2688518583890982e-05, ciz,2.2458310922957025e-05,uga,1.9832905309158377e-05, sever,1.982512912945822e-05, ├,1.951998274307698e-05,,,,,,,,,,,,,,,,,,,,,,,,,,,,,,,0.9998956751533115,False,False,False,2.2688518583890982e-05,0.00010432484850753099,1.6034346117521636e-05,9.512283370994359,113,0.15090793371200562,
pos,no_filler,35,15,⟨NEXT⟩,16.927886962890625,ieri,2.2713004000252113e-05,leta,2.2154283215058967e-05,ling,2.2149073629407212e-05, quits,2.182649404858239e-05,icter,2.1700254364986904e-05,,,,,,,,,,,,,,,,,,,,,,,,,,,,,,,0.9998894568907417,False,False,False,2.2713004000252113e-05,0.0001105431147152558,1.423242883902276e-05,9.519826530061202,624,0.15350306034088135,
pos,no_filler,36,15,⟨NEXT⟩,16.93869400024414,ieri,2.0092165868845768e-05, �,1.8793041817843914e-05,icter,1.876978603831958e-05," """,1.8732154785539024e-05, ciz,1.8598459064378403e-05,,,,,,,,,,,,,,,,,,,,,,,,,,,,,,,0.9999050143924251,False,False,False,2.0092165868845768e-05,9.49856112129055e-05,1.3262127140478697e-05,9.519261739035768,513,0.14945662021636963,
pos,no_filler,37,15,⟨NEXT⟩,16.932239532470703,ling,2.4142662368831225e-05, Kon,2.2319156414596364e-05," """,2.0950697944499552e-05, ├,2.079593832604587e-05, ',2.0225223124725744e-05,,,,,,,,,,,,,,,,,,,,,,,,,,,,,,,0.9998915663218213,False,False,False,2.4142662368831225e-05,0.00010843368363566697,1.3402192962530535e-05,9.498811625986974,797,0.16304975748062134,
pos,no_filler,38,15,⟨NEXT⟩,16.93143081665039, German,3.564576036296785e-05, Germany,2.9987482776050456e-05, Berlin,2.9641434593941085e-05,German,2.4365745048271492e-05, Kon,2.281642628076952e-05,,,,,,,,,,,,,,,,,,,,,,,,,,,,,,,0.999857543150938,False,False,False,3.564576036296785e-05,0.000142456847243011,2.9641434593941085e-05,9.47899372116275,3,0.1883273720741272,
pos,no_filler,39,15,⟨NEXT⟩,16.931921005249023, German,3.701877358253114e-05, Berlin,3.0328215871122666e-05, Germany,2.670351204869803e-05,German,2.4442588255624287e-05," """,2.227820186817553e-05,,,,,,,,,,,,,,,,,,,,,,,,,,,,,,,0.9998592287083738,False,False,False,3.701877358253114e-05,0.00014077128435019404,3.0328215871122666e-05,9.480866268265345,2,0.18570177257061005,
pos,no_filler,40,15,⟨NEXT⟩,16.935144424438477, German,3.175804886268452e-05, Berlin,2.805654912663158e-05, Germany,2.510331069061067e-05, Tier,2.300833148183301e-05,anas,2.272544770676177e-05,,,,,,,,,,,,,,,,,,,,,,,,,,,,,,,0.9998693483121315,False,False,False,3.175804886268452e-05,0.00013065169332548976,2.805654912663158e-05,9.465142926392863,2,0.19502249360084534,
pos,no_filler,41,15,⟨NEXT⟩,16.93324851989746, German,3.0802966648479924e-05, Berlin,2.9605480449390598e-05, Tier,2.4727809432079084e-05, Germany,2.3711885660304688e-05,anas,2.2186211936059408e-05,,,,,,,,,,,,,,,,,,,,,,,,,,,,,,,0.9998689656458737,False,False,False,3.0802966648479924e-05,0.0001310343504883349,2.9605480449390598e-05,9.449416144867365,2,0.2074579894542694,
pos,no_filler,42,15,⟨NEXT⟩,16.941736221313477, Berlin,2.6017985874204896e-05, German,2.4980641683214344e-05, Germany,2.1240743080852553e-05, Tier,2.035333454841748e-05, capital,2.026043694058899e-05,,,,,,,,,,,,,,,,,,,,,,,,,,,,,,,0.9998871468578727,False,False,True,2.6017985874204896e-05,0.00011285313667031005,2.6017985874204896e-05,9.443451786535443,1,0.21896889805793762,
pos,no_filler,43,15,⟨NEXT⟩,16.93764877319336, Berlin,2.7318199499859475e-05, German,2.5022049157996662e-05, Tier,2.4153690901584923e-05, Capital,2.094217052217573e-05, capital,2.0806970496778376e-05,,,,,,,,,,,,,,,,,,,,,,,,,,,,,,,0.9998817569194216,False,False,True,2.7318199499859475e-05,0.00011824307875940576,2.7318199499859475e-05,9.41968928763103,1,0.21071213483810425,
pos,no_filler,44,15,⟨NEXT⟩,16.922719955444336, Tier,3.513762203510851e-05, Berlin,3.469953662715852e-05, capital,3.338771057315171e-05, Capital,3.0409017199417576e-05, German,2.9902445021434687e-05,,,,,,,,,,,,,,,,,,,,,,,,,,,,,,,0.9998364636685437,False,False,False,3.513762203510851e-05,0.00016353634418919683,3.469953662715852e-05,9.399958062062842,2,0.229175865650177,
pos,no_filler,45,15,⟨NEXT⟩,16.9372615814209, Berlin,2.6188226911472157e-05, capital,2.4368997401325032e-05," """,2.4344548364751972e-05, Tier,2.4146089344867505e-05, German,2.1891031792620197e-05,,,,,,,,,,,,,,,,,,,,,,,,,,,,,,,0.999879061106185,False,False,True,2.6188226911472157e-05,0.00012093888653907925,2.6188226911472157e-05,9.412325678451689,1,0.2266816347837448,
pos,no_filler,46,15,⟨NEXT⟩,16.953838348388672," """,1.854841502790805e-05, Berlin,1.704982787487097e-05, ',1.648545548960101e-05, embod,1.615295695955865e-05,",",1.5435951354447752e-05,,,,,,,,,,,,,,,,,,,,,,,,,,,,,,,0.9999163273932936,False,False,False,1.854841502790805e-05,8.367261034436524e-05,1.704982787487097e-05,9.463372880950184,2,0.21998143196105957,
pos,no_filler,47,15,⟨NEXT⟩,16.937816619873047, Berlin,3.167306931572966e-05, Washington,2.7135974960401654e-05, capital,2.5039620595634915e-05," """,2.490824044798501e-05, Tier,2.422099350951612e-05,,,,,,,,,,,,,,,,,,,,,,,,,,,,,,,0.9998670221011707,False,False,True,3.167306931572966e-05,0.00013297790428623557,3.167306931572966e-05,9.421971153442678,1,0.23671245574951172,
pos,no_filler,48,15,⟨NEXT⟩,16.93754005432129, Berlin,3.2226264011114836e-05, Washington,2.6895146220340393e-05, capital,2.4888651751098223e-05," """,2.437545481370762e-05,Capital,2.2640315364697017e-05,,,,,,,,,,,,,,,,,,,,,,,,,,,,,,,0.999868974167839,False,False,True,3.2226264011114836e-05,0.00013102582306601107,3.2226264011114836e-05,9.417733500925419,1,0.24118918180465698,
pos,no_filler,49,15,⟨NEXT⟩,16.935354232788086, Berlin,3.572248897398822e-05, capital,2.9437494958983734e-05, Washington,2.854348349501379e-05," """,2.6012659873231314e-05,Capital,2.4969793230411597e-05,,,,,,,,,,,,,,,,,,,,,,,,,,,,,,,0.9998553140794684,False,False,True,3.572248897398822e-05,0.00014468590961769223,3.572248897398822e-05,9.405930675562006,1,0.24507467448711395,
pos,no_filler,50,15,⟨NEXT⟩,16.94219207763672, Berlin,2.9537257432821207e-05," """,2.3789751139702275e-05, Washington,2.370875154156238e-05, capital,2.323673470527865e-05,Capital,2.022783155553043e-05,,,,,,,,,,,,,,,,,,,,,,,,,,,,,,,0.9998794996736251,False,False,True,2.9537257432821207e-05,0.00012050032091792673,2.9537257432821207e-05,9.414055823919368,1,0.24174971878528595,
pos,no_filler,51,15,⟨NEXT⟩,16.938587188720703, Berlin,3.626017496571876e-05, capital,2.643832704052329e-05, Washington,2.505767588445451e-05," """,2.4209535695263185e-05,Capital,2.188196958741173e-05,,,,,,,,,,,,,,,,,,,,,,,,,,,,,,,0.9998661523168266,False,False,True,3.626017496571876e-05,0.00013384768681135029,3.626017496571876e-05,9.401956500465868,1,0.2456510365009308,
pos,no_filler,52,15,⟨NEXT⟩,16.9196720123291, Berlin,5.676907312590629e-05, Washington,3.9154729165602475e-05, capital,3.8760070310672745e-05, Tier,3.1255454814527184e-05," """,3.050312261621002e-05,,,,,,,,,,,,,,,,,,,,,,,,,,,,,,,0.9998035575499671,False,False,True,5.676907312590629e-05,0.0001964424445759505,5.676907312590629e-05,9.363761217501049,1,0.2652556300163269,
pos,no_filler,53,15,⟨NEXT⟩,16.93199920654297, Berlin,4.386941873235628e-05, capital,3.006738370459061e-05, Washington,2.9119886676198803e-05, Tier,2.7462976504466496e-05," """,2.5720359190017916e-05,,,,,,,,,,,,,,,,,,,,,,,,,,,,,,,0.9998437599751924,False,False,True,4.386941873235628e-05,0.00015624001389369369,4.386941873235628e-05,9.39299482849471,1,0.26083314418792725,
pos,no_filler,54,15,⟨NEXT⟩,16.942058563232422, Berlin,3.5655146348290145e-05, Washington,2.4294989998452365e-05," """,2.3076785510056652e-05, capital,2.2696136511513032e-05, Tier,2.1672301954822615e-05,,,,,,,,,,,,,,,,,,,,,,,,,,,,,,,0.9998726046396769,False,False,True,3.5655146348290145e-05,0.0001273953530471772,3.5655146348290145e-05,9.411017922374528,1,0.25531578063964844,
pos,no_filler,55,15,⟨NEXT⟩,16.941699981689453, Berlin,3.909752922481857e-05," """,2.4156091967597604e-05, Washington,2.4079468857962638e-05, Tier,2.3331887859967537e-05,Berlin,2.315547135367524e-05,,,,,,,,,,,,,,,,,,,,,,,,,,,,,,,0.999866179550736,False,False,True,3.909752922481857e-05,0.00013382044562604278,3.909752922481857e-05,9.38914035332357,1,0.2334243655204773,
pos,no_filler,56,15,⟨NEXT⟩,16.917144775390625, Berlin,9.01221574167721e-05,Berlin,4.4114261982031167e-05, capital,4.028883631690405e-05, Washington,3.8832586142234504e-05, Tier,3.843201557174325e-05,,,,,,,,,,,,,,,,,,,,,,,,,,,,,,,0.9997482101425703,False,False,True,9.01221574167721e-05,0.0002517898683436215,9.01221574167721e-05,9.35235807981824,1,0.2727101445198059,
pos,no_filler,57,15,⟨NEXT⟩,16.93106460571289, Berlin,6.665686669293791e-05,Berlin,3.581634518923238e-05, Washington,3.164586814818904e-05, Tier,3.146797462250106e-05," """,2.9197568437666632e-05,,,,,,,,,,,,,,,,,,,,,,,,,,,,,,,0.9998052153769095,False,False,True,6.665686669293791e-05,0.0001947846176335588,6.665686669293791e-05,9.370627452854094,1,0.2662976384162903,
pos,no_filler,58,15,⟨NEXT⟩,16.938867568969727, Berlin,5.265594882075675e-05,Berlin,2.9471870220731944e-05, Washington,2.833178405126091e-05," """,2.672240043466445e-05, Tier,2.5465205908403732e-05,,,,,,,,,,,,,,,,,,,,,,,,,,,,,,,0.9998373527905642,False,False,True,5.265594882075675e-05,0.00016264720761682838,5.265594882075675e-05,9.38162746320328,1,0.2617935538291931,
pos,no_filler,59,15,⟨NEXT⟩,16.94300079345703, Berlin,4.7340963647002354e-05,Berlin,2.7251491701463237e-05, Washington,2.6229197828797624e-05," """,2.48300057137385e-05, Tier,2.2612792236031964e-05,,,,,,,,,,,,,,,,,,,,,,,,,,,,,,,0.999851735548873,False,False,True,4.7340963647002354e-05,0.0001482644584029913,4.7340963647002354e-05,9.395084761667993,1,0.25107425451278687,
pos,no_filler,60,15,⟨NEXT⟩,16.918087005615234, Berlin,0.00011879409430548549,Berlin,5.494277866091579e-05, Washington,4.1513078031130135e-05, berlin,3.748252856894396e-05, Tier,3.673387618619017e-05,,,,,,,,,,,,,,,,,,,,,,,,,,,,,,,0.9997105336442473,False,False,True,0.00011879409430548549,0.00028946634847670794,0.00011879409430548549,9.329482323461676,1,0.2832128703594208,
pos,no_filler,61,15,⟨NEXT⟩,16.937429428100586, Berlin,5.5356133088935167e-05,Berlin,3.089341043960303e-05, Washington,2.8488069801824167e-05," """,2.7772719477070495e-05, BER,2.4650285922689363e-05,,,,,,,,,,,,,,,,,,,,,,,,,,,,,,,0.9998328393812699,False,False,True,5.5356133088935167e-05,0.00016716061509214342,5.5356133088935167e-05,9.370324075457972,1,0.2649345397949219,
pos,no_filler,62,15,⟨NEXT⟩,16.950956344604492, Berlin,2.7532178137334995e-05," """,2.2177895516506396e-05, Washington,1.8529150111135095e-05,Berlin,1.795026946638245e-05, ',1.7803960872697644e-05,,,,,,,,,,,,,,,,,,,,,,,,,,,,,,,0.9998960065458959,False,False,True,2.7532178137334995e-05,0.00010399345046607777,2.7532178137334995e-05,9.415490847158168,1,0.22145527601242065,
pos,no_filler,63,15,⟨NEXT⟩,16.944299697875977, Berlin,3.65329506166745e-05," """,2.4743349058553576e-05,Berlin,2.2337382688419893e-05, Washington,2.1611096599372104e-05, Tier,2.124103411915712e-05,,,,,,,,,,,,,,,,,,,,,,,,,,,,,,,0.9998735341869178,False,False,True,3.65329506166745e-05,0.00012646580580621958,3.65329506166745e-05,9.39334773689428,1,0.24927279353141785,
pos,no_filler,64,15,⟨NEXT⟩,16.92377471923828, Berlin,5.593771129497327e-05," """,3.570002445485443e-05, Washington,2.9783665013383143e-05, Tier,2.9573187930509448e-05,Berlin,2.9050783268758096e-05,,,,,,,,,,,,,,,,,,,,,,,,,,,,,,,0.9998199546280375,False,False,True,5.593771129497327e-05,0.0001800453756004572,5.593771129497327e-05,9.335042866529372,1,0.2640067934989929,
pos,no_filler,65,15,⟨NEXT⟩,16.93585777282715," """,3.10959730995819e-05, Berlin,3.080387250520289e-05, ,2.5552175429766066e-05,...,2.4060578653006814e-05,:,2.3924270863062702e-05,,,,,,,,,,,,,,,,,,,,,,,,,,,,,,,0.9998645631294494,False,False,False,3.10959730995819e-05,0.00013543687236960977,3.080387250520289e-05,9.326264872029336,2,0.1769770085811615,
pos,no_filler,66,15,⟨NEXT⟩,16.93982696533203, Berlin,3.423449015826918e-05," """,2.8138367270003073e-05, Washington,2.2940352209843695e-05, BER,2.1577443476417102e-05, Tier,2.122677324223332e-05,,,,,,,,,,,,,,,,,,,,,,,,,,,,,,,0.9998718825736432,False,False,True,3.423449015826918e-05,0.000128117433632724,3.423449015826918e-05,9.36216109091742,1,0.22853538393974304,
pos,no_filler,67,15,⟨NEXT⟩,16.926671981811523, Berlin,5.3414150897879153e-05," """,3.386202661204152e-05, BER,3.170713534927927e-05, Washington,2.8736278181895614e-05, Tier,2.8662771001108922e-05,,,,,,,,,,,,,,,,,,,,,,,,,,,,,,,0.9998236176379578,False,False,True,5.3414150897879153e-05,0.0001763823674991727,5.3414150897879153e-05,9.34094049559276,1,0.2741767168045044,
pos,no_filler,68,15,⟨NEXT⟩,16.920604705810547, Berlin,5.790924478787929e-05," """,3.810821726801805e-05, BER,3.4291013434994966e-05, Washington,3.0262921427492984e-05, Tier,2.9341597837628797e-05,,,,,,,,,,,,,,,,,,,,,,,,,,,,,,,0.999810087005244,False,False,True,5.790924478787929e-05,0.0001899130002129823,5.790924478787929e-05,9.323578503022858,1,0.2763475179672241,
pos,no_filler,69,15,⟨NEXT⟩,16.930124282836914, Berlin,4.866649032919668e-05," """,3.488286165520549e-05, BER,3.09410497720819e-05, Ber,2.7506626793183386e-05, Tier,2.6070665626320988e-05,,,,,,,,,,,,,,,,,,,,,,,,,,,,,,,0.999831932305824,False,False,True,4.866649032919668e-05,0.00016806769417598844,4.866649032919668e-05,9.343146001107424,1,0.26059186458587646,
pos,no_filler,70,15,⟨NEXT⟩,16.924264907836914, Berlin,5.078142567072064e-05," """,3.729528543772176e-05, BER,3.251088855904527e-05, Ber,3.0354249247466214e-05, Washington,2.8350026695989072e-05,,,,,,,,,,,,,,,,,,,,,,,,,,,,,,,0.9998207081243891,False,False,True,5.078142567072064e-05,0.00017929187742993236,5.078142567072064e-05,9.311386996868496,1,0.24390381574630737,
pos,no_filler,71,15,⟨NEXT⟩,16.92055320739746, Berlin,5.2628445700975135e-05," """,4.235583764966577e-05, BER,3.538934834068641e-05, Ber,3.25753353536129e-05, Tier,2.897779631894082e-05,,,,,,,,,,,,,,,,,,,,,,,,,,,,,,,0.9998080732366361,False,False,True,5.2628445700975135e-05,0.00019192675244994462,5.2628445700975135e-05,9.303436582884409,1,0.27390843629837036,
pos,no_filler,72,15,⟨NEXT⟩,16.920549392700195, Berlin,5.431717727333307e-05," """,4.7473833546973765e-05, BER,3.8727048377040774e-05, Ber,3.6229572287993506e-05, Tier,3.10143586830236e-05,,,,,,,,,,,,,,,,,,,,,,,,,,,,,,,0.9997922380098316,False,False,True,5.431717727333307e-05,0.0002077619865303859,5.431717727333307e-05,9.298182168935249,1,0.282041072845459,
pos,no_filler,73,15,⟨NEXT⟩,16.91629409790039, Berlin,5.699236135114916e-05," """,5.6949018471641466e-05, Ber,3.695646591950208e-05, BER,3.619604103732854e-05, Tier,3.42895436915569e-05,,,,,,,,,,,,,,,,,,,,,,,,,,,,,,,0.9997786165695288,False,False,True,5.699236135114916e-05,0.00022138343774713576,5.699236135114916e-05,9.276085837952396,1,0.2860623002052307,
pos,no_filler,74,15,⟨NEXT⟩,16.91443634033203, Berlin,7.891253335401416e-05, Ber,6.407086038962007e-05, BER,5.970487472950481e-05," """,5.803325620945543e-05, Бер,4.397370867081918e-05,,,,,,,,,,,,,,,,,,,,,,,,,,,,,,,0.9996953047666466,False,False,True,7.891253335401416e-05,0.0003046952188014984,7.891253335401416e-05,9.24388930984967,1,0.285312682390213,
pos,no_filler,75,15,⟨NEXT⟩,16.913291931152344, Berlin,8.164206519722939e-05, Ber,7.720132998656482e-05," """,6.879286229377612e-05, BER,6.675009353784844e-05,Ber,4.674923184211366e-05,,,,,,,,,,,,,,,,,,,,,,,,,,,,,,,0.9996588644171425,False,False,True,8.164206519722939e-05,0.00034113560104742646,8.164206519722939e-05,9.218204732839215,1,0.28513777256011963,
pos,no_filler,76,15,⟨NEXT⟩,16.91972541809082, Berlin,9.290875459555537e-05," """,6.112962000770494e-05, Ber,5.7798257330432534e-05, BER,5.691214028047398e-05, ',4.312886449042708e-05,,,,,,,,,,,,,,,,,,,,,,,,,,,,,,,0.9996881223632954,False,False,True,9.290875459555537e-05,0.0003118776367045939,9.290875459555537e-05,9.219641819869825,1,0.28854089975357056,
pos,no_filler,77,15,⟨NEXT⟩,16.911863327026367, Berlin,0.00010987237328663468," """,7.890140113886446e-05, Ber,7.443279173457995e-05, BER,6.646014662692323e-05, ',5.277702439343557e-05,,,,,,,,,,,,,,,,,,,,,,,,,,,,,,,0.9996175562628196,False,False,True,0.00010987237328663468,0.0003824437444563955,0.00010987237328663468,9.167242145804945,1,0.3257809281349182,
pos,no_filler,78,15,⟨NEXT⟩,16.916698455810547, Berlin,9.970138489734381e-05," """,8.005734707694501e-05, Ber,7.563293183920905e-05, BER,6.107992521720007e-05, ',5.5482640163972974e-05,,,,,,,,,,,,,,,,,,,,,,,,,,,,,,,0.9996280457708053,False,False,True,9.970138489734381e-05,0.0003719542291946709,9.970138489734381e-05,9.139089273789306,1,0.35098832845687866,
pos,no_filler,79,15,⟨NEXT⟩,16.94367790222168, Berlin,4.062223888467997e-05," """,3.674058825708926e-05, “,3.476266283541918e-05, BER,3.1382318411488086e-05, ',2.88660576188704e-05,,,,,,,,,,,,,,,,,,,,,,,,,,,,,,,0.9998276261339925,False,False,True,4.062223888467997e-05,0.0001723738678265363,4.062223888467997e-05,9.267218412473909,1,0.4079936444759369,
pos,no_filler,80,15,⟨NEXT⟩,2.438934326171875, Berlin,0.7115849852561951," """,0.0778958722949028, “,0.03663189336657524, the,0.018289528787136078, in,0.016420774161815643,,,,,,,,,,,,,,,,,,,,,,,,,,,,,,,0.13917694613337517,False,False,True,0.7115849852561951,0.8608230352401733,0.7115849852561951,0.00024173093711299287,1,0.9999868869781494,
ctl,orig,0,16,⟨NEXT⟩,16.968050003051758, winding,9.172249519906472e-06, affirmative,9.151081030722708e-06,¨¨,8.990994501800742e-06,ucci,8.937382517615333e-06,treeview,8.89697275852086e-06,,,,,,,,,,,,,,,,,,,,,,,,,,,,,,,0.9999548513196714,False,False,False,9.172249519906472e-06,4.514868123806082e-05,7.87160752224736e-06,10.583813022027847,46165,0.0068040466867387295,3.6101073419558816e-07
ctl,orig,1,16,⟨NEXT⟩,16.960086822509766,cepts,1.3190950994612649e-05,こんに,1.3057258001936134e-05,мати,1.2843726835853886e-05,شته,1.2763802260451484e-05,alion,1.2707777386822272e-05,,,,,,,,,,,,,,,,,,,,,,,,,,,,,,,0.9999354364845203,False,False,False,1.3190950994612649e-05,6.456351547967643e-05,8.174120011972263e-06,10.58877093788692,39082,-0.017770763486623764,-1.0380445019109175e-06
ctl,orig,2,16,⟨NEXT⟩,16.963361740112305,улю,1.1950594853260554e-05,cepts,1.176985551865073e-05,мати,1.1651613021967933e-05,شته,1.151956803369103e-05,Як,1.1506710507092066e-05,,,,,,,,,,,,,,,,,,,,,,,,,,,,,,,0.9999416016580653,False,False,False,1.1950594853260554e-05,5.839834193466231e-05,7.885339073254727e-06,10.596245991824022,54484,0.02715297043323517,-1.0747289707069285e-06
ctl,orig,3,16,⟨NEXT⟩,16.962553024291992,zier,1.2395427802402992e-05,alls,1.228101973538287e-05,erton,1.177413923869608e-05,rella,1.177017384179635e-05,ォ,1.1743819413823076e-05,,,,,,,,,,,,,,,,,,,,,,,,,,,,,,,0.9999400354199679,False,False,False,1.2395427802402992e-05,5.996458276058547e-05,7.514796834584558e-06,10.592725162995558,82584,0.0013610278256237507,-1.7472434592491481e-06
ctl,orig,4,16,⟨NEXT⟩,16.958629608154297,alls,1.4645190276496578e-05,erton,1.3997386304254178e-05, unh,1.3446237971947994e-05, Hem,1.3390013918979093e-05,zier,1.3257600585347973e-05,,,,,,,,,,,,,,,,,,,,,,,,,,,,,,,0.999931263570943,False,False,False,1.4645190276496578e-05,6.873642996652052e-05,7.334670954151079e-06,10.588876879199852,87670,0.01158924214541912,-1.6412823242717423e-06
ctl,orig,5,16,⟨NEXT⟩,16.95722007751465,alls,1.5180959053395782e-05,erton,1.4168563211569563e-05, unh,1.391394471284002e-05, gum,1.3628708984469995e-05,agine,1.338159927399829e-05,,,,,,,,,,,,,,,,,,,,,,,,,,,,,,,0.9999297262247637,False,False,False,1.5180959053395782e-05,7.027377432677895e-05,7.183281468314817e-06,10.585466807198545,93403,-0.0053186374716460705,-2.592626969999401e-06
ctl,orig,6,16,⟨NEXT⟩,16.956125259399414,alls,1.4739714060851838e-05,BT,1.4453111361945048e-05, backs,1.4376618310052436e-05, gum,1.4171954717312474e-05,aders,1.404540307703428e-05,,,,,,,,,,,,,,,,,,,,,,,,,,,,,,,0.9999282131984728,False,False,False,1.4739714060851838e-05,7.178680243669078e-05,6.779479463148164e-06,10.58009200539378,108599,-0.0018179620383307338,-3.15662828143104e-06
ctl,orig,7,16,⟨NEXT⟩,16.95339012145996,NodeId,1.5573408745694906e-05,alls,1.548034379084129e-05,BT,1.5146620171435643e-05, backs,1.5007653018983547e-05, unh,1.4814747373748105e-05,,,,,,,,,,,,,,,,,,,,,,,,,,,,,,,0.9999239772268993,False,False,False,1.5573408745694906e-05,7.6022777648177e-05,7.2497523433412425e-06,10.58883835508606,86194,-0.0022205023560673,-2.506636519683525e-06
ctl,orig,8,16,⟨NEXT⟩,16.959407806396484,inds,1.3617102013085969e-05, unh,1.3115600268065464e-05,lia,1.2952968063473236e-05,inker,1.2828670151066035e-05, поба,1.2775828508893028e-05,,,,,,,,,,,,,,,,,,,,,,,,,,,,,,,0.9999347098309954,False,False,False,1.3617102013085969e-05,6.529016536660492e-05,7.051831289572874e-06,10.588584508693385,103127,-0.008128507062792778,-1.213987616210943e-06
ctl,orig,9,16,⟨NEXT⟩,16.95972442626953,lia,1.3480964298651088e-05,NodeId,1.3418389244179707e-05,inds,1.3237374332675245e-05,ctor,1.2732118193525821e-05,rop,1.2677426639129408e-05,,,,,,,,,,,,,,,,,,,,,,,,,,,,,,,0.9999344537272918,False,False,False,1.3480964298651088e-05,6.554627907462418e-05,7.457986157533014e-06,10.58302809320931,81590,-0.029064957052469254,-1.1157794688188005e-06
ctl,orig,10,16,⟨NEXT⟩,16.95246124267578,inds,1.6207668522838503e-05,NodeId,1.5754743799334392e-05,lia,1.5335792340920307e-05, backs,1.5150800209084991e-05, rim,1.5049539797473699e-05,,,,,,,,,,,,,,,,,,,,,,,,,,,,,,,0.9999225014553303,False,False,False,1.6207668522838503e-05,7.74985455791466e-05,7.260668098751921e-06,10.58280313990198,84599,-0.03269050270318985,-1.122426510846708e-06
ctl,orig,11,16,⟨NEXT⟩,16.956035614013672,inds,1.4724067114002537e-05, Reyn,1.4003695469000377e-05, Perkins,1.3852230040356517e-05,yal,1.380513913318282e-05,lia,1.3717209185415413e-05,,,,,,,,,,,,,,,,,,,,,,,,,,,,,,,0.999929897659058,False,False,False,1.4724067114002537e-05,7.010233821347356e-05,8.004669325600844e-06,10.564935518338542,50336,-0.03786034882068634,-3.666054908535443e-07
ctl,orig,12,16,⟨NEXT⟩,16.956371307373047,lia,1.4534424735757057e-05,lik,1.4101138731348328e-05,inds,1.3931427929492202e-05, Reyn,1.3663544450537302e-05,rop,1.3562004824052565e-05,,,,,,,,,,,,,,,,,,,,,,,,,,,,,,,0.9999302074593288,False,False,False,1.4534424735757057e-05,6.979254249017686e-05,7.828122761566192e-06,10.572473173960557,59247,-0.023649759590625763,-6.683158062514849e-07
ctl,orig,13,16,⟨NEXT⟩,16.9552059173584,lik,1.4350254787132144e-05,eds,1.4301366718427744e-05,roup,1.4209294931788463e-05,cepts,1.4201545127434656e-05,idders,1.4185004147293512e-05,,,,,,,,,,,,,,,,,,,,,,,,,,,,,,,0.9999287525342879,False,False,False,1.4350254787132144e-05,7.124746480258182e-05,7.226759407785721e-06,10.576058668265745,88699,-0.025256481021642685,-8.533015716238879e-07
ctl,orig,14,16,⟨NEXT⟩,16.950401306152344,idders,1.6934514860622585e-05,ouns,1.606216210348066e-05,eds,1.5122871445782948e-05,roup,1.4955886399548035e-05, Kok,1.4916481632099021e-05,,,,,,,,,,,,,,,,,,,,,,,,,,,,,,,0.9999220080835585,False,False,False,1.6934514860622585e-05,7.799191371304914e-05,7.58574424253311e-06,10.56282632310836,69315,-0.05006001517176628,-5.101965143694542e-07
ctl,orig,15,16,⟨NEXT⟩,16.953235626220703, Kok,1.5181734852376394e-05,idders,1.499563495599432e-05, spotlight,1.4767651009606197e-05,/plain,1.4449693480855785e-05, kok,1.4364577509695664e-05,,,,,,,,,,,,,,,,,,,,,,,,,,,,,,,0.9999262407081915,False,False,False,1.5181734852376394e-05,7.375929271802306e-05,9.143489478447009e-06,10.553189103284613,15170,-0.05172727629542351,-8.640199666842818e-10
ctl,orig,16,16,⟨NEXT⟩,16.952239990234375,/plain,1.5571049516438507e-05, Kok,1.5096923561941367e-05,idders,1.4930038560123648e-05, nut,1.473036263632821e-05,ibility,1.467670426791301e-05,,,,,,,,,,,,,,,,,,,,,,,,,,,,,,,0.9999249949214573,False,False,False,1.5571049516438507e-05,7.500508218072355e-05,8.882277143129613e-06,10.558931947962224,21740,-0.05321476608514786,-7.315366019611247e-07
ctl,orig,17,16,⟨NEXT⟩,16.94803810119629, nut,1.686434006842319e-05, Kok,1.6657901142025366e-05,ettes,1.595729736436624e-05,idders,1.578348565089982e-05,ya,1.56322967086453e-05,,,,,,,,,,,,,,,,,,,,,,,,,,,,,,,0.9999191046790656,False,False,False,1.686434006842319e-05,8.089532639132813e-05,9.968776794266887e-06,10.558164905339375,7709,-0.06072922423481941,-1.3330754882190377e-06
ctl,orig,18,16,⟨NEXT⟩,16.944168090820312, nut,1.9673625502036884e-05,idders,1.8188520698458888e-05, Kane,1.7780721464077942e-05, Irving,1.720237560220994e-05, Coy,1.677232103247661e-05,,,,,,,,,,,,,,,,,,,,,,,,,,,,,,,0.9999103824357007,False,False,False,1.9673625502036884e-05,8.961756248027086e-05,1.0574707630439661e-05,10.54963250206477,5056,-0.05711572989821434,-5.293259164318442e-09
ctl,orig,19,16,⟨NEXT⟩,16.947431564331055, nut,1.6862453776411712e-05,ya,1.6326817785738967e-05,ys,1.627839264983777e-05, Kane,1.618389978830237e-05,yt,1.6168434740393423e-05,,,,,,,,,,,,,,,,,,,,,,,,,,,,,,,0.9999181800012593,False,False,False,1.6862453776411712e-05,8.181999874068424e-05,1.0225255209661555e-05,10.54312467855612,5864,-0.08226130902767181,-7.304442988242954e-07
ctl,orig,20,16,⟨NEXT⟩,16.946348190307617, nut,1.8250944776809774e-05,ToSend,1.772183350112755e-05, Moran,1.7473968910053372e-05, Tay,1.7060705431504175e-05, Kane,1.704654459899757e-05,,,,,,,,,,,,,,,,,,,,,,,,,,,,,,,0.9999124460027815,False,False,False,1.8250944776809774e-05,8.755399903748184e-05,1.086694192053983e-05,10.537598532018597,3041,-0.051598891615867615,9.588939064997248e-07
ctl,orig,21,16,⟨NEXT⟩,16.93800926208496, burge,2.1667920009349473e-05, simply,2.1279141947161406e-05, Kirby,2.0361836504889652e-05,ToSend,2.0212179151712917e-05, nut,2.0192501324345358e-05,,,,,,,,,,,,,,,,,,,,,,,,,,,,,,,0.9998962864210625,False,False,False,2.1667920009349473e-05,0.00010371358803240582,1.2133199561503716e-05,10.540035182216021,1679,-0.03320537507534027,2.194145054090768e-06
ctl,orig,22,16,⟨NEXT⟩,16.93799591064453, simply,2.115695497195702e-05, Kane,2.0622086594812572e-05, nut,2.0162875443929806e-05,�,1.9974306269432418e-05, burge,1.968611468328163e-05,,,,,,,,,,,,,,,,,,,,,,,,,,,,,,,0.9998983976620366,False,False,False,2.115695497195702e-05,0.00010160234523937106,1.1591960173973348e-05,10.54716902257381,2808,-0.017194505780935287,2.213286279584281e-06
ctl,orig,23,16,⟨NEXT⟩,16.935909271240234, simply,2.149174179066904e-05, bur,2.110217792505864e-05, burge,2.0703766494989395e-05, Kane,2.052821400866378e-05, Mills,2.0237734133843333e-05,,,,,,,,,,,,,,,,,,,,,,,,,,,,,,,0.9998959363656468,False,False,False,2.149174179066904e-05,0.00010406363435322419,1.1175345207448117e-05,10.543425992160431,4568,-0.0203205905854702,3.1911504265735857e-06
ctl,orig,24,16,⟨NEXT⟩,16.949871063232422,�,1.7058982848539017e-05, bur,1.694064303592313e-05, Mills,1.631545092095621e-05,zed,1.5773324776091613e-05, �,1.5757914297864772e-05,,,,,,,,,,,,,,,,,,,,,,,,,,,,,,,0.9999181536841206,False,False,False,1.7058982848539017e-05,8.184630860341713e-05,9.993210369430017e-06,10.54111110567982,6516,-0.03343813866376877,1.2863301890320145e-06
ctl,orig,25,16,⟨NEXT⟩,16.937349319458008,�,2.4814613425405696e-05, Mills,2.1094228941365145e-05,za,2.1003179426770657e-05,zed,2.069911170110572e-05, bur,1.908175545395352e-05,,,,,,,,,,,,,,,,,,,,,,,,,,,,,,,0.9998933071110514,False,False,False,2.4814613425405696e-05,0.00010669288894860074,1.0279765774612315e-05,10.539160134488432,9469,-0.030796045437455177,5.643669283017516e-07
ctl,orig,26,16,⟨NEXT⟩,16.93813705444336,�,2.4082195523078553e-05,za,2.0706576833617873e-05,zed,1.9832228645100258e-05, lif,1.880443778645713e-05,[url,1.8448292394168675e-05,,,,,,,,,,,,,,,,,,,,,,,,,,,,,,,0.9998981262688176,False,False,False,2.4082195523078553e-05,0.00010187373118242249,1.028440601658076e-05,10.54553449946001,9195,-0.02019917033612728,-4.2118426790693775e-07
ctl,orig,27,16,⟨NEXT⟩,16.936859130859375,za,2.032137672358658e-05,zed,1.9948183762608096e-05, bur,1.914495624077972e-05, Mills,1.912957668537274e-05,GM,1.88840385817457e-05,,,,,,,,,,,,,,,,,,,,,,,,,,,,,,,0.9999025718680059,False,False,False,2.032137672358658e-05,9.742812835611403e-05,1.1317179087200202e-05,10.530977887890982,3821,-0.0314347930252552,5.236706783762202e-07
ctl,orig,28,16,⟨NEXT⟩,16.932483673095703,/plain,2.340393803024199e-05, plain,2.2535896277986467e-05,za,2.0875377231277525e-05,zed,2.059385042230133e-05, Verd,1.993060504901223e-05,,,,,,,,,,,,,,,,,,,,,,,,,,,,,,,0.9998926603329892,False,False,False,2.340393803024199e-05,0.00010733966337284073,1.1554191587492824e-05,10.54666270564967,3993,-0.005036662332713604,8.7591524788877e-07
ctl,orig,29,16,⟨NEXT⟩,16.932472229003906, plain,2.8183701942907646e-05,/plain,2.6390176572022028e-05,zed,2.528571531001944e-05, simply,2.12096292671049e-05,plain,1.998176048800815e-05,,,,,,,,,,,,,,,,,,,,,,,,,,,,,,,0.9998789490164199,False,False,False,2.8183701942907646e-05,0.00012105097994208336,1.2011410944978707e-05,10.54791061176433,2740,0.005211539566516876,2.3439542928826995e-06
ctl,orig,30,16,⟨NEXT⟩,16.9383602142334, plain,2.1431800632853992e-05,zed,2.135904651368037e-05,/plain,2.0567358660628088e-05, simply,1.9215080101275817e-05, Barton,1.8872682630899362e-05,,,,,,,,,,,,,,,,,,,,,,,,,,,,,,,0.9998985540314607,False,False,False,2.1431800632853992e-05,0.00010144597035832703,1.1191527846676763e-05,10.53898471218455,3979,0.002626249101012945,2.06513414013898e-06
ctl,orig,31,16,⟨NEXT⟩,16.924667358398438, simply,2.6447671189089306e-05,zed,2.4101382223307155e-05,/plain,2.3110309484764002e-05, plain,2.2932750653126277e-05,λι,2.1377936718636192e-05,,,,,,,,,,,,,,,,,,,,,,,,,,,,,,,0.9998820299497311,False,False,False,2.6447671189089306e-05,0.00011797004844993353,1.3962962839286774e-05,10.521897203925425,920,-0.013158871792256832,2.750824023678433e-06
ctl,orig,32,16,⟨NEXT⟩,16.940330505371094, plain,2.0282879631849937e-05, simply,2.0270175809855573e-05, ',1.935106956807431e-05,zed,1.9123575839330442e-05,……。,1.88061676453799e-05,,,,,,,,,,,,,,,,,,,,,,,,,,,,,,,0.9999021661315055,False,False,False,2.0282879631849937e-05,9.783387213246897e-05,1.2388914910843596e-05,10.532800903990127,1098,0.002399629447609186,2.4444707378279418e-06
ctl,orig,33,16,⟨NEXT⟩,16.926761627197266, plain,2.5902263587340713e-05, ',2.3020164007903077e-05,……。,2.210103048128076e-05," """,2.181442323490046e-05, simply,2.1093737814226188e-05,,,,,,,,,,,,,,,,,,,,,,,,,,,,,,,0.9998860683808743,False,False,False,2.5902263587340713e-05,0.00011393161548767239,1.3391268112172838e-05,10.519850610380159,1306,0.0006813667714595795,3.2928619475569576e-06
ctl,orig,34,16,⟨NEXT⟩,16.93231964111328, simply,2.651516297191847e-05, plain,2.3408225388266146e-05,ise,2.258243694086559e-05,……。,2.24660434469115e-05," """,2.1225081582088023e-05,,,,,,,,,,,,,,,,,,,,,,,,,,,,,,,0.99988380304967,False,False,False,2.651516297191847e-05,0.00011619695578701794,1.256604718946619e-05,10.513560860872804,1751,0.0055070845410227776,4.459689080249518e-07
ctl,orig,35,16,⟨NEXT⟩,16.929248809814453, simply,3.2956766517600045e-05," """,2.5826677301665768e-05,ise,2.3133918148232624e-05, plain,2.2525378881255165e-05,(cf,2.232387851108797e-05,,,,,,,,,,,,,,,,,,,,,,,,,,,,,,,0.9998732333806402,False,False,False,3.2956766517600045e-05,0.00012676662299782038,1.3331620721146464e-05,10.527759060597434,1200,0.04219362884759903,4.757121132570319e-07
ctl,orig,36,16,⟨NEXT⟩,16.939895629882812," """,2.277475687151309e-05, simply,2.2460546460933983e-05,ise,2.0009259969810955e-05, ',1.9545337636373006e-05,iei,1.9168848666595295e-05,,,,,,,,,,,,,,,,,,,,,,,,,,,,,,,0.9998960412503948,False,False,False,2.277475687151309e-05,0.00010395875142421573,1.0878327884711325e-05,10.528055558687521,4957,0.03767656534910202,-6.24248968961183e-07
ctl,orig,37,16,⟨NEXT⟩,16.934904098510742, simply,2.5561304937582463e-05," """,2.376639713475015e-05,iei,2.2690037440042943e-05, ',2.1746325728599913e-05,zed,1.9997234630864114e-05,,,,,,,,,,,,,,,,,,,,,,,,,,,,,,,0.9998862387001282,False,False,False,2.5561304937582463e-05,0.00011376129987183958,1.0555959306657314e-05,10.530536236443567,8233,0.05178254470229149,-7.070721039781347e-07
ctl,orig,38,16,⟨NEXT⟩,16.934234619140625," """,2.7148147637490183e-05, simply,2.6889210857916623e-05, ',2.4164613932953216e-05, France,2.2299433112493716e-05,iei,2.1685438696295023e-05,,,,,,,,,,,,,,,,,,,,,,,,,,,,,,,0.9998778131557629,False,False,False,2.7148147637490183e-05,0.00012218684423714876,2.1029525669291615e-05,10.4999061263249,6,0.06933258473873138,9.106839570449665e-06
ctl,orig,39,16,⟨NEXT⟩,16.935258865356445, simply,2.4975503038149327e-05," """,2.3943071937537752e-05, ',2.148843304894399e-05,iei,2.1468096747412346e-05, France,2.1452764485729858e-05,,,,,,,,,,,,,,,,,,,,,,,,,,,,,,,0.9998866721307422,False,False,False,2.4975503038149327e-05,0.00011332787107676268,1.9432945919106714e-05,10.507222956223208,9,0.08757840096950531,7.529830327257514e-06
ctl,orig,40,16,⟨NEXT⟩,16.9378719329834," """,2.252476588182617e-05, simply,2.224035961262416e-05, ',2.1151692635612562e-05, France,2.0934125132043846e-05, Paris,2.0043082258780487e-05,,,,,,,,,,,,,,,,,,,,,,,,,,,,,,,0.9998931059744791,False,False,False,2.252476588182617e-05,0.00010689401824492961,2.0043082258780487e-05,10.513790629694356,5,0.1072411835193634,7.94363677414367e-06
ctl,orig,41,16,⟨NEXT⟩,16.936939239501953," """,2.4871789719327353e-05, ',2.161001248168759e-05,zed,2.156108894268982e-05, France,2.0543635400827043e-05, Paris,2.0413859601831064e-05,,,,,,,,,,,,,,,,,,,,,,,,,,,,,,,0.9998909996138536,False,False,False,2.4871789719327353e-05,0.00010900039342232049,2.0413859601831064e-05,10.501156096231371,5,0.11511306464672089,8.091565177892335e-06
ctl,orig,42,16,⟨NEXT⟩,16.944971084594727," """,2.2783449821872637e-05, ',1.9751860236283392e-05, simply,1.837202944443561e-05, France,1.812335722206626e-05, Paris,1.8069582438329235e-05,,,,,,,,,,,,,,,,,,,,,,,,,,,,,,,0.999902899720837,False,False,False,2.2783449821872637e-05,9.710028098197654e-05,1.8069582438329235e-05,10.501997435359392,5,0.0993601605296135,5.659187991113868e-06
ctl,orig,43,16,⟨NEXT⟩,16.94194984436035," """,2.2542544684256427e-05, France,2.2523045117850415e-05, Paris,2.1790694518131204e-05, ',1.966094714589417e-05, French,1.8642878785612993e-05,,,,,,,,,,,,,,,,,,,,,,,,,,,,,,,0.9998948398897483,False,False,False,2.2542544684256427e-05,0.0001051601066137664,2.1790694518131204e-05,10.491372347189088,3,0.07743923366069794,9.157413842331152e-06
ctl,orig,44,16,⟨NEXT⟩,16.926219940185547, France,3.501713217701763e-05, Paris,3.053558975807391e-05," """,2.943258914456237e-05, French,2.6680290829972364e-05, ',2.463929013174493e-05,,,,,,,,,,,,,,,,,,,,,,,,,,,,,,,0.9998536951079586,False,False,False,3.501713217701763e-05,0.00014630489749833941,3.053558975807391e-05,10.46902010602175,2,0.09874395281076431,1.5792727026564535e-05
ctl,orig,45,16,⟨NEXT⟩,16.940860748291016," """,2.7740257792174816e-05, ',2.4338711227755994e-05, Paris,2.200247581640724e-05, France,2.1182509954087436e-05, French,1.9316850739414804e-05,,,,,,,,,,,,,,,,,,,,,,,,,,,,,,,0.9998854191944702,False,False,False,2.7740257792174816e-05,0.00011458080552984029,2.200247581640724e-05,10.472867013956249,3,0.06450998783111572,8.131604772643186e-06
ctl,orig,46,16,⟨NEXT⟩,16.955591201782227," """,1.817520933400374e-05, ',1.7115307855419815e-05, embod,1.5165383047133218e-05, Paris,1.4183749044605065e-05, bur,1.4094577636569738e-05,,,,,,,,,,,,,,,,,,,,,,,,,,,,,,,0.9999212657730823,False,False,False,1.817520933400374e-05,7.873422873672098e-05,1.4183749044605065e-05,10.499143211285672,4,0.01154271699488163,2.722403223742731e-06
ctl,orig,47,16,⟨NEXT⟩,16.939624786376953," """,2.669329296622891e-05, Paris,2.4658731490490027e-05, France,2.3760720068821684e-05, ',2.3223466996569186e-05, simply,2.0675577616202645e-05,,,,,,,,,,,,,,,,,,,,,,,,,,,,,,,0.9998809882108617,False,False,False,2.669329296622891e-05,0.00011901178368134424,2.4658731490490027e-05,10.46851585288942,2,0.0854158103466034,1.0229309737042058e-05
ctl,orig,48,16,⟨NEXT⟩,16.93914794921875," """,2.7689349735737778e-05, Paris,2.7217860406381078e-05, France,2.61034001596272e-05, ',2.3413027520291507e-05,Paris,2.1526213458855636e-05,,,,,,,,,,,,,,,,,,,,,,,,,,,,,,,0.9998740501487191,False,False,False,2.7689349735737778e-05,0.0001259498530998826,2.7217860406381078e-05,10.454032849894961,2,0.06885375827550888,1.3583888176071923e-05
ctl,orig,49,16,⟨NEXT⟩,16.937070846557617, Paris,2.8522761567728594e-05," """,2.7300351575831883e-05, France,2.522913200664334e-05, ',2.389908695477061e-05,Paris,2.266563751618378e-05,,,,,,,,,,,,,,,,,,,,,,,,,,,,,,,0.9998723830303788,False,False,True,2.8522761567728594e-05,0.00012761697871610522,2.8522761567728594e-05,10.447361298902692,1,0.06538352370262146,1.4458074474532623e-05
ctl,orig,50,16,⟨NEXT⟩,16.94420051574707," """,2.3483435143134557e-05, Paris,2.1863987058168277e-05, ',2.115289680659771e-05, France,1.9286206224933267e-05, simply,1.885881465568673e-05,,,,,,,,,,,,,,,,,,,,,,,,,,,,,,,0.9998953546601115,False,False,False,2.3483435143134557e-05,0.00010464533988852054,2.1863987058168277e-05,10.45229651305185,2,0.021274877712130547,8.616963896201923e-06
ctl,orig,51,16,⟨NEXT⟩,16.93984031677246," """,2.61446457443526e-05, Paris,2.5625995476730168e-05, France,2.198622314608656e-05, ',2.1767842554254457e-05,Paris,2.0410936485859565e-05,,,,,,,,,,,,,,,,,,,,,,,,,,,,,,,0.9998840643565927,False,False,False,2.61446457443526e-05,0.00011593564704526216,2.5625995476730168e-05,10.436205816237127,2,0.022293899208307266,1.1736615306290332e-05
ctl,orig,52,16,⟨NEXT⟩,16.920982360839844, Paris,4.1280985897174105e-05," """,3.378703331691213e-05,Paris,3.0132247047731653e-05, France,2.8870785172330216e-05, simply,2.6789379262481816e-05,,,,,,,,,,,,,,,,,,,,,,,,,,,,,,,0.9998391395693034,False,False,True,4.1280985897174105e-05,0.0001608604216016829,4.1280985897174105e-05,10.407932556365884,1,0.0614614337682724,2.549558485043235e-05
ctl,orig,53,16,⟨NEXT⟩,16.932281494140625, Paris,3.5400051274336874e-05," """,3.0584746127715334e-05,Paris,2.680552461242769e-05, France,2.5060313419089653e-05, simply,2.4240554921561852e-05,,,,,,,,,,,,,,,,,,,,,,,,,,,,,,,0.9998579088096449,False,False,True,3.5400051274336874e-05,0.0001420911867171526,3.5400051274336874e-05,10.420760398328438,1,0.04365525767207146,2.0481893443502486e-05
ctl,orig,54,16,⟨NEXT⟩,16.94197654724121, Paris,2.64852187683573e-05," """,2.6479163352632895e-05,Paris,2.1231915525277145e-05, ',2.084152765746694e-05, simply,1.9661469195852987e-05,,,,,,,,,,,,,,,,,,,,,,,,,,,,,,,0.9998853007055004,False,False,True,2.64852187683573e-05,0.00011469929449958727,2.64852187683573e-05,10.429744772009512,1,0.007589018903672695,1.2483078535296954e-05
ctl,orig,55,16,⟨NEXT⟩,16.94136619567871, Paris,2.8531656425911933e-05," """,2.806045267789159e-05,Paris,2.244450843136292e-05, ',2.10530124604702e-05, ,2.0214842152199708e-05,,,,,,,,,,,,,,,,,,,,,,,,,,,,,,,0.9998796955278522,False,False,True,2.8531656425911933e-05,0.00012030447396682575,2.8531656425911933e-05,10.407355382589587,1,-0.061747416853904724,1.4013291547598783e-05
ctl,orig,56,16,⟨NEXT⟩,16.91870880126953, Paris,6.165741797303781e-05,Paris,4.444541991688311e-05, France,3.712882971740328e-05," """,3.286659557488747e-05, simply,2.6860787329496816e-05,,,,,,,,,,,,,,,,,,,,,,,,,,,,,,,0.9997970409494883,False,False,True,6.165741797303781e-05,0.0002029590541496873,6.165741797303781e-05,10.39454680268393,1,0.052839525043964386,4.3824067688547075e-05
ctl,orig,57,16,⟨NEXT⟩,16.932138442993164, Paris,4.703917875303887e-05,Paris,3.521119288052432e-05, France,2.9640603315783665e-05," """,2.9057493520667776e-05, ,2.2685733711114153e-05,,,,,,,,,,,,,,,,,,,,,,,,,,,,,,,0.9998363657978189,False,False,True,4.703917875303887e-05,0.0001636342058191076,4.703917875303887e-05,10.40613774542148,1,0.017837028950452805,2.9862805604352616e-05
ctl,orig,58,16,⟨NEXT⟩,16.939777374267578, Paris,3.82169964723289e-05,Paris,2.9097933293087408e-05," """,2.64635200437624e-05, France,2.4384173229918815e-05, ,2.057276651612483e-05,,,,,,,,,,,,,,,,,,,,,,,,,,,,,,,0.9998612646104448,False,False,True,3.82169964723289e-05,0.00013873539865016937,3.82169964723289e-05,10.414666021112465,1,-0.008241068571805954,2.204264819738455e-05
ctl,orig,59,16,⟨NEXT⟩,16.942726135253906, Paris,3.42112107318826e-05,Paris,2.6501611500862055e-05," """,2.4119517547660507e-05, France,2.1945361368125305e-05, ,2.1667938199243508e-05,,,,,,,,,,,,,,,,,,,,,,,,,,,,,,,0.9998715543606522,False,False,True,3.42112107318826e-05,0.00012844563752878457,3.42112107318826e-05,10.41720035745558,1,-0.035327114164829254,1.8336708308197558e-05
ctl,orig,60,16,⟨NEXT⟩,16.921266555786133, Paris,7.234449003590271e-05,Paris,4.936777622788213e-05, France,3.743619527085684e-05," """,2.8737134925904684e-05, Пари,2.7616257284535095e-05,,,,,,,,,,,,,,,,,,,,,,,,,,,,,,,0.9997844981462549,False,False,True,7.234449003590271e-05,0.00021550185920204967,7.234449003590271e-05,10.381894383025255,1,0.03726428002119064,5.0076308980351314e-05
ctl,orig,61,16,⟨NEXT⟩,16.938390731811523, Paris,3.78016775357537e-05,Paris,2.8206484785187058e-05," """,2.341599429200869e-05, France,2.317931102879811e-05, ,2.1131070752744563e-05,,,,,,,,,,,,,,,,,,,,,,,,,,,,,,,0.9998662654616055,False,False,True,3.78016775357537e-05,0.00013373454567044973,3.78016775357537e-05,10.403427298843882,1,-0.023831848055124283,2.0109278921154328e-05
ctl,orig,62,16,⟨NEXT⟩,16.950321197509766, Paris,2.2260664991335943e-05," """,2.0691009922302328e-05, ,1.9533610611688346e-05, ,1.807892658689525e-05,Paris,1.803666600608267e-05,,,,,,,,,,,,,,,,,,,,,,,,,,,,,,,0.9999013991218817,False,False,True,2.2260664991335943e-05,9.860088175628334e-05,2.2260664991335943e-05,10.429847273669425,1,-0.11482003331184387,8.328032890858594e-06
ctl,orig,63,16,⟨NEXT⟩,16.944995880126953, Paris,3.1810639484319836e-05,Paris,2.4298820790136233e-05," """,2.3385166059597395e-05, France,2.0811914509977214e-05, ',1.8838007235899568e-05,,,,,,,,,,,,,,,,,,,,,,,,,,,,,,,0.9998808554519201,False,False,True,3.1810639484319836e-05,0.00011914455535588786,3.1810639484319836e-05,10.414498166045222,1,-0.05203339457511902,1.5704559700679965e-05
ctl,orig,64,16,⟨NEXT⟩,16.925092697143555, Paris,5.250577669357881e-05,Paris,3.7191315641393885e-05," """,3.401521098567173e-05, France,3.1426599889528006e-05, ',2.488124846422579e-05,,,,,,,,,,,,,,,,,,,,,,,,,,,,,,,0.9998199798483256,False,False,True,5.250577669357881e-05,0.00018002017168328166,5.250577669357881e-05,10.370214009309256,1,-0.021668139845132828,3.157142418785952e-05
ctl,orig,65,16,⟨NEXT⟩,16.930604934692383, Paris,4.357783109298907e-05," """,3.325023499201052e-05, ,3.06531110254582e-05,Paris,3.017703966179397e-05, ,2.9801860364386812e-05,,,,,,,,,,,,,,,,,,,,,,,,,,,,,,,0.9998325399228634,False,False,True,4.357783109298907e-05,0.00016746007895562798,4.357783109298907e-05,10.33905144090352,1,-0.19411718845367432,2.5953979275072925e-05
ctl,orig,66,16,⟨NEXT⟩,16.938947677612305, Paris,5.07034310430754e-05,Paris,3.5707635106518865e-05," """,2.9231407097540796e-05, PAR,2.7136409698869102e-05, paris,2.4180204491131008e-05,,,,,,,,,,,,,,,,,,,,,,,,,,,,,,,0.9998330409125629,False,False,True,5.07034310430754e-05,0.00016695908561814576,5.07034310430754e-05,10.378821397019637,1,-0.1074114590883255,3.315775393275544e-05
ctl,orig,67,16,⟨NEXT⟩,16.929075241088867, Paris,4.628349779522978e-05, PAR,4.4396303565008566e-05," """,3.5729899536818266e-05,Paris,3.221001315978356e-05,.Par,3.188021946698427e-05,,,,,,,,,,,,,,,,,,,,,,,,,,,,,,,0.9998095000664762,False,False,True,4.628349779522978e-05,0.00019049993716180325,4.628349779522978e-05,10.363940082205781,1,-0.014187461696565151,2.8470745746744797e-05
ctl,orig,68,16,⟨NEXT⟩,16.92224884033203, Paris,5.387730197981e-05, PAR,4.878851177636534e-05," """,4.169749081484042e-05,Paris,3.648187703220174e-05,.Par,3.3917222026502714e-05,,,,,,,,,,,,,,,,,,,,,,,,,,,,,,,0.9997852375963703,False,False,True,5.387730197981e-05,0.0002147624036297202,5.387730197981e-05,10.340687339878526,1,-0.007172407582402229,3.523200393829029e-05
ctl,orig,69,16,⟨NEXT⟩,16.930009841918945, Paris,4.64736731373705e-05, PAR,4.213825013721362e-05," """,3.9676018786849454e-05,Paris,3.197497426299378e-05,.Par,2.910272996814456e-05,,,,,,,,,,,,,,,,,,,,,,,,,,,,,,,0.9998106343537074,False,False,True,4.64736731373705e-05,0.0001893656444735825,4.64736731373705e-05,10.345105918144492,1,-0.04586471617221832,2.9440179787343368e-05
ctl,orig,70,16,⟨NEXT⟩,16.923582077026367, Paris,5.420632442110218e-05," """,4.585438364301808e-05, PAR,4.475727109820582e-05,Paris,3.4878336009569466e-05, ,3.169721094309352e-05,,,,,,,,,,,,,,,,,,,,,,,,,,,,,,,0.999788606473885,False,False,True,5.420632442110218e-05,0.00021139351883903146,5.420632442110218e-05,10.31927206019309,1,-0.09119713306427002,3.493051917757839e-05
ctl,orig,71,16,⟨NEXT⟩,16.920713424682617, Paris,6.865432806080207e-05," """,5.302366480464116e-05, PAR,4.97055116284173e-05,Paris,4.362164327176288e-05,.Par,3.330976687720977e-05,,,,,,,,,,,,,,,,,,,,,,,,,,,,,,,0.9997516850853572,False,False,True,6.865432806080207e-05,0.0002483149291947484,6.865432806080207e-05,10.31755016989265,1,-0.027704838663339615,4.8227457227767445e-05
ctl,orig,72,16,⟨NEXT⟩,16.919322967529297, Paris,7.33548731659539e-05," """,6.0132162616355345e-05, PAR,5.137012340128422e-05,Paris,4.5997669076314196e-05,.Par,3.624636883614585e-05,,,,,,,,,,,,,,,,,,,,,,,,,,,,,,,0.999732898802904,False,False,True,7.33548731659539e-05,0.0002671011898200959,7.33548731659539e-05,10.305219013825786,1,-0.012955907732248306,5.229829730524216e-05
ctl,orig,73,16,⟨NEXT⟩,16.91431427001953, Paris,8.268578676506877e-05," """,7.30348183424212e-05, PAR,5.594784306595102e-05,Paris,5.0401678890921175e-05, ',4.1555646021151915e-05,,,,,,,,,,,,,,,,,,,,,,,,,,,,,,,0.9996963742269145,False,False,True,8.268578676506877e-05,0.0003036257694475353,8.268578676506877e-05,10.286102798217083,1,-0.0115112429484725,6.134822979220189e-05
ctl,orig,74,16,⟨NEXT⟩,16.91169548034668, Paris,8.336886821780354e-05," """,7.865896623115987e-05, PAR,5.4137119150254875e-05, ',5.123999289935455e-05,Paris,4.9303238483844325e-05,,,,,,,,,,,,,,,,,,,,,,,,,,,,,,,0.9996832918150176,False,False,True,8.336886821780354e-05,0.0003167082031723112,8.336886821780354e-05,10.269251938085546,1,-0.023525506258010864,6.245832810236607e-05
ctl,orig,75,16,⟨NEXT⟩,16.908769607543945, Paris,0.00010169886809308082," """,8.775972673902288e-05, PAR,5.911880361963995e-05,Paris,5.602481178357266e-05, ',5.35169274371583e-05,,,,,,,,,,,,,,,,,,,,,,,,,,,,,,,0.9996418808623275,False,False,True,0.00010169886809308082,0.0003581191413104534,0.00010169886809308082,10.240690435291457,1,-0.03542770445346832,7.952395390020683e-05
ctl,orig,76,16,⟨NEXT⟩,16.915512084960938, Paris,0.00011558331607375294," """,8.276050357380882e-05, PAR,6.878862768644467e-05,Paris,6.579561886610463e-05, ',5.180319203645922e-05,,,,,,,,,,,,,,,,,,,,,,,,,,,,,,,0.9996152687417634,False,False,True,0.00011558331607375294,0.00038473124732263386,0.00011558331607375294,10.24115341258758,1,-0.028696658089756966,9.550694812787697e-05
ctl,orig,77,16,⟨NEXT⟩,16.907726287841797, Paris,0.00015074139810167253," """,0.00012973265256732702, PAR,8.788935519987717e-05,Paris,8.05211893748492e-05, ',6.784623838029802e-05,,,,,,,,,,,,,,,,,,,,,,,,,,,,,,,0.999483269166376,False,False,True,0.00015074139810167253,0.0005167308263480663,0.00015074139810167253,10.197469131337824,1,0.024673162028193474,0.0001297553135373164
ctl,orig,78,16,⟨NEXT⟩,16.916776657104492," """,0.00010556743654888123, Paris,8.576075924793258e-05, ',6.083650441723876e-05,:,5.6499357015127316e-05,Paris,5.058737951912917e-05,,,,,,,,,,,,,,,,,,,,,,,,,,,,,,,0.9996407485632517,False,False,False,0.00010556743654888123,0.00035925142583437264,8.576075924793258e-05,10.195505777395574,2,0.03723013401031494,6.812294122937601e-05
ctl,orig,79,16,⟨NEXT⟩,16.941856384277344, Paris,5.909802712267265e-05," """,4.749777872348204e-05, “,4.077628182130866e-05,Paris,3.817206743406132e-05, PAR,3.75266645278316e-05,,,,,,,,,,,,,,,,,,,,,,,,,,,,,,,0.9997769291803706,False,False,True,5.909802712267265e-05,0.00022307081962935627,5.909802712267265e-05,10.275507978993332,1,0.12127683311700821,4.192993219476193e-05
ctl,orig,80,16,⟨NEXT⟩,2.438912868499756, Paris,0.5168690085411072," """,0.26614612340927124, “,0.06926778703927994, ',0.03359898924827576,:,0.020076844841241837,,,,,,,,,,,,,,,,,,,,,,,,,,,,,,,0.09404124692082405,False,False,True,0.5168690085411072,0.9059587717056274,0.5168690085411072,0.001066724239446453,1,0.9999901652336121,0.5168457566906
