prompt_id,prompt_variant,layer,pos,token,entropy,entropy_bits,top1,prob1,top2,prob2,top3,prob3,top4,prob4,top5,prob5,top6,prob6,top7,prob7,top8,prob8,top9,prob9,top10,prob10,top11,prob11,top12,prob12,top13,prob13,top14,prob14,top15,prob15,top16,prob16,top17,prob17,top18,prob18,top19,prob19,top20,prob20,rest_mass,copy_collapse,copy_strict@0.95,copy_strict@0.7,copy_strict@0.8,copy_strict@0.9,copy_soft_k1@0.5,copy_soft_k2@0.5,copy_soft_k3@0.5,entropy_collapse,is_answer,p_top1,p_top5,p_answer,teacher_entropy_bits,kl_to_final_bits,kl_to_final_bits_norm_temp,answer_rank,topk_jaccard_raw_norm@50,topk_jaccard_consecutive@50,cos_to_final,cos_to_answer,cos_to_prompt_max,geom_crossover,echo_mass_prompt,answer_mass,answer_minus_echo_mass,mass_ratio_ans_over_prompt,topk_prompt_mass@50,control_margin,resid_norm_ratio,delta_resid_cos,answer_logit_gap,answer_vs_top1_gap
pos,orig,0,16,⟨NEXT⟩,16.20844078063965,16.20844078063965,INESS,0.0003912371175829321,commons,0.0003847374173346907,шки,0.0003792976785916835, prive,0.00036813379847444594,dain,0.00034071417758241296,,,,,,,,,,,,,,,,,,,,,,,,,,,,,,,0.9981358798104338,False,False,,,,False,False,False,False,False,0.0003912371175829321,0.0018641201313585043,5.55050201000995e-06,2.961002254229761,12.282952769479552,,54942,,,0.035665418952703476,,,,,,,,,,,,,-4.25542539358139
pos,orig,1,16,⟨NEXT⟩,15.53471565246582,15.53471565246582,abor,0.0017230166122317314,位,0.0014824349200353026,rah,0.001441666972823441,ution,0.0011481131659820676, IOCTL,0.0009944073390215635,,,,,,,,,,,,,,,,,,,,,,,,,,,,,,,0.9932103609899059,False,False,,,,False,False,False,False,False,0.0017230166122317314,0.006789638660848141,4.6996399305498926e-07,2.961002254229761,13.246674751854385,,118147,,,-0.031225087121129036,,,,,,,,,,,,,-8.206931352615356
pos,orig,2,16,⟨NEXT⟩,11.178244590759277,11.178244590759277,wart,0.09310780465602875,.Lookup,0.026934120804071426,ep,0.012900094501674175,ems,0.010807983577251434,ideshow,0.00770238833501935,,,,,,,,,,,,,,,,,,,,,,,,,,,,,,,0.8485476081259549,False,False,,,,False,False,False,False,False,0.09310780465602875,0.15145239233970642,7.228030085570936e-08,2.961002254229761,17.677660534185513,,86047,,,0.0007020006887614727,,,,,,,,,,,,,-14.068717122077942
pos,orig,3,16,⟨NEXT⟩,11.362027168273926,11.362027168273926, oto,0.04116363823413849,thon,0.03997348994016647, $?,0.02147439680993557, Επ,0.02007880061864853,ệu,0.009915489703416824,,,,,,,,,,,,,,,,,,,,,,,,,,,,,,,0.8673941846936941,False,False,,,,False,False,False,False,False,0.04116363823413849,0.13260582089424133,2.3640854607265283e-08,2.961002254229761,16.666866212338924,,107360,,,0.05044036731123924,,,,,,,,,,,,,-14.370089292526245
pos,orig,4,16,⟨NEXT⟩,11.614705085754395,11.614705085754395, oto,0.08408531546592712,bine,0.06728383898735046,rust,0.009650515392422676,ACKET,0.008084103465080261,anganese,0.0076908632181584835,,,,,,,,,,,,,,,,,,,,,,,,,,,,,,,0.823205363471061,False,False,,,,False,False,False,False,False,0.08408531546592712,0.17679463326931,2.6365958660790056e-07,2.961002254229761,16.062398101420808,,77413,,,0.1071336418390274,,,,,,,,,,,,,-12.672683298587799
pos,orig,5,16,⟨NEXT⟩,9.47183895111084,9.47183895111084,bine,0.1929527074098587, oto,0.045024458318948746, Counsel,0.044581249356269836,erral,0.01793786697089672,fol,0.012378230690956116,,,,,,,,,,,,,,,,,,,,,,,,,,,,,,,0.6871254872530699,False,False,,,,False,False,False,False,False,0.1929527074098587,0.31287452578544617,1.1695539114953135e-07,2.961002254229761,18.610850780517975,,69980,,,0.08277252316474915,,,,,,,,,,,,,-14.316163182258606
pos,orig,6,16,⟨NEXT⟩,11.473918914794922,11.473918914794922,нем,0.06658472120761871,bakan,0.020401746034622192,ắc,0.014023064635694027,añ,0.012899619527161121,rieg,0.012549567967653275,,,,,,,,,,,,,,,,,,,,,,,,,,,,,,,0.8735412806272507,False,False,,,,False,False,False,False,False,0.06658472120761871,0.12645871937274933,3.1861085858508886e-07,2.961002254229761,16.602458021660198,,61811,,,0.07397256791591644,,,,,,,,,,,,,-12.250015690922737
pos,orig,7,16,⟨NEXT⟩,10.50590991973877,10.50590991973877,нем,0.07968121767044067,bakan,0.035499390214681625,ắc,0.03512504696846008,phia,0.029510406777262688,enthal,0.02785911224782467,,,,,,,,,,,,,,,,,,,,,,,,,,,,,,,0.7923248261213303,False,False,,,,False,False,False,False,False,0.07968121767044067,0.20767517387866974,2.3862827447374e-07,2.961002254229761,18.159704514913447,,61862,,,-0.009763822890818119,,,,,,,,,,,,,-12.71863766014576
pos,orig,8,16,⟨NEXT⟩,11.31914234161377,11.31914234161377,ắc,0.03214016184210777,vět,0.01858821138739586, rounding,0.01603674329817295,phia,0.014444037340581417,AreaView,0.010910545475780964,,,,,,,,,,,,,,,,,,,,,,,,,,,,,,,0.907880300655961,False,False,,,,False,False,False,False,False,0.03214016184210777,0.09211970120668411,3.0801115258327627e-07,2.961002254229761,17.1757683796868,,52874,,,0.06696920096874237,,,,,,,,,,,,,-11.555480659008026
pos,orig,9,16,⟨NEXT⟩,8.846966743469238,8.846966743469238,kok,0.27283769845962524,AllowAnonymous,0.03706332668662071,roup,0.017494473606348038,FromArray,0.011655953712761402, その他,0.010852562263607979,,,,,,,,,,,,,,,,,,,,,,,,,,,,,,,0.6500959852710366,False,False,,,,False,False,False,False,False,0.27283769845962524,0.34990403056144714,8.433275411334762e-08,2.961002254229761,19.52896296388399,,68880,,,0.01759805902838707,,,,,,,,,,,,,-14.989617466926575
pos,orig,10,16,⟨NEXT⟩,10.461448669433594,10.461448669433594,kok,0.08968138694763184,θα,0.02368937060236931,scratch,0.023384904488921165,ีก,0.023001573979854584,wap,0.018174584954977036,,,,,,,,,,,,,,,,,,,,,,,,,,,,,,,0.8220681790262461,False,False,,,,False,False,False,False,False,0.08968138694763184,0.17793181538581848,2.9180478122725617e-07,2.961002254229761,18.473568725154454,,45803,,,0.0028487665113061666,,,,,,,,,,,,,-12.63568890094757
pos,orig,11,16,⟨NEXT⟩,9.672871589660645,9.672871589660645,籍,0.07996152341365814,kok,0.03541935235261917, armed,0.03473328799009323,agrant,0.02532997541129589,.det,0.022008994594216347,,,,,,,,,,,,,,,,,,,,,,,,,,,,,,,0.8025468662381172,False,False,,,,False,False,False,False,False,0.07996152341365814,0.19745314121246338,2.1449828579989116e-07,2.961002254229761,19.331159525751243,,45072,,,-0.051410652697086334,,,,,,,,,,,,,-12.828754305839539
pos,orig,12,16,⟨NEXT⟩,10.872074127197266,10.872074127197266,atos,0.05335850641131401,Ġ,0.028088314458727837, armed,0.02692885510623455, sentimental,0.0256962813436985,olland,0.011253206990659237,,,,,,,,,,,,,,,,,,,,,,,,,,,,,,,0.8546748356893659,False,False,,,,False,False,False,False,False,0.05335850641131401,0.145325168967247,1.1533346651049214e-06,2.961002254229761,18.156052979270328,,29652,,,-0.0389300137758255,,,,,,,,,,,,,-10.742131233215332
pos,orig,13,16,⟨NEXT⟩,9.191325187683105,9.191325187683105,adol,0.07445625215768814,olini,0.054221153259277344, sentimental,0.050440866500139236,otal,0.04378814995288849,ucene,0.02819577045738697,,,,,,,,,,,,,,,,,,,,,,,,,,,,,,,0.7488978076726198,False,False,,,,False,False,False,False,False,0.07445625215768814,0.25110217928886414,1.2106338544981554e-06,2.961002254229761,19.16082653247551,,19146,,,0.05570407211780548,,,,,,,,,,,,,-11.026823282241821
pos,orig,14,16,⟨NEXT⟩,7.1912522315979,7.1912522315979,adol,0.3493708670139313, Armed,0.06174648180603981, armed,0.027651969343423843,ß,0.016062799841165543, suscept,0.013218720443546772,,,,,,,,,,,,,,,,,,,,,,,,,,,,,,,0.5319491615518928,False,False,,,,False,False,False,False,False,0.3493708670139313,0.46805083751678467,3.3286872280768875e-07,2.961002254229761,20.472678548449256,,29326,,,0.016854984685778618,,,,,,,,,,,,,-13.863896369934082
pos,orig,15,16,⟨NEXT⟩,9.990626335144043,9.990626335144043,.deb,0.061241623014211655, Armed,0.05967452749609947,frau,0.04448973387479782,adil,0.026909450069069862, armed,0.021807674318552017,,,,,,,,,,,,,,,,,,,,,,,,,,,,,,,0.7858769912272692,False,False,,,,False,False,False,False,False,0.061241623014211655,0.21412302553653717,8.076942492607486e-08,2.961002254229761,18.672937893340656,,64726,,,-0.06254033744335175,,,,,,,,,,,,,-13.538739442825317
pos,orig,16,16,⟨NEXT⟩,8.576475143432617,8.576475143432617,frau,0.22594258189201355,.deb,0.09357413649559021,bose,0.011665868572890759,quam,0.010260991752147675,adoo,0.00927289854735136,,,,,,,,,,,,,,,,,,,,,,,,,,,,,,,0.6492835227400064,False,False,,,,False,False,False,False,False,0.22594258189201355,0.3507165014743805,7.265928303468172e-08,2.961002254229761,20.0137724256378,,63196,,,-0.08496274054050446,,,,,,,,,,,,,-14.950009942054749
pos,orig,17,16,⟨NEXT⟩,10.082033157348633,10.082033157348633,frau,0.06217337027192116,iteli,0.052393589168787, ilma,0.044754303991794586,bose,0.014103049412369728,шин,0.013360472396016121,,,,,,,,,,,,,,,,,,,,,,,,,,,,,,,0.8132152147591114,False,False,,,,False,False,False,False,False,0.06217337027192116,0.1867848038673401,2.2582355541089782e-07,2.961002254229761,18.755528089868594,,47853,,,-0.08526025712490082,,,,,,,,,,,,,-12.525683283805847
pos,orig,18,16,⟨NEXT⟩,7.427890777587891,7.427890777587891,790,0.38141733407974243, ilma,0.02289525605738163,791,0.017170926555991173,agedList,0.01428859680891037,SKTOP,0.007896956987679005,,,,,,,,,,,,,,,,,,,,,,,,,,,,,,,0.5563309295102954,False,False,,,,False,False,False,False,False,0.38141733407974243,0.44366908073425293,2.934928389208835e-08,2.961002254229761,21.906354819126975,,71640,,,-0.09826751798391342,,,,,,,,,,,,,-16.380135864019394
pos,orig,19,16,⟨NEXT⟩,10.216922760009766,10.216922760009766, deut,0.045310162007808685,agedList,0.0394182950258255,asma,0.03537651151418686, voksne,0.02032529190182686,saldo,0.014374163001775742,,,,,,,,,,,,,,,,,,,,,,,,,,,,,,,0.8451955765485764,False,False,,,,False,False,False,False,False,0.045310162007808685,0.15480442345142365,3.635242862287669e-08,2.961002254229761,18.517215170221018,,80849,,,-0.0979267954826355,,,,,,,,,,,,,-14.035781145095825
pos,orig,20,16,⟨NEXT⟩,9.52359390258789,9.52359390258789,ityEngine,0.06752289831638336,asma,0.058115970343351364,oders,0.029405992478132248,umbo,0.027410654351115227,etim,0.021539155393838882,,,,,,,,,,,,,,,,,,,,,,,,,,,,,,,0.7960053291171789,False,False,,,,False,False,False,False,False,0.06752289831638336,0.20399467647075653,2.8534776763677883e-09,2.961002254229761,19.66746678399924,,112568,,,-0.114191934466362,,,,,,,,,,,,,-16.979437828063965
pos,orig,21,16,⟨NEXT⟩,10.54476261138916,10.54476261138916,ityEngine,0.04074300825595856,ppe,0.03517824783921242,ilos,0.031938713043928146, Trafford,0.0154862180352211,mps,0.0140433544293046,,,,,,,,,,,,,,,,,,,,,,,,,,,,,,,0.8626104583963752,False,False,,,,False,False,False,False,False,0.04074300825595856,0.13738954067230225,1.476780742137862e-08,2.961002254229761,18.851465515964698,,99058,,,-0.13706563413143158,,,,,,,,,,,,,-14.830345392227173
pos,orig,22,16,⟨NEXT⟩,10.125773429870605,10.125773429870605,ityEngine,0.04763656482100487,argon,0.03793871030211449,mps,0.029734930023550987,RIORITY,0.025815017521381378,̆,0.018070664256811142,,,,,,,,,,,,,,,,,,,,,,,,,,,,,,,0.8408041130751371,False,False,,,,False,False,False,False,False,0.04763656482100487,0.15919587016105652,9.108336307406262e-09,2.961002254229761,19.30977451501236,,102201,,,-0.12628327310085297,,,,,,,,,,,,,-15.469921112060547
pos,orig,23,16,⟨NEXT⟩,9.428138732910156,9.428138732910156,ąd,0.09028781205415726,SizeMode,0.04127850756049156,ityEngine,0.03465978801250458,loub,0.025799844413995743,ucci,0.02538917399942875,,,,,,,,,,,,,,,,,,,,,,,,,,,,,,,0.7825848739594221,False,False,,,,False,False,False,False,False,0.09028781205415726,0.21741512417793274,3.386699987117936e-08,2.961002254229761,20.073813632845816,,81521,,,-0.11142343282699585,,,,,,,,,,,,,-14.796072363853455
pos,orig,24,16,⟨NEXT⟩,8.861468315124512,8.861468315124512,loub,0.08789332956075668,ąd,0.08432602882385254,\\grid,0.06861250102519989,RIORITY,0.05277848616242409,SizeMode,0.04033370688557625,,,,,,,,,,,,,,,,,,,,,,,,,,,,,,,0.6660559475421906,False,False,,,,False,False,False,False,False,0.08789332956075668,0.33394405245780945,1.0059599730993796e-07,2.961002254229761,21.101895650757136,,63253,,,-0.07143682986497879,,,,,,,,,,,,,-13.680522084236145
pos,orig,25,16,⟨NEXT⟩,5.965090274810791,5.965090274810791,SizeMode,0.32783299684524536,loub,0.18671934306621552,RIORITY,0.03095245361328125,ąd,0.030462060123682022,UBL,0.01757621578872204,,,,,,,,,,,,,,,,,,,,,,,,,,,,,,,0.4064569305628538,False,False,,,,False,False,False,False,False,0.32783299684524536,0.5935431122779846,1.20350918564327e-07,2.961002254229761,24.35658201494096,,41557,,,-0.033712711185216904,,,,,,,,,,,,,-14.817603468894958
pos,orig,26,16,⟨NEXT⟩,9.63259506225586,9.63259506225586,SizeMode,0.054791565984487534,RIORITY,0.043597906827926636,loub,0.03613325580954552, bedding,0.03409266844391823,UBL,0.03269289806485176,,,,,,,,,,,,,,,,,,,,,,,,,,,,,,,0.7986917048692703,False,False,,,,False,False,False,False,False,0.054791565984487534,0.20130829513072968,9.596617474016966e-07,2.961002254229761,19.48225797935448,,25910,,,-0.007913198322057724,,,,,,,,,,,,,-10.952466130256653
pos,orig,27,16,⟨NEXT⟩,8.310953140258789,8.310953140258789,\\grid,0.17812716960906982,SizeMode,0.06157231330871582,GetWidth,0.04798179492354393,Scrollbar,0.03189033269882202,loub,0.030681943520903587,,,,,,,,,,,,,,,,,,,,,,,,,,,,,,,0.6497464459389448,False,False,,,,False,False,False,False,False,0.17812716960906982,0.35025355219841003,1.6062386976045673e-06,2.961002254229761,21.83774474832237,,15244,,,-0.03749652951955795,,,,,,,,,,,,,-11.616357326507568
pos,orig,28,16,⟨NEXT⟩,6.448019504547119,6.448019504547119,\\grid,0.4421886205673218,�建,0.05669456720352173,loub,0.034294214099645615,Scrollbar,0.018505441024899483,ucci,0.011214605532586575,,,,,,,,,,,,,,,,,,,,,,,,,,,,,,,0.4371025515720248,False,False,,,,False,False,False,False,False,0.4421886205673218,0.5628974437713623,1.5815172673683264e-06,2.961002254229761,24.653949649311205,,13975,,,-0.007928729057312012,,,,,,,,,,,,,-12.541107416152954
pos,orig,29,16,⟨NEXT⟩,5.548313140869141,5.548313140869141,\\grid,0.44814345240592957,�建,0.10958457738161087,ucci,0.0579817108809948,UBL,0.016332343220710754,loub,0.014265063218772411,,,,,,,,,,,,,,,,,,,,,,,,,,,,,,,0.3536928528919816,False,False,,,,False,False,False,False,False,0.44814345240592957,0.6463071703910828,6.6083566707675345e-06,2.961002254229761,25.879729164042338,,4141,,,0.0027517848648130894,,,,,,,,,,,,,-11.124533653259277
pos,orig,30,16,⟨NEXT⟩,9.84552001953125,9.84552001953125,UBL,0.09349551796913147,ucci,0.04668897017836571,\\grid,0.02949259616434574,isse,0.02372562140226364,�建,0.02010660246014595,,,,,,,,,,,,,,,,,,,,,,,,,,,,,,,0.7864906918257475,False,False,,,,False,False,False,False,False,0.09349551796913147,0.21350932121276855,9.151766789727844e-06,2.961002254229761,18.560970308322933,,6707,,,0.06592267006635666,,,,,,,,,,,,,-9.231722116470337
pos,orig,31,16,⟨NEXT⟩,10.190089225769043,10.190089225769043,UBL,0.11300666630268097,ルド,0.03585955873131752, pun,0.03147360682487488,ardon,0.030542122200131416,actus,0.02507132478058338,,,,,,,,,,,,,,,,,,,,,,,,,,,,,,,0.7640467211604118,False,False,,,,False,False,False,False,False,0.11300666630268097,0.23595327138900757,4.300196815165691e-05,2.961002254229761,17.79208678317997,,2244,,,0.09619206190109253,,,,,,,,,,,,,-7.873956203460693
pos,orig,32,16,⟨NEXT⟩,0.17968136072158813,0.17968136072158813, Gro,0.9762330055236816,nis,0.019894668832421303, intra,0.0033246311359107494,ules,0.0005411971360445023, termin,2.761442374321632e-06,,,,,,,,,,,,,,,,,,,,,,,,,,,,,,,3.7359295674832538e-06,False,False,,,,False,False,False,True,False,0.9762330055236816,0.9999962449073792,9.04819906608241e-15,2.961002254229761,16.026540406646514,,190,,,0.1937423050403595,,,,,,,,,,,,,-32.312156677246094
pos,no_filler,0,15,⟨NEXT⟩,16.222963333129883,16.222963333129883,ัด,0.000702828576322645, Shr,0.00048490683548152447,azzi,0.0004620733961928636, hung,0.00040243248804472387,steder,0.0003666791890282184,,,,,,,,,,,,,,,,,,,,,,,,,,,,,,,0.99758107951493,False,False,,,,False,False,False,False,False,0.000702828576322645,0.002418920397758484,2.27428017751663e-06,1.4934297509108412,12.860594338585484,,99621,,,0.07667651027441025,,,,,,,,,,,,,-5.733449280261993
pos,no_filler,1,15,⟨NEXT⟩,15.369285583496094,15.369285583496094,weis,0.011682466603815556,atial,0.006748119369149208, dah,0.0014196498086676002,比例,0.0012071126839146018, masked,0.0011282102204859257,,,,,,,,,,,,,,,,,,,,,,,,,,,,,,,0.9778144413139671,False,False,,,,False,False,False,False,False,0.011682466603815556,0.022185560315847397,1.6715919173293514e-06,1.4934297509108412,13.406424620726625,,85136,,,0.11690495908260345,,,,,,,,,,,,,-8.852067589759827
pos,no_filler,2,15,⟨NEXT⟩,11.097883224487305,11.097883224487305,weis,0.052127689123153687, Pride,0.021927881985902786, unp,0.019004059955477715, Nile,0.016104374080896378, \\,0.015487587079405785,,,,,,,,,,,,,,,,,,,,,,,,,,,,,,,0.8753484077751637,False,False,,,,False,False,False,False,False,0.052127689123153687,0.12465159595012665,7.017292773525696e-07,1.4934297509108412,16.283061473506237,,36821,,,0.1814020872116089,,,,,,,,,,,,,-11.215659081935883
pos,no_filler,3,15,⟨NEXT⟩,11.238093376159668,11.238093376159668,MQ,0.05259376019239426,cart,0.022393954917788506,enes,0.01662881299853325, det,0.01652168668806553, hands,0.013324150815606117,,,,,,,,,,,,,,,,,,,,,,,,,,,,,,,0.8785376343876123,False,False,,,,False,False,False,False,False,0.05259376019239426,0.1214623674750328,1.5634577721357346e-07,1.4934297509108412,16.019108004406828,,72793,,,0.21365875005722046,,,,,,,,,,,,,-12.726037502288818
pos,no_filler,4,15,⟨NEXT⟩,12.84598445892334,12.84598445892334,omen,0.01967318169772625, hang,0.01099766418337822, ter,0.010385177098214626, bab,0.00886550359427929,KG,0.007160303182899952,,,,,,,,,,,,,,,,,,,,,,,,,,,,,,,0.9429181702435017,False,False,,,,False,False,False,False,False,0.01967318169772625,0.057081833481788635,8.022003385121934e-06,1.4934297509108412,14.7771442342989,,14425,,,0.2083921581506729,,,,,,,,,,,,,-7.804823398590088
pos,no_filler,5,15,⟨NEXT⟩,11.642171859741211,11.642171859741211,чик,0.03057900257408619,bine,0.0264924056828022,lettes,0.01344230119138956,levator,0.013024178333580494,rieve,0.01047332864254713,,,,,,,,,,,,,,,,,,,,,,,,,,,,,,,0.9059887835755944,False,False,,,,False,False,False,False,False,0.03057900257408619,0.09401121735572815,2.236548243672587e-05,1.4934297509108412,17.912074263172727,,4782,,,0.008613387122750282,,,,,,,,,,,,,-7.220550060272217
pos,no_filler,6,15,⟨NEXT⟩,11.76563835144043,11.76563835144043, CGAffineTransform,0.022984055802226067,initely,0.01860249601304531,ObjectType,0.014928707852959633, Loren,0.012622973881661892,HasKey,0.011668509803712368,,,,,,,,,,,,,,,,,,,,,,,,,,,,,,,0.9191932566463947,False,False,,,,False,False,False,False,False,0.022984055802226067,0.08080673962831497,1.7777882703740033e-06,1.4934297509108412,18.07026803301996,,29063,,,-0.058794572949409485,,,,,,,,,,,,,-9.467185497283936
pos,no_filler,7,15,⟨NEXT⟩,11.102787971496582,11.102787971496582,bsolute,0.12030871957540512,ettings,0.019295398145914078, Bacon,0.01634770631790161,itial,0.009878206998109818,.utilities,0.009659460745751858,,,,,,,,,,,,,,,,,,,,,,,,,,,,,,,0.8245105082169175,False,False,,,,False,False,False,False,False,0.12030871957540512,0.17548948526382446,1.7098074067689595e-07,1.4934297509108412,19.2002710974162,,74488,,,-0.06755830347537994,,,,,,,,,,,,,-13.464020729064941
pos,no_filler,8,15,⟨NEXT⟩,9.638347625732422,9.638347625732422,reten,0.27161863446235657,ICES,0.009319067932665348,/accounts,0.007626047823578119, Hutchinson,0.007459137123078108,uture,0.007413522806018591,,,,,,,,,,,,,,,,,,,,,,,,,,,,,,,0.6965635898523033,False,False,,,,False,False,False,False,False,0.27161863446235657,0.30343642830848694,9.653268051579289e-08,1.4934297509108412,20.407118761940353,,77233,,,0.10930566489696503,,,,,,,,,,,,,-14.850028395652771
pos,no_filler,9,15,⟨NEXT⟩,11.705986976623535,11.705986976623535, eng,0.053407177329063416, acompan,0.026154885068535805,feof,0.02382672019302845,upo,0.006996390409767628,if,0.006926106754690409,,,,,,,,,,,,,,,,,,,,,,,,,,,,,,,0.8826887202449143,False,False,,,,False,False,False,False,False,0.053407177329063416,0.11731128394603729,3.802534465080498e-08,1.4934297509108412,15.799999355485195,,98962,,,0.21915942430496216,,,,,,,,,,,,,-14.155202627182007
pos,no_filler,10,15,⟨NEXT⟩,10.947770118713379,10.947770118713379,as,0.04782334342598915, eng,0.026371724903583527,an,0.01990203745663166,isin,0.01955372281372547, Distributed,0.015952635556459427,,,,,,,,,,,,,,,,,,,,,,,,,,,,,,,0.8703965358436108,False,False,,,,False,False,False,False,False,0.04782334342598915,0.12960346043109894,1.4448670526689966e-07,1.4934297509108412,15.061724614612192,,62375,,,0.2849194407463074,,,,,,,,,,,,,-12.709836483001709
pos,no_filler,11,15,⟨NEXT⟩,10.180537223815918,10.180537223815918,fel,0.06468451023101807,as,0.05954818055033684, dangling,0.03250395506620407,lein,0.024036500602960587,erval,0.019615644589066505,,,,,,,,,,,,,,,,,,,,,,,,,,,,,,,0.7996112089604139,False,False,,,,False,False,False,False,False,0.06468451023101807,0.20038878917694092,6.025240395501896e-08,1.4934297509108412,16.97525311911525,,75603,,,0.23799744248390198,,,,,,,,,,,,,-13.886489510536194
pos,no_filler,12,15,⟨NEXT⟩,11.37536907196045,11.37536907196045,erval,0.035660192370414734,Century,0.016526345163583755,�,0.01580687426030636, Hope,0.012716196477413177, truth,0.012030420824885368,,,,,,,,,,,,,,,,,,,,,,,,,,,,,,,0.9072599709033966,False,False,,,,False,False,False,False,False,0.035660192370414734,0.0927400290966034,1.8732309570168582e-07,1.4934297509108412,16.535193543115945,,65889,,,0.20679530501365662,,,,,,,,,,,,,-12.156710982322693
pos,no_filler,13,15,⟨NEXT⟩,8.488913536071777,8.488913536071777,_prep,0.26606231927871704, fol,0.06457734853029251,Fel,0.03474535793066025, Fel,0.016164226457476616, Wyatt,0.015795385465025902,,,,,,,,,,,,,,,,,,,,,,,,,,,,,,,0.6026553623378277,False,False,,,,False,False,False,False,False,0.26606231927871704,0.3973446190357208,6.222993675919497e-08,1.4934297509108412,20.783027433306625,,70870,,,0.22698357701301575,,,,,,,,,,,,,-15.268404722213745
pos,no_filler,14,15,⟨NEXT⟩,10.519387245178223,10.519387245178223,kol,0.0729650929570198,ances,0.029178591445088387,_prep,0.028507264330983162,ushima,0.02316274121403694,isel,0.016931943595409393,,,,,,,,,,,,,,,,,,,,,,,,,,,,,,,0.8292543664574623,False,False,,,,False,False,False,False,False,0.0729650929570198,0.1707456260919571,2.501180773606393e-08,1.4934297509108412,18.879685805179474,,96499,,,0.08422596752643585,,,,,,,,,,,,,-14.886143684387207
pos,no_filler,15,15,⟨NEXT⟩,11.140968322753906,11.140968322753906,lectual,0.0496051087975502, Liberties,0.036036550998687744,ymoon,0.02927245944738388,ropol,0.022140981629490852,(Display,0.01030573807656765,,,,,,,,,,,,,,,,,,,,,,,,,,,,,,,0.8526391610503197,False,False,,,,False,False,False,False,False,0.0496051087975502,0.14736083149909973,1.4710174411902699e-08,1.4934297509108412,18.31811979841499,,110191,,,0.04367852210998535,,,,,,,,,,,,,-15.031064987182617
pos,no_filler,16,15,⟨NEXT⟩,10.911127090454102,10.911127090454102,lectual,0.06883057206869125,jes,0.03451370820403099,己,0.020416952669620514, unarmed,0.016033397987484932,แต,0.014121493324637413,,,,,,,,,,,,,,,,,,,,,,,,,,,,,,,0.8460838757455349,False,False,,,,False,False,False,False,False,0.06883057206869125,0.153916135430336,2.709281545776321e-07,1.4934297509108412,18.800199551534305,,57037,,,-0.0010821757605299354,,,,,,,,,,,,,-12.445304572582245
pos,no_filler,17,15,⟨NEXT⟩,11.887635231018066,11.887635231018066,GED,0.01802976056933403,čel,0.014482982456684113,.VisualBasic,0.014326486736536026,�재,0.011340232565999031,stitute,0.00975640770047903,,,,,,,,,,,,,,,,,,,,,,,,,,,,,,,0.9320641299709678,False,False,,,,False,False,False,False,False,0.01802976056933403,0.06793586909770966,1.3630968851430225e-06,1.4934297509108412,17.767050236797964,,31556,,,-0.011809629388153553,,,,,,,,,,,,,-9.49001955986023
pos,no_filler,18,15,⟨NEXT⟩,10.906539916992188,10.906539916992188,790,0.05255761742591858,.VisualBasic,0.033749498426914215,oten,0.030977193266153336,615,0.02278723381459713,htag,0.0198074858635664,,,,,,,,,,,,,,,,,,,,,,,,,,,,,,,0.8401209712028503,False,False,,,,False,False,False,False,False,0.05255761742591858,0.15987902879714966,4.3112999037475674e-07,1.4934297509108412,18.596805989317915,,44723,,,0.07318314909934998,,,,,,,,,,,,,-11.711011350154877
pos,no_filler,19,15,⟨NEXT⟩,11.212681770324707,11.212681770324707,htag,0.024528298527002335,oten,0.022470299154520035,IMITIVE,0.018056288361549377,.VisualBasic,0.01769384741783142,etim,0.016629314050078392,,,,,,,,,,,,,,,,,,,,,,,,,,,,,,,0.9006219524890184,False,False,,,,False,False,False,False,False,0.024528298527002335,0.09937804937362671,1.721737845628013e-07,1.4934297509108412,18.65817215086818,,65634,,,-0.037814829498529434,,,,,,,,,,,,,-11.866833746433258
pos,no_filler,20,15,⟨NEXT⟩,10.72423267364502,10.72423267364502,etim,0.07813090831041336,_KERNEL,0.049253616482019424,_viewer,0.017842885106801987,IMITIVE,0.010580364614725113,oders,0.010463903658092022,,,,,,,,,,,,,,,,,,,,,,,,,,,,,,,0.8337283218279481,False,False,,,,False,False,False,False,False,0.07813090831041336,0.16627167165279388,1.737795969347644e-07,1.4934297509108412,19.487607327726916,,62346,,,-0.06505157053470612,,,,,,,,,,,,,-13.016108393669128
pos,no_filler,21,15,⟨NEXT⟩,11.245586395263672,11.245586395263672,InView,0.053597744554281235,SizeMode,0.02200828306376934,_viewer,0.01935102604329586,frau,0.012830317951738834,บาล,0.01159447617828846,,,,,,,,,,,,,,,,,,,,,,,,,,,,,,,0.8806181522086263,False,False,,,,False,False,False,False,False,0.053597744554281235,0.1193818524479866,1.1483336948003853e-07,1.4934297509108412,19.18147270574629,,74806,,,-0.09508012235164642,,,,,,,,,,,,,-13.053535759449005
pos,no_filler,22,15,⟨NEXT⟩,9.959104537963867,9.959104537963867,SizeMode,0.15466532111167908,_viewer,0.019447751343250275,บาล,0.017740391194820404,.seed,0.01561440248042345,SHOT,0.014236247166991234,,,,,,,,,,,,,,,,,,,,,,,,,,,,,,,0.7782958867028356,False,False,,,,False,False,False,False,False,0.15466532111167908,0.22170411050319672,8.800375894679746e-08,1.4934297509108412,20.39904520837825,,70082,,,-0.10929343849420547,,,,,,,,,,,,,-14.379394441843033
pos,no_filler,23,15,⟨NEXT⟩,9.684235572814941,9.684235572814941,SizeMode,0.16344334185123444,oten,0.02154560200870037,InView,0.02143002487719059,reeNode,0.021046999841928482,_viewer,0.016493408009409904,,,,,,,,,,,,,,,,,,,,,,,,,,,,,,,0.7560406234115362,False,False,,,,False,False,False,False,False,0.16344334185123444,0.24395938217639923,1.5326077118515968e-07,1.4934297509108412,20.54824084593234,,58401,,,-0.09770488739013672,,,,,,,,,,,,,-13.879835903644562
pos,no_filler,24,15,⟨NEXT⟩,8.622687339782715,8.622687339782715,SizeMode,0.2656393051147461,aky,0.0271877683699131,ǐ,0.01448118221014738,AILS,0.014046329073607922, Boots,0.013318140059709549,,,,,,,,,,,,,,,,,,,,,,,,,,,,,,,0.665327275171876,False,False,,,,False,False,False,False,False,0.2656393051147461,0.334672749042511,2.9168839432713867e-07,1.4934297509108412,21.778212609760907,,42491,,,-0.06171278655529022,,,,,,,,,,,,,-13.721964240074158
pos,no_filler,25,15,⟨NEXT⟩,7.296453475952148,7.296453475952148,SizeMode,0.3324492573738098,ibern,0.04059043154120445,iero,0.026015112176537514,bris,0.02242666482925415,ǐ,0.02181337960064411,,,,,,,,,,,,,,,,,,,,,,,,,,,,,,,0.55670515447855,False,False,,,,False,False,False,False,False,0.3324492573738098,0.44329485297203064,2.914255503583263e-07,1.4934297509108412,22.718034507110637,,33764,,,0.02453872188925743,,,,,,,,,,,,,-13.947213530540466
pos,no_filler,26,15,⟨NEXT⟩,10.238890647888184,10.238890647888184,iero,0.13482555747032166,SizeMode,0.018451707437634468, Boots,0.016724856570363045,ibern,0.016205186024308205, bedding,0.015708371996879578,,,,,,,,,,,,,,,,,,,,,,,,,,,,,,,0.798084320500493,False,False,,,,False,False,False,False,False,0.13482555747032166,0.2019156813621521,2.0179604689474218e-06,1.4934297509108412,18.822319272157678,,20143,,,0.09266084432601929,,,,,,,,,,,,,-11.109649181365967
pos,no_filler,27,15,⟨NEXT⟩,10.491446495056152,10.491446495056152,ibern,0.038653869181871414,GED,0.025482047349214554, Boots,0.024266976863145828, cul,0.023727746680378914,SizeMode,0.01740662008523941,,,,,,,,,,,,,,,,,,,,,,,,,,,,,,,0.8704627398401499,False,False,,,,False,False,False,False,False,0.038653869181871414,0.12953725457191467,2.2272322439675918e-06,1.4934297509108412,18.67216328348117,,17399,,,0.08752170205116272,,,,,,,,,,,,,-9.761642932891846
pos,no_filler,28,15,⟨NEXT⟩,10.240643501281738,10.240643501281738,ibern,0.07580357789993286,edm,0.06439799070358276, cul,0.053790170699357986,ปฏ,0.016151538118720055,azio,0.014482191763818264,,,,,,,,,,,,,,,,,,,,,,,,,,,,,,,0.7753745308145881,False,False,,,,False,False,False,False,False,0.07580357789993286,0.22462546825408936,1.201108148052299e-06,1.4934297509108412,18.406147398432612,,25355,,,0.1161503791809082,,,,,,,,,,,,,-11.052655816078186
pos,no_filler,29,15,⟨NEXT⟩,10.131959915161133,10.131959915161133,ปฏ,0.07910748571157455,edm,0.029669154435396194,azio,0.024409301578998566,ohana,0.016414891928434372,ones,0.015415086410939693,,,,,,,,,,,,,,,,,,,,,,,,,,,,,,,0.8349840799346566,False,False,,,,False,False,False,False,False,0.07910748571157455,0.16501592099666595,1.1440004072937882e-06,1.4934297509108412,19.466540140926828,,22987,,,0.11297179758548737,,,,,,,,,,,,,-11.144031405448914
pos,no_filler,30,15,⟨NEXT⟩,10.811735153198242,10.811735153198242,ibern,0.043773386627435684,actus,0.03600278124213219, cul,0.03348657488822937,utton,0.022922176867723465,aku,0.01993061602115631,,,,,,,,,,,,,,,,,,,,,,,,,,,,,,,0.843884464353323,False,False,,,,False,False,False,False,False,0.043773386627435684,0.15611553192138672,1.6856904494488845e-06,1.4934297509108412,17.556548975586715,,24007,,,0.1565401256084442,,,,,,,,,,,,,-10.16460657119751
pos,no_filler,31,15,⟨NEXT⟩,11.013833999633789,11.013833999633789,utton,0.04340623319149017,ed,0.033804744482040405,ปฏ,0.03260232135653496,actus,0.024831339716911316,gran,0.020381318405270576,,,,,,,,,,,,,,,,,,,,,,,,,,,,,,,0.8449740428477526,False,False,,,,False,False,False,False,False,0.04340623319149017,0.15502595901489258,2.041248808382079e-05,1.4934297509108412,17.025712828878397,,4842,,,0.20520737767219543,,,,,,,,,,,,,-7.662211179733276
pos,no_filler,32,15,⟨NEXT⟩,1.010581135749817,1.010581135749817, intra,0.7666222453117371,olet,0.18877042829990387, Hastings,0.03273450583219528,nis,0.005464790388941765,",",0.0035818740725517273,,,,,,,,,,,,,,,,,,,,,,,,,,,,,,,0.0028261560946702957,False,False,,,,False,False,False,False,False,0.7666222453117371,0.9971738457679749,5.925890061876307e-18,1.4934297509108412,23.31233362784854,,2241,,,0.28581956028938293,,,,,,,,,,,,,-39.40143966674805
ctl,orig,0,16,⟨NEXT⟩,16.20844078063965,16.20844078063965,INESS,0.0003912371175829321,commons,0.0003847374173346907,шки,0.0003792976785916835, prive,0.00036813379847444594,dain,0.00034071417758241296,,,,,,,,,,,,,,,,,,,,,,,,,,,,,,,0.9981358798104338,False,False,,,,False,False,False,False,False,0.0003912371175829321,0.0018641201313585043,2.305414682268747e-06,2.7717659598670936,12.230159599109497,,98574,,,0.03887967765331268,,,,,,,,,-3.245087327741203e-06,,,,-5.134053349494934
ctl,orig,1,16,⟨NEXT⟩,15.535750389099121,15.535750389099121,abor,0.0017135676462203264,位,0.0014069684548303485,rah,0.0014031896134838462,ution,0.0011076846858486533,rette,0.0010087123373523355,,,,,,,,,,,,,,,,,,,,,,,,,,,,,,,0.9933598772622645,False,False,,,,False,False,False,False,False,0.0017135676462203264,0.006640123203396797,1.8017070715359296e-06,2.7717659598670936,13.22436241066205,,84617,,,-0.027724098414182663,,,,,,,,,1.3126503404237155e-06,,,,-6.857598215341568
ctl,orig,2,16,⟨NEXT⟩,11.258536338806152,11.258536338806152,wart,0.08415808528661728,.Lookup,0.024452820420265198,ems,0.013065678998827934,ep,0.011985831893980503,ideshow,0.009416556917130947,,,,,,,,,,,,,,,,,,,,,,,,,,,,,,,0.8569210264831781,False,False,,,,False,False,False,False,False,0.08415808528661728,0.1430789828300476,1.565951350812611e-07,2.7717659598670936,17.602468343367086,,70655,,,0.0036119818687438965,,,,,,,,,8.786905425495206e-08,,,,-13.194543480873108
ctl,orig,3,16,⟨NEXT⟩,11.33242130279541,11.33242130279541, oto,0.043167196214199066,thon,0.04245379939675331, $?,0.021788600832223892, Επ,0.01825517974793911," _
",0.00953938253223896,,,,,,,,,,,,,,,,,,,,,,,,,,,,,,,0.8647958412766457,False,False,,,,False,False,False,False,False,0.043167196214199066,0.13520415127277374,6.04394401193531e-08,2.7717659598670936,16.629109829099107,,93305,,,0.052374500781297684,,,,,,,,,3.8127460300074745e-08,,,,-13.478949427604675
ctl,orig,4,16,⟨NEXT⟩,11.40151309967041,11.40151309967041,bine,0.1194014921784401, oto,0.056020449846982956,anganese,0.008548345416784286, $?,0.007066748570650816,ACKET,0.006795857101678848,,,,,,,,,,,,,,,,,,,,,,,,,,,,,,,0.802167106885463,False,False,,,,False,False,False,False,False,0.1194014921784401,0.1978328973054886,5.382469225878594e-07,2.7717659598670936,16.66195438783028,,60379,,,0.10445363819599152,,,,,,,,,2.71981804189636e-07,,,,-12.309685230255127
ctl,orig,5,16,⟨NEXT⟩,9.583756446838379,9.583756446838379,bine,0.203123077750206, oto,0.036389388144016266,erral,0.024174878373742104, Counsel,0.021301260218024254,fol,0.011301658116281033,,,,,,,,,,,,,,,,,,,,,,,,,,,,,,,0.7037097373977304,False,False,,,,False,False,False,False,False,0.203123077750206,0.29629024863243103,1.4060115915981442e-07,2.7717659598670936,19.024409893811132,,66934,,,0.07272794842720032,,,,,,,,,3.917625690519344e-08,,,,-14.183395028114319
ctl,orig,6,16,⟨NEXT⟩,11.495319366455078,11.495319366455078,нем,0.0636855810880661,bakan,0.02391037531197071,ắc,0.018520433455705643,añ,0.014066550880670547, Loose,0.012473508715629578,,,,,,,,,,,,,,,,,,,,,,,,,,,,,,,0.8673435505479574,False,False,,,,False,False,False,False,False,0.0636855810880661,0.13265644013881683,2.9428227321659506e-07,2.7717659598670936,17.11686225797448,,63577,,,0.060698263347148895,,,,,,,,,-3.674759341265599e-08,,,,-12.284929364919662
ctl,orig,7,16,⟨NEXT⟩,10.442537307739258,10.442537307739258,нем,0.08207568526268005,phia,0.03855400159955025,ắc,0.0342259518802166,enthal,0.031544290482997894,bakan,0.031263578683137894,,,,,,,,,,,,,,,,,,,,,,,,,,,,,,,0.7823364920914173,False,False,,,,False,False,False,False,False,0.08207568526268005,0.2176634967327118,9.038438264497017e-08,2.7717659598670936,18.837438610960326,,81226,,,-0.016777601093053818,,,,,,,,,-1.5115674756316366e-07,,,,-13.719081282615662
ctl,orig,8,16,⟨NEXT⟩,11.080289840698242,11.080289840698242,ắc,0.03445527330040932,vět,0.02763178013265133,phia,0.024641387164592743,ละเอ,0.014660426415503025,AllowAnonymous,0.012906935065984726,,,,,,,,,,,,,,,,,,,,,,,,,,,,,,,0.8857041979208589,False,False,,,,False,False,False,False,False,0.03445527330040932,0.11429580301046371,6.327377377601806e-08,2.7717659598670936,17.459393912322504,,81877,,,0.06039943918585777,,,,,,,,,-2.0831305391766364e-07,,,,-13.207701444625854
ctl,orig,9,16,⟨NEXT⟩,7.533210277557373,7.533210277557373,kok,0.3911116123199463,AllowAnonymous,0.02747032418847084,roup,0.020796287804841995,FromArray,0.016169436275959015,ีก,0.011238964274525642,,,,,,,,,,,,,,,,,,,,,,,,,,,,,,,0.5332133751362562,False,False,,,,False,False,False,False,False,0.3911116123199463,0.46678662300109863,1.0563717900424763e-08,2.7717659598670936,21.832953999599933,,100345,,,0.006775065325200558,,,,,,,,,-4.513090967606104e-08,,,,-17.42707896232605
ctl,orig,10,16,⟨NEXT⟩,10.44935417175293,10.44935417175293,kok,0.07019905745983124,θα,0.02879219315946102,wap,0.021547973155975342,.det,0.020661072805523872,ีก,0.015880705788731575,,,,,,,,,,,,,,,,,,,,,,,,,,,,,,,0.842918997630477,False,False,,,,False,False,False,False,False,0.07019905745983124,0.1570809930562973,5.969081229295625e-09,2.7717659598670936,18.947844593508215,,108739,,,-0.034461721777915955,,,,,,,,,-1.8942178670044996e-07,,,,-16.28025245666504
ctl,orig,11,16,⟨NEXT⟩,9.843255996704102,9.843255996704102,.det,0.05045722424983978,agrant,0.04166075214743614, viên,0.028537437319755554,籍,0.026997042819857597,kok,0.024803688749670982,,,,,,,,,,,,,,,,,,,,,,,,,,,,,,,0.8275438547134399,False,False,,,,False,False,False,False,False,0.05045722424983978,0.17245614528656006,1.4775932699606642e-09,2.7717659598670936,19.56843367018761,,117418,,,-0.07034789025783539,,,,,,,,,-2.482436175510472e-07,,,,-17.346222639083862
ctl,orig,12,16,⟨NEXT⟩,11.128417015075684,11.128417015075684,atos,0.0342264361679554,uales,0.023062143474817276,Ġ,0.02293563261628151,olini,0.01979544758796692,ENN,0.01692151464521885,,,,,,,,,,,,,,,,,,,,,,,,,,,,,,,0.88305882550776,False,False,,,,False,False,False,False,False,0.0342264361679554,0.1169411689043045,1.087483880723994e-08,2.7717659598670936,18.185836246816145,,110360,,,-0.07208187878131866,,,,,,,,,-1.0786012474284234e-06,,,,-14.962056875228882
ctl,orig,13,16,⟨NEXT⟩,9.248016357421875,9.248016357421875,olini,0.09104777127504349,adol,0.08167869597673416,uales,0.025606418028473854,ucene,0.021802838891744614, sentimental,0.01991857774555683,,,,,,,,,,,,,,,,,,,,,,,,,,,,,,,0.759945698082447,False,False,,,,False,False,False,False,False,0.09104777127504349,0.24005430936813354,6.393498352963434e-08,2.7717659598670936,19.411058537758485,,63006,,,0.027559859678149223,,,,,,,,,-1.4547437032774724e-06,,,,-14.16902869939804
ctl,orig,14,16,⟨NEXT⟩,8.455526351928711,8.455526351928711,adol,0.20635846257209778, Armed,0.046436607837677, armed,0.03358466923236847, suscept,0.027573274448513985,tera,0.02055407129228115,,,,,,,,,,,,,,,,,,,,,,,,,,,,,,,0.6654929146170616,False,False,,,,False,False,False,False,False,0.20635846257209778,0.3345071077346802,1.0005470230112223e-08,2.7717659598670936,20.183687157106636,,89220,,,-0.0085486751049757,,,,,,,,,-5.885246370240793e-07,,,,-16.84199297428131
ctl,orig,15,16,⟨NEXT⟩,9.483015060424805,9.483015060424805, Armed,0.09420111775398254,frau,0.06702122837305069,.deb,0.03757614642381668, armed,0.032984018325805664,adil,0.030452733859419823,,,,,,,,,,,,,,,,,,,,,,,,,,,,,,,0.7377647552639246,False,False,,,,False,False,False,False,False,0.09420111775398254,0.26223525404930115,5.498239730172827e-08,2.7717659598670936,19.52178509596758,,67766,,,-0.06170649081468582,,,,,,,,,-1.3958033306948892e-07,,,,-14.353929281234741
ctl,orig,16,16,⟨NEXT⟩,6.962279319763184,6.962279319763184,frau,0.4097253084182739,.deb,0.05372822284698486,ylvania,0.011948460713028908,adoo,0.009960641153156757,Terminal,0.009468981996178627,,,,,,,,,,,,,,,,,,,,,,,,,,,,,,,0.5051683848723769,False,False,,,,False,False,False,False,False,0.4097253084182739,0.4948316216468811,8.205889856505166e-10,2.7717659598670936,23.145958987265065,,118995,,,-0.07844927906990051,,,,,,,,,-8.753209618239666e-08,,,,-20.028730630874634
ctl,orig,17,16,⟨NEXT⟩,10.231243133544922,10.231243133544922,frau,0.060982681810855865, ilma,0.05248849838972092,iteli,0.02363106794655323,шин,0.021283738315105438,ylvania,0.011623740196228027,,,,,,,,,,,,,,,,,,,,,,,,,,,,,,,0.8299902733415365,False,False,,,,False,False,False,False,False,0.060982681810855865,0.17000973224639893,1.8188844874700294e-09,2.7717659598670936,19.2003907973412,,117305,,,-0.09195265173912048,,,,,,,,,-1.5911679984714766e-07,,,,-17.327876567840576
ctl,orig,18,16,⟨NEXT⟩,9.560422897338867,9.560422897338867,790,0.08271043747663498, ilma,0.052894558757543564,791,0.026339109987020493,ushima,0.025738684460520744,γά,0.022970005869865417,,,,,,,,,,,,,,,,,,,,,,,,,,,,,,,0.7893472034484148,False,False,,,,False,False,False,False,False,0.08271043747663498,0.21065279841423035,3.9821373976067775e-10,2.7717659598670936,19.827209773565446,,122484,,,-0.11173129081726074,,,,,,,,,-4.634641398437722e-08,,,,-19.15162229537964
ctl,orig,19,16,⟨NEXT⟩,10.400481224060059,10.400481224060059,andelier,0.030362214893102646,saldo,0.022539859637618065,asma,0.02054935321211815, deut,0.01878250017762184,agedList,0.018116693943738937,,,,,,,,,,,,,,,,,,,,,,,,,,,,,,,0.8896493781358004,False,False,,,,False,False,False,False,False,0.030362214893102646,0.11035062372684479,1.3266751031082435e-09,2.7717659598670936,18.9293241258021,,119327,,,-0.1124158501625061,,,,,,,,,-3.2375588987498816e-08,,,,-16.94603419303894
ctl,orig,20,16,⟨NEXT⟩,9.996646881103516,9.996646881103516,ityEngine,0.0363435223698616,asma,0.03123815357685089,asal,0.022084977477788925,vail,0.01958942972123623,celed,0.01906074769794941,,,,,,,,,,,,,,,,,,,,,,,,,,,,,,,0.8716831691563129,False,False,,,,False,False,False,False,False,0.0363435223698616,0.12831681966781616,1.1470953076297974e-09,2.7717659598670936,19.367156182507433,,119726,,,-0.09896061569452286,,,,,,,,,-1.500916679830766e-08,,,,-17.271294593811035
ctl,orig,21,16,⟨NEXT⟩,10.766321182250977,10.766321182250977,فات,0.05156342312693596,asma,0.016241438686847687,_vlog,0.015729151666164398,ytut,0.013504644855856895,ilos,0.012156782671809196,,,,,,,,,,,,,,,,,,,,,,,,,,,,,,,0.8908045589923859,False,False,,,,False,False,False,False,False,0.05156342312693596,0.10919544100761414,2.07471839708262e-09,2.7717659598670936,18.817073113375756,,119286,,,-0.1117187887430191,,,,,,,,,-1.2547246330818496e-07,,,,-17.02849769592285
ctl,orig,22,16,⟨NEXT⟩,10.237068176269531,10.237068176269531,argon,0.04556641727685928,loub,0.034442733973264694,فات,0.02337445691227913,Traits,0.015462159179151058,ytut,0.015405301935970783,,,,,,,,,,,,,,,,,,,,,,,,,,,,,,,0.865748930722475,False,False,,,,False,False,False,False,False,0.04556641727685928,0.13425107300281525,3.1211528916941234e-09,2.7717659598670936,19.268921068195805,,113625,,,-0.09461365640163422,,,,,,,,,-6.873530211670698e-08,,,,-16.496479749679565
ctl,orig,23,16,⟨NEXT⟩,9.964569091796875,9.964569091796875,ucci,0.08801824599504471,Traits,0.030509108677506447,istrovství,0.028081096708774567,ityEngine,0.017043404281139374,htag,0.014305469579994678,,,,,,,,,,,,,,,,,,,,,,,,,,,,,,,0.8220426747575402,False,False,,,,False,False,False,False,False,0.08801824599504471,0.17795732617378235,2.362427808932921e-09,2.7717659598670936,19.773505783076423,,115784,,,-0.12702564895153046,,,,,,,,,-5.142833958693416e-08,,,,-17.43336510658264
ctl,orig,24,16,⟨NEXT⟩,10.530481338500977,10.530481338500977,Traits,0.06836948543787003,loub,0.032983601093292236,SystemService,0.019650790840387344,oles,0.019370632246136665,arken,0.013535537756979465,,,,,,,,,,,,,,,,,,,,,,,,,,,,,,,0.8460899526253343,False,False,,,,False,False,False,False,False,0.06836948543787003,0.15391004085540771,1.0161041785750058e-08,2.7717659598670936,18.797136884487742,,107056,,,-0.06663111597299576,,,,,,,,,-5.151746940157409e-07,,,,-15.7218759059906
ctl,orig,25,16,⟨NEXT⟩,8.72652816772461,8.72652816772461,loub,0.16670753061771393,Traits,0.09224691987037659,htag,0.02303491346538067, ilma,0.01631624810397625,IEW,0.015670979395508766,,,,,,,,,,,,,,,,,,,,,,,,,,,,,,,0.6860234085470438,False,False,,,,False,False,False,False,False,0.16670753061771393,0.31397655606269836,1.532729854147874e-08,2.7717659598670936,20.82066549248265,,88678,,,-0.06615665555000305,,,,,,,,,-2.2031452218129743e-07,,,,-16.202116072177887
ctl,orig,26,16,⟨NEXT⟩,10.106829643249512,10.106829643249512,ever,0.05035439506173134,ấp,0.03437019884586334,imson,0.03329447656869888,Traits,0.029127245768904686, ilma,0.025701100006699562,,,,,,,,,,,,,,,,,,,,,,,,,,,,,,,0.8271525837481022,False,False,,,,False,False,False,False,False,0.05035439506173134,0.1728474199771881,2.29935803730541e-08,2.7717659598670936,18.86333782231906,,93065,,,-0.020738668739795685,,,,,,,,,-4.824953325766046e-07,,,,-14.599381685256958
ctl,orig,27,16,⟨NEXT⟩,8.98326587677002,8.98326587677002,ever,0.11362262815237045, abstract,0.03653419762849808,ấp,0.03195415809750557,ostel,0.03098461776971817,ifact,0.028780924156308174,,,,,,,,,,,,,,,,,,,,,,,,,,,,,,,0.7581234741955996,False,False,,,,False,False,False,False,False,0.11362262815237045,0.2418765425682068,2.2224183382490992e-08,2.7717659598670936,19.712732617706333,,81367,,,0.01316281408071518,,,,,,,,,-5.338453110681485e-07,,,,-15.44721269607544
ctl,orig,28,16,⟨NEXT⟩,10.142412185668945,10.142412185668945, boils,0.0520709790289402,ever,0.036119766533374786, Picker,0.033453814685344696,ostel,0.028986811637878418,oles,0.023975765332579613,,,,,,,,,,,,,,,,,,,,,,,,,,,,,,,0.8253928627818823,False,False,,,,False,False,False,False,False,0.0520709790289402,0.17460712790489197,1.8898509779319284e-07,2.7717659598670936,18.394752515917045,,51308,,,0.04037589579820633,,,,,,,,,-7.825228180990962e-07,,,,-12.526450276374817
ctl,orig,29,16,⟨NEXT⟩,8.615257263183594,8.615257263183594,ấp,0.10525203496217728,ever,0.08070223033428192, boils,0.06702692061662674,waves,0.03021554835140705,aname,0.020372170954942703,,,,,,,,,,,,,,,,,,,,,,,,,,,,,,,0.6964310947805643,False,False,,,,False,False,False,False,False,0.10525203496217728,0.30356892943382263,5.78540912954395e-08,2.7717659598670936,19.372267506891077,,59515,,,0.059549957513809204,,,,,,,,,-9.40680710215247e-07,,,,-14.413944572210312
ctl,orig,30,16,⟨NEXT⟩,10.57900619506836,10.57900619506836, pun,0.02961151674389839,aname,0.02953001670539379, boils,0.02705669216811657,�,0.02451334334909916,ild,0.022593026980757713,,,,,,,,,,,,,,,,,,,,,,,,,,,,,,,0.8666954040527344,False,False,,,,False,False,False,False,False,0.02961151674389839,0.13330459594726562,3.882404087107716e-07,2.7717659598670936,17.006445268536936,,42409,,,0.11171674728393555,,,,,,,,,-6.223931734439248e-07,,,,-11.242049515247345
ctl,orig,31,16,⟨NEXT⟩,10.94050121307373,10.94050121307373, intens,0.043610721826553345,ea,0.027236316353082657,ez,0.02496398240327835,arrings,0.022936241701245308, Coron,0.018108190968632698,,,,,,,,,,,,,,,,,,,,,,,,,,,,,,,0.8631445467472076,False,False,,,,False,False,False,False,False,0.043610721826553345,0.13685545325279236,1.7854219436230778e-07,2.7717659598670936,16.033304140339645,,64836,,,0.13643252849578857,,,,,,,,,-8.336999400171408e-06,,,,-12.405989170074463
ctl,orig,32,16,⟨NEXT⟩,1.1440011262893677,1.1440011262893677,arrings,0.7596279978752136,hq,0.14528979361057281, Giles,0.07321811467409134,лас,0.011319708079099655,o,0.0060361409559845924,,,,,,,,,,,,,,,,,,,,,,,,,,,,,,,0.004508244805037975,False,False,,,,False,False,False,False,False,0.7596279978752136,0.9954917430877686,5.85108033606785e-24,2.7717659598670936,27.731481500355475,,11753,,,0.17840272188186646,,,,,,,,,-3.564449314713465e-16,,,,-53.22049140930176
