prompt_id,prompt_variant,layer,pos,token,entropy,top1,prob1,top2,prob2,top3,prob3,top4,prob4,top5,prob5,top6,prob6,top7,prob7,top8,prob8,top9,prob9,top10,prob10,top11,prob11,top12,prob12,top13,prob13,top14,prob14,top15,prob15,top16,prob16,top17,prob17,top18,prob18,top19,prob19,top20,prob20,rest_mass,copy_collapse,copy_strict@0.95,copy_soft_k1@0.5,copy_soft_k2@0.5,copy_soft_k3@0.5,entropy_collapse,is_answer,p_top1,p_top5,p_answer,teacher_entropy_bits,kl_to_final_bits,kl_to_final_bits_norm_temp,answer_rank,cos_to_final,cos_to_answer,cos_to_prompt_max,geom_crossover,echo_mass_prompt,answer_mass,answer_minus_echo_mass,mass_ratio_ans_over_prompt,topk_prompt_mass@50,control_margin
pos,orig,0,15,⟨NEXT⟩,17.032318115234375,音响,5.549784327740781e-05,窟,5.109359699417837e-05,翥,5.0109370931750163e-05,隍,4.881637869402766e-05, exchanged,4.756235284730792e-05,,,,,,,,,,,,,,,,,,,,,,,,,,,,,,,0.9997469204572553,False,False,False,False,False,False,False,5.549784327740781e-05,0.00025307954638265073,3.4575834888528334e-06,3.583520632286533,13.171556857541132,,129722,-0.04472514986991882,,,,,,,,,
pos,orig,1,15,⟨NEXT⟩,17.032306671142578,音响,5.5969201639527455e-05,窟,5.1727085519814864e-05,隍,4.908542541670613e-05,翥,4.83995936519932e-05, exchanged,4.697726762969978e-05,,,,,,,,,,,,,,,,,,,,,,,,,,,,,,,0.9997478414261423,False,False,False,False,False,False,False,5.5969201639527455e-05,0.00025215858477167785,3.4635716019693064e-06,3.583520632286533,13.17034472381785,,129585,-0.043493662029504776,,,,,,,,,
pos,orig,2,15,⟨NEXT⟩,17.03241539001465,音响,5.5734180932631716e-05,窟,5.2658178901765496e-05,翥,5.095579399494454e-05,隍,5.017948569729924e-05,悟,4.785012424690649e-05,,,,,,,,,,,,,,,,,,,,,,,,,,,,,,,0.9997426222362265,False,False,False,False,False,False,False,5.5734180932631716e-05,0.0002573777746874839,3.482250349406968e-06,3.583520632286533,13.1721883778351,,129265,-0.04420512914657593,,,,,,,,,
pos,orig,3,15,⟨NEXT⟩,17.032209396362305,音响,5.5256812629522756e-05,窟,5.1729086408158764e-05,翥,5.008179505239241e-05,隍,5.001655881642364e-05,悟,4.8775884351925924e-05,,,,,,,,,,,,,,,,,,,,,,,,,,,,,,,0.9997441398627416,False,False,False,False,False,False,False,5.5256812629522756e-05,0.00025586012634448707,3.567506837498513e-06,3.583520632286533,13.17133534388682,,127463,-0.0419720783829689,,,,,,,,,
pos,orig,4,15,⟨NEXT⟩,17.032257080078125,音响,5.3079569624969736e-05,窟,5.159196734894067e-05,翥,5.085110024083406e-05,悟,4.929587521473877e-05,隍,4.905495006823912e-05,,,,,,,,,,,,,,,,,,,,,,,,,,,,,,,0.9997461265375023,False,False,False,False,False,False,False,5.3079569624969736e-05,0.00025387346977367997,3.4841584692912875e-06,3.583520632286533,13.173173494459242,,129174,-0.0424436554312706,,,,,,,,,
pos,orig,5,15,⟨NEXT⟩,17.03266143798828,音响,5.400117515819147e-05,窟,5.142000372870825e-05,翥,5.088054240331985e-05,隍,4.881314089288935e-05,悟,4.828412420465611e-05,,,,,,,,,,,,,,,,,,,,,,,,,,,,,,,0.9997466010136122,False,False,False,False,False,False,False,5.400117515819147e-05,0.00025339899002574384,3.456307922533597e-06,3.583520632286533,13.172451167325619,,129772,-0.04334619641304016,,,,,,,,,
pos,orig,6,15,⟨NEXT⟩,17.03219985961914,音响,5.3903702792013064e-05,翥,5.197730570216663e-05,窟,5.089276601211168e-05,悟,4.9857339035952464e-05, exchanged,4.8487752792425454e-05,,,,,,,,,,,,,,,,,,,,,,,,,,,,,,,0.9997448811336653,False,False,False,False,False,False,False,5.3903702792013064e-05,0.00025511885178275406,3.4396264254610287e-06,3.583520632286533,13.173169366875621,,130033,-0.04462508484721184,,,,,,,,,
pos,orig,7,15,⟨NEXT⟩,17.029043197631836,ijken,5.370369763113558e-05,带上,5.369177597458474e-05,龛,5.2784496801905334e-05,音响,4.924884342472069e-05,窟,4.837755113840103e-05,,,,,,,,,,,,,,,,,,,,,,,,,,,,,,,0.9997421936350293,False,False,False,False,False,False,False,5.370369763113558e-05,0.00025780635769478977,3.549946086423006e-06,3.583520632286533,13.176391633822186,,127395,-0.03928963094949722,,,,,,,,,
pos,orig,8,15,⟨NEXT⟩,17.029020309448242,带上,5.256851727608591e-05,龛,5.1256694860057905e-05,音响,5.052680353401229e-05,粽子,4.939862265018746e-05,ijken,4.8215828428510576e-05,,,,,,,,,,,,,,,,,,,,,,,,,,,,,,,0.9997480335332511,False,False,False,False,False,False,False,5.256851727608591e-05,0.00025196647038683295,3.4006945952569367e-06,3.583520632286533,13.170359858291127,,130404,-0.02688603848218918,,,,,,,,,
pos,orig,9,15,⟨NEXT⟩,17.031688690185547,音响,5.366383629734628e-05,粽子,4.919469211017713e-05,窟,4.900703424937092e-05,环球,4.888920011580922e-05,无限,4.75057604489848e-05,,,,,,,,,,,,,,,,,,,,,,,,,,,,,,,0.9997517394767783,False,False,False,False,False,False,False,5.366383629734628e-05,0.00024826053413562477,3.3126802918559406e-06,3.583520632286533,13.17417787314028,,132399,-0.043395739048719406,,,,,,,,,
pos,orig,10,15,⟨NEXT⟩,17.0296573638916,粽子,5.286785017233342e-05,音响,5.113835504744202e-05,ijken,4.9543385102879256e-05,带上,4.947099296259694e-05,翥,4.907792390440591e-05,,,,,,,,,,,,,,,,,,,,,,,,,,,,,,,0.9997479014928103,False,False,False,False,False,False,False,5.286785017233342e-05,0.0002520984853617847,3.150620841552154e-06,3.583520632286533,13.16610294371697,,134995,-0.023315787315368652,,,,,,,,,
pos,orig,11,15,⟨NEXT⟩,17.027259826660156,粽子,6.075436613173224e-05,翥,5.3406918596010655e-05,环球,5.0448550609871745e-05,褥,4.8639973101671785e-05,oct,4.8535446694586426e-05,,,,,,,,,,,,,,,,,,,,,,,,,,,,,,,0.9997382147448661,False,False,False,False,False,False,False,6.075436613173224e-05,0.00026178525877185166,3.2316402212018147e-06,3.583520632286533,13.172440160435963,,133368,-0.03031977266073227,,,,,,,,,
pos,orig,12,15,⟨NEXT⟩,17.03017234802246,无限,5.4990247008390725e-05,隍,5.23617236467544e-05,带上,5.152018275111914e-05,翥,5.076885281596333e-05,环球,4.9943861085921526e-05,,,,,,,,,,,,,,,,,,,,,,,,,,,,,,,0.9997404151326919,False,False,False,False,False,False,False,5.4990247008390725e-05,0.0002595848636701703,3.572637751858565e-06,3.583520632286533,13.176787881849775,,127175,-0.04957553371787071,,,,,,,,,
pos,orig,13,15,⟨NEXT⟩,17.023008346557617,带上,6.040350126568228e-05, exchanged,6.0318710893625394e-05,隍,5.306137245497666e-05,翥,5.2549701649695635e-05,褥,5.2178846090100706e-05,,,,,,,,,,,,,,,,,,,,,,,,,,,,,,,0.9997214878676459,False,False,False,False,False,False,False,6.040350126568228e-05,0.0002785121323540807,3.52534516423475e-06,3.583520632286533,13.174038911158384,,127121,-0.02861926145851612,,,,,,,,,
pos,orig,14,15,⟨NEXT⟩,17.028953552246094,隍,5.857508222106844e-05,带上,5.8299341617384925e-05,恒,5.2800456614932045e-05,ijken,5.008648076909594e-05, exchanged,4.9986880185315385e-05,,,,,,,,,,,,,,,,,,,,,,,,,,,,,,,0.9997302517585922,False,False,False,False,False,False,False,5.857508222106844e-05,0.00026974824140779674,3.5503983326634625e-06,3.583520632286533,13.14388966453153,,127424,0.007007637992501259,,,,,,,,,
pos,orig,15,15,⟨NEXT⟩,17.030746459960938,恒,5.83672481297981e-05,隍,5.7084242143901065e-05,粽子,4.811645339941606e-05, exchanged,4.797316432814114e-05,ijken,4.711687142844312e-05,,,,,,,,,,,,,,,,,,,,,,,,,,,,,,,0.9997413420205703,False,False,False,False,False,False,False,5.83672481297981e-05,0.00025865796487778425,3.4275719826837303e-06,3.583520632286533,13.142405110289282,,130097,0.005342274904251099,,,,,,,,,
pos,orig,16,15,⟨NEXT⟩,17.029966354370117,恒,5.936191155342385e-05,隍,5.6167846196331084e-05,翥,5.430374585557729e-05,议论,5.376967237680219e-05,音响,5.326827522367239e-05,,,,,,,,,,,,,,,,,,,,,,,,,,,,,,,0.9997231285487942,False,False,False,False,False,False,False,5.936191155342385e-05,0.00027687143301591277,3.824194209300913e-06,3.583520632286533,13.144705550227224,,121963,0.006944506429135799,,,,,,,,,
pos,orig,17,15,⟨NEXT⟩,17.02859878540039,发布时间,5.979853813187219e-05,恒,5.9244623116683215e-05,隍,5.726385279558599e-05,无限,5.5169224651763216e-05,翥,5.380523725762032e-05,,,,,,,,,,,,,,,,,,,,,,,,,,,,,,,0.9997147185240465,False,False,False,False,False,False,False,5.979853813187219e-05,0.00028528147959150374,4.130041361349868e-06,3.583520632286533,13.15816972799797,,115135,-0.0072088236920535564,,,,,,,,,
pos,orig,18,15,⟨NEXT⟩,17.025453567504883,恒,6.51133741484955e-05,隍,6.501449388451874e-05,议论,5.590347063844092e-05,无限,5.558677003136836e-05,发布时间,5.4997024562908337e-05,,,,,,,,,,,,,,,,,,,,,,,,,,,,,,,0.9997033848667343,False,False,False,False,False,False,False,6.51133741484955e-05,0.00029661512235179543,4.166058261034777e-06,3.583520632286533,13.17659526128081,,113822,-0.031101346015930176,,,,,,,,,
pos,orig,19,15,⟨NEXT⟩,17.02008819580078,隍,7.707942131673917e-05,恒,6.400914571713656e-05,发布时间,6.302507244981825e-05,翥,6.131453847046942e-05,结论,5.711206904379651e-05,,,,,,,,,,,,,,,,,,,,,,,,,,,,,,,0.999677459753002,False,False,False,False,False,False,False,7.707942131673917e-05,0.0003225402324460447,4.172106400801567e-06,3.583520632286533,13.199797784674011,,112721,-0.06950221955776215,,,,,,,,,
pos,orig,20,15,⟨NEXT⟩,17.00153160095215,发布时间,9.504783520242199e-05,议论,7.908053521532565e-05,隍,7.467490650014952e-05,恒,6.141469930298626e-05,结论,5.787609552498907e-05,,,,,,,,,,,,,,,,,,,,,,,,,,,,,,,0.9996319059282541,False,False,False,False,False,False,False,9.504783520242199e-05,0.0003680940717458725,4.70310897071613e-06,3.583520632286533,13.227799311956892,,98531,-0.07451029121875763,,,,,,,,,
pos,orig,21,15,⟨NEXT⟩,17.010913848876953,发布时间,7.890253618825227e-05,隍,7.770151569275185e-05, exchanged,6.99287120369263e-05,议论,6.09533344686497e-05,交换,5.756677273893729e-05,,,,,,,,,,,,,,,,,,,,,,,,,,,,,,,0.9996549471288745,False,False,False,False,False,False,False,7.890253618825227e-05,0.00034505288931541145,5.303678790369304e-06,3.583520632286533,13.205760767144728,,86703,-0.0800006091594696,,,,,,,,,
pos,orig,22,15,⟨NEXT⟩,17.011760711669922,隍,9.788269380806014e-05,对方,6.176244642119855e-05,发布时间,6.119020690675825e-05,骊,6.068341463105753e-05, exchanged,5.748899275204167e-05,,,,,,,,,,,,,,,,,,,,,,,,,,,,,,,0.9996609922454809,False,False,False,False,False,False,False,9.788269380806014e-05,0.00033900776179507375,6.359509370668093e-06,3.583520632286533,13.19695112783693,,65580,-0.0580657497048378,,,,,,,,,
pos,orig,23,15,⟨NEXT⟩,16.9986572265625,隍,0.0001118263608077541,议论,7.107233250280842e-05,发布时间,6.652985030086711e-05, opposing,6.225545075722039e-05,带队,6.153110734885558e-05,,,,,,,,,,,,,,,,,,,,,,,,,,,,,,,0.9996267848982825,False,False,False,False,False,False,False,0.0001118263608077541,0.000373215094441548,6.734451289958088e-06,3.583520632286533,13.212992293648206,,56021,-0.06215484440326691,,,,,,,,,
pos,orig,24,15,⟨NEXT⟩,16.991601943969727,隍,8.877806976670399e-05,weets,7.127474236767739e-05,发布时间,6.188946281326935e-05,议论,6.140140612842515e-05,恒大,5.962673822068609e-05,,,,,,,,,,,,,,,,,,,,,,,,,,,,,,,0.9996570295807032,False,False,False,False,False,False,False,8.877806976670399e-05,0.0003429704229347408,6.267839125939645e-06,3.583520632286533,13.247577316806114,,66212,-0.07744540274143219,,,,,,,,,
pos,orig,25,15,⟨NEXT⟩,16.99629783630371,隍,0.00011034035560442135,发布时间,6.94037662469782e-05,翥,6.399345875252038e-05,议论,6.204159581102431e-05,由此,5.843399776495062e-05,,,,,,,,,,,,,,,,,,,,,,,,,,,,,,,0.9996357868258201,False,False,False,False,False,False,False,0.00011034035560442135,0.00036421316326595843,5.899841653445037e-06,3.583520632286533,13.215339512867182,,73456,-0.03045705333352089,,,,,,,,,
pos,orig,26,15,⟨NEXT⟩,16.987802505493164,隍,0.00010073711018776521,翥,9.111636609304696e-05,hud,8.312157297041267e-05,发布时间,6.678708450635895e-05, opposing,6.579373439308256e-05,,,,,,,,,,,,,,,,,,,,,,,,,,,,,,,0.9995924441318493,False,False,False,False,False,False,False,0.00010073711018776521,0.00040755586815066636,5.96552126808092e-06,3.583520632286533,13.214463089278386,,71565,-0.015436641871929169,,,,,,,,,
pos,orig,27,15,⟨NEXT⟩,16.966503143310547,隍,0.00010425199434394017,翥,0.00010267642210237682,hud,9.625053644413128e-05, opposing,9.019701246870682e-05,息,8.594823157181963e-05,,,,,,,,,,,,,,,,,,,,,,,,,,,,,,,0.999520675803069,False,False,False,False,False,False,False,0.00010425199434394017,0.0004793241969309747,5.4153683777258266e-06,3.583520632286533,13.227397560484475,,80727,-0.0033237214665859938,,,,,,,,,
pos,orig,28,15,⟨NEXT⟩,16.922582626342773, opposing,0.00013342128659132868,息,0.0001188214446301572,璜,9.992258856073022e-05,翥,9.641758515499532e-05,无限,8.747048559598625e-05,,,,,,,,,,,,,,,,,,,,,,,,,,,,,,,0.9994639466094668,False,False,False,False,False,False,False,0.00013342128659132868,0.0005360533832572401,5.2895697990607005e-06,3.583520632286533,13.300784621399446,,79894,-0.016824357211589813,,,,,,,,,
pos,orig,29,15,⟨NEXT⟩,16.83919906616211,欣,0.0001960298977792263,ngine,0.00016469621914438903, opposing,0.00015154873835854232,信念,0.00014339678455144167,spot,0.00012188456457806751,,,,,,,,,,,,,,,,,,,,,,,,,,,,,,,0.9992224437955883,False,False,False,False,False,False,False,0.0001960298977792263,0.0007775562116876245,6.69866631142213e-06,3.583520632286533,13.379947547660993,,51522,0.005829500500112772,,,,,,,,,
pos,orig,30,15,⟨NEXT⟩,16.751846313476562,役,0.00022081700444687158,spot,0.000195322631043382, spot,0.00019417858857195824,ngine,0.0001929268182720989,欣,0.00017678576114121825,,,,,,,,,,,,,,,,,,,,,,,,,,,,,,,0.9990199691965245,False,False,False,False,False,False,False,0.00022081700444687158,0.0009800308616831899,5.685567884938791e-06,3.583520632286533,13.438476683402625,,61831,0.058127328753471375,,,,,,,,,
pos,orig,31,15,⟨NEXT⟩,16.72862434387207,泽,0.0002744716184679419,欣,0.0002676823642104864,役,0.0002378744538873434,spot,0.0001861727942014113,wit,0.00018559940508566797,,,,,,,,,,,,,,,,,,,,,,,,,,,,,,,0.9988481993641471,False,False,False,False,False,False,False,0.0002744716184679419,0.0011518006213009357,1.1222693501622416e-05,3.583520632286533,13.465417421694982,,20626,0.03613538295030594,,,,,,,,,
pos,orig,32,15,⟨NEXT⟩,16.360675811767578,泽,0.0007900134078226984,arel,0.0006461952580139041,ze,0.0003591956337913871,覚,0.00034608811256475747,深渊,0.0003311009786557406,,,,,,,,,,,,,,,,,,,,,,,,,,,,,,,0.9975274066091515,False,False,False,False,False,False,False,0.0007900134078226984,0.002472593216225505,1.4742535313416738e-05,3.583520632286533,13.81793782840512,,14067,0.0662369430065155,,,,,,,,,
pos,orig,33,15,⟨NEXT⟩,16.194883346557617,泽,0.0028868489898741245,澤,0.0009946543723344803,flux,0.0006463201716542244,ze,0.0006168074323795736,/english,0.0005115683889016509,,,,,,,,,,,,,,,,,,,,,,,,,,,,,,,0.994343800644856,False,False,False,False,False,False,False,0.0028868489898741245,0.0056561995297670364,1.1277845260337926e-05,3.583520632286533,14.036289753662954,,21063,0.029735300689935684,,,,,,,,,
pos,orig,34,15,⟨NEXT⟩,15.685586929321289,泽,0.0044576856307685375, Wick,0.001228734035976231,澤,0.0010811386164277792,天地,0.00106850266456604,疆,0.0009295608033426106,,,,,,,,,,,,,,,,,,,,,,,,,,,,,,,0.9912343782489188,False,False,False,False,False,False,False,0.0044576856307685375,0.008765622042119503,1.4293945241661277e-05,3.583520632286533,14.588532924889467,,14766,0.019894149154424667,,,,,,,,,
pos,orig,35,15,⟨NEXT⟩,15.313058853149414,泽,0.006353237200528383,疆,0.0034013190306723118,flux,0.002451896434649825,哇,0.0022607615683227777, Wick,0.001445471658371389,,,,,,,,,,,,,,,,,,,,,,,,,,,,,,,0.9840873141074553,False,False,False,False,False,False,False,0.006353237200528383,0.01591268554329872,1.1918984455405734e-05,3.583520632286533,14.998051133817953,,17348,0.046158432960510254,,,,,,,,,
pos,orig,36,15,⟨NEXT⟩,15.092849731445312,泽,0.006125482730567455, Wick,0.002962555969133973, Senators,0.002875095931813121,疆,0.002749058650806546,mom,0.0018271013395860791,,,,,,,,,,,,,,,,,,,,,,,,,,,,,,,0.9834607053780928,False,False,False,False,False,False,False,0.006125482730567455,0.01653929427266121,4.890283162239939e-05,3.583520632286533,15.196670457646393,,2972,0.06238456070423126,,,,,,,,,
pos,orig,37,15,⟨NEXT⟩,14.404448509216309,ゼ,0.009122181683778763,泽,0.008168434724211693,刚刚,0.005182946100831032,чик,0.004412212874740362,чин,0.003949944395571947,,,,,,,,,,,,,,,,,,,,,,,,,,,,,,,0.9691642802208662,False,False,False,False,False,False,False,0.009122181683778763,0.030835719779133797,1.1017095857823733e-05,3.583520632286533,15.963030653335895,,15435,0.033652253448963165,,,,,,,,,
pos,orig,38,15,⟨NEXT⟩,14.380711555480957,话说,0.003913985099643469,wil,0.0026800506748259068,imet,0.0025908402167260647,ゼ,0.0025063827633857727, docking,0.0023049311712384224,,,,,,,,,,,,,,,,,,,,,,,,,,,,,,,0.9860038100741804,False,False,False,False,False,False,False,0.003913985099643469,0.013996189460158348,1.4313518477138132e-05,3.583520632286533,15.804051266739522,,11883,0.11912518739700317,,,,,,,,,
pos,orig,39,15,⟨NEXT⟩,15.580998420715332,wil,0.001887648948468268,蹲,0.001558479038067162,碍,0.00128193071577698,بون,0.0011838746722787619,倒是,0.0011539390543475747,,,,,,,,,,,,,,,,,,,,,,,,,,,,,,,0.9929341275710613,False,False,False,False,False,False,False,0.001887648948468268,0.00706587266176939,1.400312794430647e-05,3.583520632286533,14.658730739526838,,14861,0.10349500179290771,,,,,,,,,
pos,orig,40,15,⟨NEXT⟩,15.605921745300293,ixon,0.0027267243713140488,itter,0.002350850263610482,igor,0.0019436434376984835,بون,0.001842664205469191,伪,0.0013424261705949903,,,,,,,,,,,,,,,,,,,,,,,,,,,,,,,0.9897936915513128,False,False,False,False,False,False,False,0.0027267243713140488,0.010206308215856552,9.836612662184052e-07,3.583520632286533,14.840312774030206,,112714,0.06573121249675751,,,,,,,,,
pos,no_filler,0,14,⟨NEXT⟩,17.032480239868164,音响,5.692363265552558e-05,隍,5.062878335593268e-05,窟,5.0415324949426576e-05,翥,4.9077789299190044e-05, exchanged,4.6750188630539924e-05,,,,,,,,,,,,,,,,,,,,,,,,,,,,,,,0.9997462042811094,False,False,False,False,False,False,False,5.692363265552558e-05,0.0002537957043386996,3.4728009268292226e-06,3.743291139076875,13.606185909356794,,129458,-0.06811677664518356,,,,,,,,,
pos,no_filler,1,14,⟨NEXT⟩,17.03262710571289,音响,5.70477859582752e-05,隍,5.000596138415858e-05,窟,4.960545993526466e-05,翥,4.825565338251181e-05, exchanged,4.724970131064765e-05,,,,,,,,,,,,,,,,,,,,,,,,,,,,,,,0.9997478354380291,False,False,False,False,False,False,False,5.70477859582752e-05,0.0002521645510569215,3.4842344120988855e-06,3.743291139076875,13.605453951194722,,129211,-0.06620827317237854,,,,,,,,,
pos,no_filler,2,14,⟨NEXT⟩,17.03246307373047,音响,5.5153726862045005e-05,隍,5.131924990564585e-05,翥,5.06172509631142e-05,窟,4.923016967950389e-05, exchanged,4.6395354729611427e-05,,,,,,,,,,,,,,,,,,,,,,,,,,,,,,,0.9997472842478601,False,False,False,False,False,False,False,5.5153726862045005e-05,0.00025271574850194156,3.573664798750542e-06,3.743291139076875,13.608021308206801,,127401,-0.07029300928115845,,,,,,,,,
pos,no_filler,3,14,⟨NEXT⟩,17.032127380371094,音响,5.568857886828482e-05,隍,5.142220470588654e-05,翥,5.133918602950871e-05,窟,4.764974437421188e-05,悟,4.733126115752384e-05,,,,,,,,,,,,,,,,,,,,,,,,,,,,,,,0.9997465690248646,False,False,False,False,False,False,False,5.568857886828482e-05,0.0002534309751354158,3.5170369301340543e-06,3.743291139076875,13.610497858379226,,128483,-0.07337012887001038,,,,,,,,,
pos,no_filler,4,14,⟨NEXT⟩,17.032655715942383,音响,5.538878758670762e-05,翥,5.189921648707241e-05,隍,5.0522903620731086e-05,悟,4.758939394378103e-05,窟,4.7389497922267765e-05,,,,,,,,,,,,,,,,,,,,,,,,,,,,,,,0.9997472102004394,False,False,False,False,False,False,False,5.538878758670762e-05,0.0002527897886466235,3.5363966617296683e-06,3.743291139076875,13.610248827500778,,128168,-0.07210723310709,,,,,,,,,
pos,no_filler,5,14,⟨NEXT⟩,17.033029556274414,音响,5.780725405202247e-05,翥,5.264251012704335e-05,隍,4.923280357616022e-05,悟,4.7933277528500184e-05,窟,4.758892100653611e-05,,,,,,,,,,,,,,,,,,,,,,,,,,,,,,,0.9997447952337097,False,False,False,False,False,False,False,5.780725405202247e-05,0.00025520476629026234,3.5047287383349612e-06,3.743291139076875,13.610632692777504,,128851,-0.07587551325559616,,,,,,,,,
pos,no_filler,6,14,⟨NEXT⟩,17.033157348632812,音响,5.769227209384553e-05,翥,5.381976006901823e-05,悟,4.9204369133803993e-05, interchange,4.792276376974769e-05, exchanged,4.682534927269444e-05,,,,,,,,,,,,,,,,,,,,,,,,,,,,,,,0.9997445354856609,False,False,False,False,False,False,False,5.769227209384553e-05,0.0002554645179770887,3.6395047118276125e-06,3.743291139076875,13.60883444218008,,126190,-0.0766541063785553,,,,,,,,,
pos,no_filler,7,14,⟨NEXT⟩,17.032054901123047,音响,5.707859236281365e-05,翥,5.472139673656784e-05, interchange,5.449597301776521e-05,悟,5.301865530782379e-05, exchanged,5.0442384235793725e-05,,,,,,,,,,,,,,,,,,,,,,,,,,,,,,,0.9997302429983392,False,False,False,False,False,False,False,5.707859236281365e-05,0.0002697570016607642,3.7478714602912078e-06,3.743291139076875,13.605049447999892,,123892,-0.0689239352941513,,,,,,,,,
pos,no_filler,8,14,⟨NEXT⟩,17.033061981201172,音响,5.793200762127526e-05,翥,5.279306060401723e-05,悟,5.06954311276786e-05, interchange,5.0615246436791494e-05, exchanged,5.0540340453153476e-05,,,,,,,,,,,,,,,,,,,,,,,,,,,,,,,0.9997374239137571,False,False,False,False,False,False,False,5.793200762127526e-05,0.0002625760971568525,3.6987341900385218e-06,3.743291139076875,13.61172237485337,,125010,-0.08077109605073929,,,,,,,,,
pos,no_filler,9,14,⟨NEXT⟩,17.0346622467041,音响,5.8662692026700824e-05,翥,5.050569598097354e-05,悟,4.8868576413951814e-05, exchanged,4.8205147322732955e-05,ijken,4.7063298552529886e-05,,,,,,,,,,,,,,,,,,,,,,,,,,,,,,,0.9997466945897031,False,False,False,False,False,False,False,5.8662692026700824e-05,0.00025330542121082544,3.499464355627424e-06,3.743291139076875,13.605447071888687,,129354,-0.07697754353284836,,,,,,,,,
pos,no_filler,10,14,⟨NEXT⟩,17.034276962280273,音响,6.087842120905407e-05, exchanged,5.3316027333494276e-05,翥,5.2433155360631645e-05,ijken,4.954371979692951e-05,悟,4.65476477984339e-05,,,,,,,,,,,,,,,,,,,,,,,,,,,,,,,0.9997372810285015,False,False,False,False,False,False,False,6.087842120905407e-05,0.0002627189678605646,3.6460767205426237e-06,3.743291139076875,13.59889934840504,,126351,-0.06562607735395432,,,,,,,,,
pos,no_filler,11,14,⟨NEXT⟩,17.033733367919922,音响,5.6479595514247194e-05, exchanged,5.5404496379196644e-05,翥,5.259332465357147e-05,恒,4.790878665517084e-05,hud,4.786788485944271e-05,,,,,,,,,,,,,,,,,,,,,,,,,,,,,,,0.9997397459119384,False,False,False,False,False,False,False,5.6479595514247194e-05,0.00026025407714769244,3.52171059603279e-06,3.743291139076875,13.606126747324897,,128732,-0.07198391854763031,,,,,,,,,
pos,no_filler,12,14,⟨NEXT⟩,17.03501319885254,音响,6.123072671471164e-05, exchanged,5.922308992012404e-05,翥,4.885875023319386e-05,hud,4.754744441015646e-05,ijken,4.727844861918129e-05,,,,,,,,,,,,,,,,,,,,,,,,,,,,,,,0.9997358615401026,False,False,False,False,False,False,False,6.123072671471164e-05,0.0002641384780872613,3.797180625042529e-06,3.743291139076875,13.593346372573981,,123277,-0.050923317670822144,,,,,,,,,
pos,no_filler,13,14,⟨NEXT⟩,17.030414581298828, exchanged,6.100147948018275e-05,音响,5.891962064197287e-05,息,4.998343865736388e-05,hud,4.825098949368112e-05,恒,4.799600355909206e-05,,,,,,,,,,,,,,,,,,,,,,,,,,,,,,,0.9997338484681677,False,False,False,False,False,False,False,6.100147948018275e-05,0.0002661515318322927,3.471539685051539e-06,3.743291139076875,13.600313733725734,,129099,-0.0427434928715229,,,,,,,,,
pos,no_filler,14,14,⟨NEXT⟩,17.03499984741211, exchanged,5.737781248171814e-05,音响,5.505830267793499e-05,hud,5.0432114221621305e-05,翥,4.8668407544028014e-05,隍,4.604184505296871e-05,,,,,,,,,,,,,,,,,,,,,,,,,,,,,,,0.9997424215180217,False,False,False,False,False,False,False,5.737781248171814e-05,0.000257578503806144,3.7450561194418697e-06,3.743291139076875,13.587386141825679,,124328,-0.0347183421254158,,,,,,,,,
pos,no_filler,15,14,⟨NEXT⟩,17.037874221801758, exchanged,5.8280715165892616e-05,音响,5.2429764764383435e-05,隍,5.1708495448110625e-05,翥,5.1169481594115496e-05,恒,4.905998139292933e-05,,,,,,,,,,,,,,,,,,,,,,,,,,,,,,,0.9997373515616346,False,False,False,False,False,False,False,5.8280715165892616e-05,0.0002626484492793679,3.7549586977547733e-06,3.743291139076875,13.572661675189408,,124515,-0.019249089062213898,,,,,,,,,
pos,no_filler,16,14,⟨NEXT⟩,17.038976669311523,音响,6.2552273448091e-05,翥,5.574952228926122e-05,恒,5.5008546041790396e-05,窟,5.3124091209610924e-05, exchanged,5.2112925914116204e-05,,,,,,,,,,,,,,,,,,,,,,,,,,,,,,,0.9997214526410971,False,False,False,False,False,False,False,6.2552273448091e-05,0.0002785473479889333,4.023719611723209e-06,3.743291139076875,13.568560232931633,,118934,-0.021632466465234756,,,,,,,,,
pos,no_filler,17,14,⟨NEXT⟩,17.037551879882812,音响,5.7438872318016365e-05,窟,5.7109235058305785e-05,翥,5.311795393936336e-05,恒,5.281771154841408e-05,议论,5.0229693442815915e-05,,,,,,,,,,,,,,,,,,,,,,,,,,,,,,,0.9997292865336931,False,False,False,False,False,False,False,5.7438872318016365e-05,0.0002707134699448943,4.378167886898154e-06,3.743291139076875,13.571818272269578,,110804,-0.014662420377135277,,,,,,,,,
pos,no_filler,18,14,⟨NEXT⟩,17.03626251220703,音响,6.355962250381708e-05,隍,6.0200000007171184e-05,议论,5.722709829569794e-05,hud,5.6314049288630486e-05,窟,5.490341573022306e-05,,,,,,,,,,,,,,,,,,,,,,,,,,,,,,,0.9997077958141745,False,False,False,False,False,False,False,6.355962250381708e-05,0.00029220417491160333,4.02263776777545e-06,3.743291139076875,13.58539527065929,,118503,-0.03032490238547325,,,,,,,,,
pos,no_filler,19,14,⟨NEXT⟩,17.03423500061035,音响,6.50803922326304e-05,hud,6.135602598078549e-05,窟,5.972851431579329e-05,隍,5.94108751101885e-05,auge,5.670240716426633e-05,,,,,,,,,,,,,,,,,,,,,,,,,,,,,,,0.9996977217851963,False,False,False,False,False,False,False,6.50803922326304e-05,0.0003022782038897276,4.707215339294635e-06,3.743291139076875,13.61483182118097,,102733,-0.07538460195064545,,,,,,,,,
pos,no_filler,20,14,⟨NEXT⟩,17.022483825683594,镐,6.14485761616379e-05,隍,5.821384911541827e-05,音响,5.815185431856662e-05,对方,5.489728937391192e-05,岁以下,5.488790702656843e-05,,,,,,,,,,,,,,,,,,,,,,,,,,,,,,,0.9997124005240039,False,False,False,False,False,False,False,6.14485761616379e-05,0.0002875994541682303,4.522892595559824e-06,3.743291139076875,13.62223120275169,,105220,-0.06229504197835922,,,,,,,,,
pos,no_filler,21,14,⟨NEXT⟩,17.0257625579834,隍,7.981024828040972e-05,对方,7.307206396944821e-05,音响,5.86995120102074e-05,灏,5.74691039219033e-05,岁以下,5.728388350689784e-05,,,,,,,,,,,,,,,,,,,,,,,,,,,,,,,0.9996736651883111,False,False,False,False,False,False,False,7.981024828040972e-05,0.0003263347898609936,3.933288098778576e-06,3.743291139076875,13.608585411301632,,118889,-0.044551461935043335,,,,,,,,,
pos,no_filler,22,14,⟨NEXT⟩,17.02781867980957,隍,8.354929013876244e-05,对方,7.106598059181124e-05,音响,5.934386354056187e-05,met,5.770838470198214e-05,磨,5.7289325923193246e-05,,,,,,,,,,,,,,,,,,,,,,,,,,,,,,,0.9996710431551037,False,False,False,False,False,False,False,8.354929013876244e-05,0.00032895684125833213,4.666049335355638e-06,3.743291139076875,13.591782018381732,,102748,-0.027618933469057083,,,,,,,,,
pos,no_filler,23,14,⟨NEXT⟩,17.012723922729492,对方,7.967898272909224e-05,隍,7.703760638833046e-05, Eg,6.72304886393249e-05,带队,5.988150951452553e-05,窟,5.7865992857841775e-05,,,,,,,,,,,,,,,,,,,,,,,,,,,,,,,0.9996583054198709,False,False,False,False,False,False,False,7.967898272909224e-05,0.00034169459831900895,3.614962452047621e-06,3.743291139076875,13.627559913206024,,124090,-0.042732127010822296,,,,,,,,,
pos,no_filler,24,14,⟨NEXT⟩,17.004077911376953,对方,7.650029147043824e-05,灏,6.956115976208821e-05,音响,6.777346425224096e-05, Aad,5.8278026699554175e-05,由此,5.579546996159479e-05,,,,,,,,,,,,,,,,,,,,,,,,,,,,,,,0.9996720915878541,False,False,False,False,False,False,False,7.650029147043824e-05,0.0003279084339737892,4.161722699791426e-06,3.743291139076875,13.656439239938907,,111198,-0.06611347943544388,,,,,,,,,
pos,no_filler,25,14,⟨NEXT⟩,17.010826110839844,隍,6.047003989806399e-05,由此,5.868966763955541e-05,带队,5.7319612096762285e-05,发布时间,5.719477485399693e-05,议论,5.6858756579458714e-05,,,,,,,,,,,,,,,,,,,,,,,,,,,,,,,0.9997094671489322,False,False,False,False,False,False,False,6.047003989806399e-05,0.00029053285834379494,3.7709321532020112e-06,3.743291139076875,13.662905787611349,,120342,-0.08719819039106369,,,,,,,,,
pos,no_filler,26,14,⟨NEXT⟩,17.006874084472656,由此,7.876761083025485e-05,恒,6.85861159581691e-05,ooter,6.499591108877212e-05,带队,6.281549576669931e-05, Chew,6.108169327490032e-05,,,,,,,,,,,,,,,,,,,,,,,,,,,,,,,0.9996637531730812,False,False,False,False,False,False,False,7.876761083025485e-05,0.0003362468269187957,2.6053182864416158e-06,3.743291139076875,13.712028160281386,,140850,-0.1582833230495453,,,,,,,,,
pos,no_filler,27,14,⟨NEXT⟩,16.994417190551758,由此,9.034601680468768e-05,ooter,8.588702621636912e-05,带队,7.03105833963491e-05,隍,6.918570579728112e-05, vac,6.893936370033771e-05,,,,,,,,,,,,,,,,,,,,,,,,,,,,,,,0.999615331304085,False,False,False,False,False,False,False,9.034601680468768e-05,0.00038466870319098234,1.7502480886832927e-06,3.743291139076875,13.741157893753927,,149053,-0.16625453531742096,,,,,,,,,
pos,no_filler,28,14,⟨NEXT⟩,16.97100257873535,ooter,0.00010116453631781042,ewood,8.230232197092846e-05,由此,7.291039219126105e-05,adian,7.263476436492056e-05,壮大,7.057956827338785e-05,,,,,,,,,,,,,,,,,,,,,,,,,,,,,,,0.9996004084168817,False,False,False,False,False,False,False,0.00010116453631781042,0.0003995915758423507,1.297005042033561e-06,3.743291139076875,13.779962683233403,,150758,-0.17445527017116547,,,,,,,,,
pos,no_filler,29,14,⟨NEXT⟩,16.926774978637695, UNITED,0.00010831018153112382,edom,8.939773397287354e-05,ewood,8.747196989133954e-05,isclosed,8.513419743394479e-05,_eg,8.387037087231874e-05,,,,,,,,,,,,,,,,,,,,,,,,,,,,,,,0.9995458155462984,False,False,False,False,False,False,False,0.00010831018153112382,0.00045418445370160043,1.5254457821356482e-06,3.743291139076875,13.830452661943104,,148212,-0.16008920967578888,,,,,,,,,
pos,no_filler,30,14,⟨NEXT⟩,16.863525390625, UNITED,0.00017826323164626956, thở,0.0001422071800334379,_eg,0.0001377250737277791,ismet,0.00012732253526337445,edom,0.00011285345681244507,,,,,,,,,,,,,,,,,,,,,,,,,,,,,,,0.9993016285225167,False,False,False,False,False,False,False,0.00017826323164626956,0.000698371441103518,1.276761167900986e-06,3.743291139076875,13.914096768155533,,148377,-0.15960125625133514,,,,,,,,,
pos,no_filler,31,14,⟨NEXT⟩,16.84328842163086,axy,0.0001636470842640847,同一个,0.00016340719594154507, UNITED,0.0001577299553900957, thở,0.0001351181708741933,_eg,0.0001350730162812397,,,,,,,,,,,,,,,,,,,,,,,,,,,,,,,0.9992450245772488,False,False,False,False,False,False,False,0.0001636470842640847,0.0007549753645434976,3.3277847251156345e-06,3.743291139076875,13.86367007906135,,112039,-0.08930618315935135,,,,,,,,,
pos,no_filler,32,14,⟨NEXT⟩,16.55293846130371,axy,0.00030017728568054736,同一个,0.00029532567714340985,呛,0.00029128717142157257,INLINE,0.0002806827542372048,万公里,0.0002399452932877466,,,,,,,,,,,,,,,,,,,,,,,,,,,,,,,0.9985925818182295,False,False,False,False,False,False,False,0.00030017728568054736,0.001407418167218566,3.3833948691608384e-06,3.743291139076875,14.168066988337658,,92251,-0.06475529074668884,,,,,,,,,
pos,no_filler,33,14,⟨NEXT⟩,16.40297508239746,呛,0.0007627675076946616, ngh,0.0003446525661274791,axy,0.0003405867319088429,同一个,0.0003021579177584499,泽,0.0002975721436087042,,,,,,,,,,,,,,,,,,,,,,,,,,,,,,,0.9979522631329019,False,False,False,False,False,False,False,0.0007627675076946616,0.002047736896201968,1.4726449535373831e-06,3.743291139076875,14.372535098156641,,126061,-0.10635461658239365,,,,,,,,,
pos,no_filler,34,14,⟨NEXT⟩,15.841033935546875,呛,0.0037976917810738087,同一个,0.0008939853869378567,钱,0.0006763212149962783,工程建设,0.0006649979040957987,去买,0.0006306689465418458,,,,,,,,,,,,,,,,,,,,,,,,,,,,,,,0.9933363347663544,False,False,False,False,False,False,False,0.0037976917810738087,0.006663665175437927,1.1203264875803143e-06,3.743291139076875,15.072526500947584,,116199,-0.151271790266037,,,,,,,,,
pos,no_filler,35,14,⟨NEXT⟩,15.574146270751953,呛,0.0040002623572945595,жу,0.0009940442396327853,inic,0.0009705214179120958,同样是,0.000899758655577898,edom,0.000883566215634346,,,,,,,,,,,,,,,,,,,,,,,,,,,,,,,0.9922518471139483,False,False,False,False,False,False,False,0.0040002623572945595,0.007748153060674667,1.019394744616875e-06,3.743291139076875,15.384388833132546,,110362,-0.11830656230449677,,,,,,,,,
pos,no_filler,36,14,⟨NEXT⟩,14.927095413208008,inic,0.004907178692519665,埠,0.003190821036696434,呛,0.0028975005261600018,胚,0.0024805827997624874,人大,0.0024273782037198544,,,,,,,,,,,,,,,,,,,,,,,,,,,,,,,0.9840965387411416,False,False,False,False,False,False,False,0.004907178692519665,0.01590346172451973,7.152080797823146e-06,3.743291139076875,16.032025965278436,,25830,-0.10226289927959442,,,,,,,,,
pos,no_filler,37,14,⟨NEXT⟩,14.325400352478027,inic,0.0069357105530798435,改装,0.006174187175929546,呛,0.005348467733711004,砂,0.002917241770774126,жу,0.002914736047387123,,,,,,,,,,,,,,,,,,,,,,,,,,,,,,,0.9757096567191184,False,False,False,False,False,False,False,0.0069357105530798435,0.02429034374654293,1.3408678114501527e-06,3.743291139076875,16.747067913811684,,67902,-0.13453806936740875,,,,,,,,,
pos,no_filler,38,14,⟨NEXT⟩,14.140138626098633,inic,0.010496256873011589,quest,0.004279324784874916,升级,0.003667313139885664, taps,0.0032682367600500584,iverse,0.0031720397528260946,,,,,,,,,,,,,,,,,,,,,,,,,,,,,,,0.9751168286893517,False,False,False,False,False,False,False,0.010496256873011589,0.024883171543478966,2.060157157757203e-06,3.743291139076875,16.866222997774262,,50484,-0.0375402569770813,,,,,,,,,
pos,no_filler,39,14,⟨NEXT⟩,15.426712036132812,wil,0.0029304197523742914, taps,0.0027195587754249573,بون,0.0025621980894356966,火焰,0.002318305429071188,鼎,0.0014411292504519224,,,,,,,,,,,,,,,,,,,,,,,,,,,,,,,0.9880283887032419,False,False,False,False,False,False,False,0.0029304197523742914,0.0119716115295887,5.100546331959777e-06,3.743291139076875,15.442154365904345,,39987,-0.025549177080392838,,,,,,,,,
pos,no_filler,40,14,⟨NEXT⟩,15.813301086425781,بون,0.0019273264333605766,伪,0.001509643392637372,ixon,0.001207803376019001,edom,0.0009842496365308762,adh,0.0008973865187726915,,,,,,,,,,,,,,,,,,,,,,,,,,,,,,,0.9934735906426795,False,False,False,False,False,False,False,0.0019273264333605766,0.006526409648358822,9.341408144791785e-07,3.743291139076875,15.104412084417548,,120126,0.02074185013771057,,,,,,,,,
ctl,orig,0,15,⟨NEXT⟩,17.032318115234375,音响,5.549784327740781e-05,窟,5.109359699417837e-05,翥,5.0109370931750163e-05,隍,4.881637869402766e-05, exchanged,4.756235284730792e-05,,,,,,,,,,,,,,,,,,,,,,,,,,,,,,,0.9997469204572553,False,False,False,False,False,False,False,5.549784327740781e-05,0.00025307954638265073,4.384959993330995e-06,4.035106141581363,12.69590787970288,,109786,-0.028717495501041412,,,,,,,,,9.273765044781612e-07
ctl,orig,1,15,⟨NEXT⟩,17.032367706298828,音响,5.597799099632539e-05,窟,5.1790080760838464e-05,隍,4.9125159421237186e-05,翥,4.832994090975262e-05, exchanged,4.6990135160740465e-05,,,,,,,,,,,,,,,,,,,,,,,,,,,,,,,0.9997477866927511,False,False,False,False,False,False,False,5.597799099632539e-05,0.0002522132999729365,4.3234908844169695e-06,4.035106141581363,12.693423074363213,,111262,-0.02678869292140007,,,,,,,,,8.646950391266728e-07
ctl,orig,2,15,⟨NEXT⟩,17.032493591308594,音响,5.5710792366880924e-05,窟,5.268570384941995e-05,翥,5.086914461571723e-05,隍,5.01292415719945e-05,悟,4.788809746969491e-05,,,,,,,,,,,,,,,,,,,,,,,,,,,,,,,0.9997427170201263,False,False,False,False,False,False,False,5.5710792366880924e-05,0.0002572829835116863,4.31263106293045e-06,4.035106141581363,12.695862476283052,,111485,-0.02811940386891365,,,,,,,,,8.40572283777874e-07
ctl,orig,3,15,⟨NEXT⟩,17.032241821289062,音响,5.527320536202751e-05,窟,5.1763698138529435e-05,翥,5.012114343116991e-05,隍,4.994244227418676e-05,悟,4.882934081251733e-05,,,,,,,,,,,,,,,,,,,,,,,,,,,,,,,0.9997440701699816,False,False,False,False,False,False,False,5.527320536202751e-05,0.00025592983001843095,4.347651611169567e-06,4.035106141581363,12.695045214726152,,110634,-0.026523975655436516,,,,,,,,,7.821092822268838e-07
ctl,orig,4,15,⟨NEXT⟩,17.032238006591797,音响,5.3155075875110924e-05,窟,5.159034481039271e-05,翥,5.0884300435427576e-05,悟,4.941373481415212e-05,隍,4.8996054829331115e-05,,,,,,,,,,,,,,,,,,,,,,,,,,,,,,,0.9997459604892356,False,False,False,False,False,False,False,5.3155075875110924e-05,0.00025403950712643564,4.3948457459919155e-06,4.035106141581363,12.697003065223573,,109557,-0.02745717018842697,,,,,,,,,9.052212135429727e-07
ctl,orig,5,15,⟨NEXT⟩,17.032682418823242,音响,5.4033869673730806e-05,窟,5.157297709956765e-05,翥,5.090304330224171e-05,隍,4.8781548684928566e-05,悟,4.8421192332170904e-05,,,,,,,,,,,,,,,,,,,,,,,,,,,,,,,0.9997462873689074,False,False,False,False,False,False,False,5.4033869673730806e-05,0.0002537126129027456,4.353257281763945e-06,4.035106141581363,12.695817072863223,,110576,-0.02758365496993065,,,,,,,,,8.982799499790417e-07
ctl,orig,6,15,⟨NEXT⟩,17.03212547302246,音响,5.390268051996827e-05,翥,5.19938585057389e-05,窟,5.1057875680271536e-05,悟,5.0103175453841686e-05, exchanged,4.832248669117689e-05,,,,,,,,,,,,,,,,,,,,,,,,,,,,,,,0.999744619923149,False,False,False,False,False,False,False,5.390268051996827e-05,0.0002553800877649337,4.400496436574031e-06,4.035106141581363,12.696061976158052,,109401,-0.027936819940805435,,,,,,,,,9.715768101159483e-07
ctl,orig,7,15,⟨NEXT⟩,17.029207229614258,ijken,5.3669256885768846e-05,带上,5.3520150686381385e-05,龛,5.285803126753308e-05,音响,5.040381438448094e-05,窟,4.837996675632894e-05,,,,,,,,,,,,,,,,,,,,,,,,,,,,,,,0.9997411687800195,False,False,False,False,False,False,False,5.3669256885768846e-05,0.0002588312199804932,4.233480467519257e-06,4.035106141581363,12.696575172388227,,112839,-0.02337421476840973,,,,,,,,,7.181022283475613e-07
ctl,orig,8,15,⟨NEXT⟩,17.029142379760742,音响,5.38550884812139e-05,带上,5.2287210564827546e-05,龛,5.172772580408491e-05,ijken,4.872918361797929e-05,粽子,4.821842594537884e-05,,,,,,,,,,,,,,,,,,,,,,,,,,,,,,,0.9997451823655865,False,False,False,False,False,False,False,5.38550884812139e-05,0.00025481762713752687,4.334618552093161e-06,4.035106141581363,12.689771538720095,,110617,-0.014425177127122879,,,,,,,,,9.945940746547421e-07
ctl,orig,9,15,⟨NEXT⟩,17.0314884185791,音响,5.5577893363079056e-05,窟,4.989862281945534e-05,环球,4.924010863760486e-05,粽子,4.852585698245093e-05,翥,4.630189505405724e-05,,,,,,,,,,,,,,,,,,,,,,,,,,,,,,,0.9997504556231434,False,False,False,False,False,False,False,5.5577893363079056e-05,0.00024954439140856266,4.211827672406798e-06,4.035106141581363,12.698827457183926,,113694,-0.02877069264650345,,,,,,,,,9.175628292723559e-07
ctl,orig,10,15,⟨NEXT⟩,17.02920913696289,音响,5.388950739870779e-05,粽子,5.243884152150713e-05,ijken,5.109642734169029e-05,带上,4.898082261206582e-05,翥,4.838021413888782e-05,,,,,,,,,,,,,,,,,,,,,,,,,,,,,,,0.9997452141869871,False,False,False,False,False,False,False,5.388950739870779e-05,0.00025478581665083766,4.120472567592515e-06,4.035106141581363,12.68828560861664,,115424,-0.013689996674656868,,,,,,,,,1.0143237432203023e-06
ctl,orig,11,15,⟨NEXT⟩,17.026790618896484,粽子,5.986998803564347e-05,翥,5.199714723858051e-05,音响,4.980873200111091e-05,环球,4.965142215951346e-05,ijken,4.9312071496387944e-05,,,,,,,,,,,,,,,,,,,,,,,,,,,,,,,0.9997393606390688,False,False,False,False,False,False,False,5.986998803564347e-05,0.0002606393536552787,4.421146513777785e-06,4.035106141581363,12.695246090462359,,108290,-0.01843557134270668,,,,,,,,,1.226308540935861e-06
ctl,orig,12,15,⟨NEXT⟩,17.029857635498047,无限,5.432048419606872e-05,隍,5.144534588907845e-05,音响,5.062287891632877e-05,翥,5.010100358049385e-05,带上,4.992401591152884e-05,,,,,,,,,,,,,,,,,,,,,,,,,,,,,,,0.9997435862715065,False,False,False,False,False,False,False,5.432048419606872e-05,0.00025641373940743506,4.214190994389355e-06,4.035106141581363,12.704779432764987,,113387,-0.03463365137577057,,,,,,,,,6.791424311813898e-07
ctl,orig,13,15,⟨NEXT⟩,17.02243995666504, exchanged,5.898624294786714e-05,带上,5.5512959079351276e-05,隍,5.433920887298882e-05,褥,5.239498568698764e-05,翥,5.1887647714465857e-05,,,,,,,,,,,,,,,,,,,,,,,,,,,,,,,0.9997268789556983,False,False,False,False,False,False,False,5.898624294786714e-05,0.00027312105521559715,4.108811026526382e-06,4.035106141581363,12.700368421735657,,114783,-0.017712049186229706,,,,,,,,,5.674066869687522e-07
ctl,orig,14,15,⟨NEXT⟩,17.028642654418945,隍,5.943572978139855e-05,带上,5.623708784696646e-05,恒,5.273597707855515e-05,ijken,5.203258479014039e-05,褥,5.075617809779942e-05,,,,,,,,,,,,,,,,,,,,,,,,,,,,,,,0.9997288024424051,False,False,False,False,False,False,False,5.943572978139855e-05,0.00027119755395688117,4.431431989360135e-06,4.035106141581363,12.666328239615684,,108389,0.01065526157617569,,,,,,,,,8.59134843267384e-07
ctl,orig,15,15,⟨NEXT⟩,17.030174255371094,恒,5.931524356128648e-05,隍,5.7719349570106715e-05, exchanged,4.794418055098504e-05,ijken,4.78610054415185e-05,翥,4.74510743515566e-05,,,,,,,,,,,,,,,,,,,,,,,,,,,,,,,0.9997397091465245,False,False,False,False,False,False,False,5.931524356128648e-05,0.00026029086438938975,4.517982688412303e-06,4.035106141581363,12.664469451125157,,106627,0.009262205101549625,,,,,,,,,1.0874132385652047e-06
ctl,orig,16,15,⟨NEXT⟩,17.029836654663086,恒,6.009807111695409e-05,隍,5.5430475185858086e-05,翥,5.5177642934722826e-05,音响,5.436256469693035e-05,议论,5.3262414439814165e-05,,,,,,,,,,,,,,,,,,,,,,,,,,,,,,,0.9997216688316257,False,False,False,False,False,False,False,6.009807111695409e-05,0.0002783311647363007,4.598826308210846e-06,4.035106141581363,12.672182529051053,,104540,0.006562427151948214,,,,,,,,,7.758967512927484e-07
ctl,orig,17,15,⟨NEXT⟩,17.028263092041016,恒,5.990516729070805e-05,发布时间,5.8896021073451266e-05,隍,5.696029256796464e-05,翥,5.624428376904689e-05,无限,5.5766031437087804e-05,,,,,,,,,,,,,,,,,,,,,,,,,,,,,,,0.9997122282038617,False,False,False,False,False,False,False,5.990516729070805e-05,0.00028777180705219507,4.811662165593589e-06,4.035106141581363,12.685463717281282,,99656,-0.005088045261800289,,,,,,,,,6.107952685852069e-07
ctl,orig,18,15,⟨NEXT⟩,17.024829864501953,恒,6.697267963318154e-05,隍,6.418706470867619e-05,翥,5.834018884343095e-05,无限,5.6383476476185024e-05,议论,5.5085441999835894e-05,,,,,,,,,,,,,,,,,,,,,,,,,,,,,,,0.9996990311483387,False,False,False,False,False,False,False,6.697267963318154e-05,0.00030096888076514006,4.3857817217940465e-06,4.035106141581363,12.707128027845169,,108900,-0.02402665466070175,,,,,,,,,1.9125218386761844e-07
ctl,orig,19,15,⟨NEXT⟩,17.019927978515625,隍,7.596895738970488e-05,翥,6.623454828513786e-05,恒,6.561555346706882e-05,发布时间,6.154400034574792e-05,hud,5.845587656949647e-05,,,,,,,,,,,,,,,,,,,,,,,,,,,,,,,0.9996721810639428,False,False,False,False,False,False,False,7.596895738970488e-05,0.00032781893969513476,4.7722546696604695e-06,4.035106141581363,12.732924049613382,,99267,-0.050552912056446075,,,,,,,,,5.366264304029755e-07
ctl,orig,20,15,⟨NEXT⟩,17.001588821411133,发布时间,9.570779366185889e-05,议论,7.557639764854684e-05,隍,7.42129996069707e-05,恒,6.280243542278185e-05,息,5.580592551268637e-05,,,,,,,,,,,,,,,,,,,,,,,,,,,,,,,0.9996358944481472,False,False,False,False,False,False,False,9.570779366185889e-05,0.00036410553730092943,5.281396170175867e-06,4.035106141581363,12.767861293240257,,86210,-0.05621730163693428,,,,,,,,,4.762428034155164e-07
ctl,orig,21,15,⟨NEXT⟩,17.010459899902344,发布时间,8.065078145591542e-05,隍,7.40339164622128e-05, exchanged,6.981078331591561e-05,议论,5.977031105430797e-05,骊,5.935579611104913e-05,,,,,,,,,,,,,,,,,,,,,,,,,,,,,,,0.9996563784116006,False,False,False,False,False,False,False,8.065078145591542e-05,0.00034362159203737974,6.967188710405026e-06,4.035106141581363,12.742589474591874,,52642,-0.05589049309492111,,,,,,,,,1.488195721321972e-06
ctl,orig,22,15,⟨NEXT⟩,17.011350631713867,隍,9.552166011417285e-05,对方,6.328181189019233e-05,骊,6.120042962720618e-05,发布时间,5.908268576604314e-05, exchanged,5.7198860304197297e-05,,,,,,,,,,,,,,,,,,,,,,,,,,,,,,,0.9996637145522982,False,False,False,False,False,False,False,9.552166011417285e-05,0.0003362854477018118,7.0240889726846945e-06,4.035106141581363,12.731550940128894,,51670,-0.04050593823194504,,,,,,,,,4.986200110579375e-07
ctl,orig,23,15,⟨NEXT⟩,16.99791717529297,隍,0.0001118039435823448,议论,6.834144733147696e-05,发布时间,6.506453064503148e-05, opposing,6.088109876145609e-05,weets,6.0327063692966476e-05,,,,,,,,,,,,,,,,,,,,,,,,,,,,,,,0.9996335819159867,False,False,False,False,False,False,False,0.0001118039435823448,0.00036641809856519103,8.664953384140972e-06,4.035106141581363,12.75659161409452,,31738,-0.05075102299451828,,,,,,,,,1.6558160496060736e-06
ctl,orig,24,15,⟨NEXT⟩,16.990890502929688,隍,9.494966070633382e-05,weets,7.107229612302035e-05,恒大,6.0016580391675234e-05,议论,5.93093536735978e-05,翥,5.871547546121292e-05,,,,,,,,,,,,,,,,,,,,,,,,,,,,,,,0.9996559366336442,False,False,False,False,False,False,False,9.494966070633382e-05,0.00034406338818371296,7.0944661274552345e-06,4.035106141581363,12.783767624653256,,50328,-0.06038142368197441,,,,,,,,,8.106289897114038e-07
ctl,orig,25,15,⟨NEXT⟩,16.99671173095703,隍,0.00011445870768511668,翥,6.63839527987875e-05,发布时间,6.537076842505485e-05,议论,6.171479617478326e-05,不让,5.8157191233476624e-05,,,,,,,,,,,,,,,,,,,,,,,,,,,,,,,0.9996339145836828,False,False,False,False,False,False,False,0.00011445870768511668,0.00036608538357540965,6.085479981265962e-06,4.035106141581363,12.746095168947061,,69810,-0.02360432595014572,,,,,,,,,1.7087586456909776e-07
ctl,orig,26,15,⟨NEXT⟩,16.990018844604492,隍,0.00011376341717550531,翥,8.194470137823373e-05,hud,7.636620284756646e-05,发布时间,6.372929055942222e-05, Husband,6.320150714600459e-05,,,,,,,,,,,,,,,,,,,,,,,,,,,,,,,0.9996009948808933,False,False,False,False,False,False,False,0.00011376341717550531,0.00039900513365864754,5.956740551482653e-06,4.035106141581363,12.725780578227146,,71930,-0.004458275623619556,,,,,,,,,8.516690286342055e-08
ctl,orig,27,15,⟨NEXT⟩,16.96786117553711,隍,0.00012327107833698392,hud,8.662349864607677e-05,翥,8.555790554964915e-05,息,8.336955943377689e-05, opposing,7.867375097703189e-05,,,,,,,,,,,,,,,,,,,,,,,,,,,,,,,0.9995425042070565,False,False,False,False,False,False,False,0.00012327107833698392,0.00045749577111564577,4.776129571837373e-06,4.035106141581363,12.753506933268644,,93678,-0.006277437787503004,,,,,,,,,-5.794931894342881e-07
ctl,orig,28,15,⟨NEXT⟩,16.922401428222656, opposing,0.00011359203926986083,息,0.00010869222751352936,信念,9.436261461814865e-05,璜,9.176437015412375e-05,隍,8.933185017667711e-05,,,,,,,,,,,,,,,,,,,,,,,,,,,,,,,0.9995022568982677,False,False,False,False,False,False,False,0.00011359203926986083,0.0004977430799044669,5.238812718744157e-06,4.035106141581363,12.802483464650752,,80792,-0.010284707881510258,,,,,,,,,2.041274456132669e-07
ctl,orig,29,15,⟨NEXT⟩,16.835643768310547,欣,0.00019993244495708495,信念,0.0001678227272350341,ngine,0.00015888153575360775, opposing,0.00012146111112087965,spot,0.00011520634143380448,,,,,,,,,,,,,,,,,,,,,,,,,,,,,,,0.9992366958394996,False,False,False,False,False,False,False,0.00019993244495708495,0.0007633041823282838,5.576338935497915e-06,4.035106141581363,12.879722936945049,,66789,0.000716262380592525,,,,,,,,,-7.128614925022703e-07
ctl,orig,30,15,⟨NEXT⟩,16.749971389770508,役,0.000248885276960209,ngine,0.00019757136760745198,wit,0.0001958056236617267,欣,0.00019102443184237927, spot,0.00016161765961442143,,,,,,,,,,,,,,,,,,,,,,,,,,,,,,,0.9990050956403138,False,False,False,False,False,False,False,0.000248885276960209,0.0009949043160304427,7.5015145739598665e-06,4.035106141581363,12.93998015436255,,41725,0.03292549028992653,,,,,,,,,1.6272547327389475e-06
ctl,orig,31,15,⟨NEXT⟩,16.732213973999023,欣,0.00030723735108040273,泽,0.00028255864162929356,役,0.00027711631264537573,wit,0.00021262293739710003,酝酿,0.0001846768573159352,,,,,,,,,,,,,,,,,,,,,,,,,,,,,,,0.9987357878999319,False,False,False,False,False,False,False,0.00030723735108040273,0.0012642120709642768,7.831326001905836e-06,4.035106141581363,12.971776306854066,,38835,0.017165839672088623,,,,,,,,,-1.932176928676199e-06
ctl,orig,32,15,⟨NEXT⟩,16.375137329101562,深渊,0.0005308478721417487,扩建,0.0005102225113660097,泽,0.000460324517916888,డ,0.0004104070249013603,役,0.0003700319502968341,,,,,,,,,,,,,,,,,,,,,,,,,,,,,,,0.9977181661233772,False,False,False,False,False,False,False,0.0005308478721417487,0.0022818339057266712,4.097667442692909e-06,4.035106141581363,13.287170474757147,,69572,0.051114317029714584,,,,,,,,,-5.182326276553795e-06
ctl,orig,33,15,⟨NEXT⟩,16.212602615356445,酝酿,0.0005803972017019987,妹,0.0005740635679103434,下去,0.0005501193809323013,డ,0.0004801457980647683,泽,0.00045438832603394985,,,,,,,,,,,,,,,,,,,,,,,,,,,,,,,0.9973608857253566,False,False,False,False,False,False,False,0.0005803972017019987,0.0026391143910586834,3.561106723282137e-06,4.035106141581363,13.491110253872678,,72092,0.018880732357501984,,,,,,,,,-6.219687520570005e-06
ctl,orig,34,15,⟨NEXT⟩,15.676176071166992,�,0.0025154161266982555,డ,0.0019762932788580656,合成,0.001621744711883366,酝酿,0.001238623051904142,.entries,0.0010277157416567206,,,,,,,,,,,,,,,,,,,,,,,,,,,,,,,0.9916202070889995,False,False,False,False,False,False,False,0.0025154161266982555,0.008379792794585228,3.6796648146264488e-06,4.035106141581363,14.039816085936245,,56395,0.039096102118492126,,,,,,,,,-3.929559852622333e-06
ctl,orig,35,15,⟨NEXT⟩,15.268786430358887,డ,0.00460509117692709,垠,0.002426713705062866,合成,0.0021961615420877934,酝酿,0.002028385177254677,�,0.0019256689120084047,,,,,,,,,,,,,,,,,,,,,,,,,,,,,,,0.9868179794866592,False,False,False,False,False,False,False,0.00460509117692709,0.0131820198148489,3.8222410694288556e-06,4.035106141581363,14.574847233464409,,47456,0.014493318274617195,,,,,,,,,-5.940421488048742e-06
ctl,orig,36,15,⟨NEXT⟩,15.015914916992188,役,0.0029315485153347254, Wick,0.002882585162296891,డ,0.0024233656004071236, Hann,0.002282210625708103,قا,0.002010675612837076,,,,,,,,,,,,,,,,,,,,,,,,,,,,,,,0.9874696144834161,False,False,False,False,False,False,False,0.0029315485153347254,0.01253038551658392,1.984175014513312e-06,4.035106141581363,14.82647023442756,,67210,0.01746363937854767,,,,,,,,,-3.306170083305915e-05
ctl,orig,37,15,⟨NEXT⟩,14.482163429260254, opposing,0.004623888060450554,垠,0.004269922152161598,�,0.0037059567403048277,igy,0.003127590287476778, Erect,0.0029582215938717127,,,,,,,,,,,,,,,,,,,,,,,,,,,,,,,0.9813144211657345,False,False,False,False,False,False,False,0.004623888060450554,0.018685579299926758,1.7713334727886831e-06,4.035106141581363,15.365711517248844,,61003,0.02311454527080059,,,,,,,,,-6.774961775590782e-06
ctl,orig,38,15,⟨NEXT⟩,14.283492088317871,igy,0.027594590559601784, Erect,0.010363555513322353,udos,0.0045413486659526825,下沉,0.0031771373469382524,跛,0.0029399720951914787,,,,,,,,,,,,,,,,,,,,,,,,,,,,,,,0.9513833958189934,False,False,False,False,False,False,False,0.027594590559601784,0.04861660301685333,3.713940941452165e-06,4.035106141581363,15.570944605898864,,37606,0.021679749712347984,,,,,,,,,-7.974148275025073e-06
ctl,orig,39,15,⟨NEXT⟩,15.724834442138672,igy,0.0034937234595417976, Erect,0.002861169632524252,跛,0.0009482707246206701,dm,0.0008659125305712223,살,0.0008052923949435353,,,,,,,,,,,,,,,,,,,,,,,,,,,,,,,0.9910256312577985,False,False,False,False,False,False,False,0.0034937234595417976,0.008974367752671242,3.274205255365814e-06,4.035106141581363,14.203403231714535,,63460,-0.005415024701505899,,,,,,,,,-1.1517527354953927e-05
ctl,orig,40,15,⟨NEXT⟩,15.414219856262207, Erect,0.004458987154066563,刺,0.0030188127420842648,剌,0.0029027832206338644,ixon,0.0018293322063982487,XR,0.0017213952960446477,,,,,,,,,,,,,,,,,,,,,,,,,,,,,,,0.9860686893807724,False,False,False,False,False,False,False,0.004458987154066563,0.013931309804320335,3.4074587347276974e-06,4.035106141581363,14.711027224001201,,55277,-0.03042883425951004,,,,,,,,,2.5185267986671533e-06
