prompt_id,prompt_variant,layer,pos,token,entropy,top1,prob1,top2,prob2,top3,prob3,top4,prob4,top5,prob5,top6,prob6,top7,prob7,top8,prob8,top9,prob9,top10,prob10,top11,prob11,top12,prob12,top13,prob13,top14,prob14,top15,prob15,top16,prob16,top17,prob17,top18,prob18,top19,prob19,top20,prob20,rest_mass,copy_collapse,copy_strict@0.95,copy_strict@0.7,copy_strict@0.8,copy_strict@0.9,copy_soft_k1@0.5,copy_soft_k2@0.5,copy_soft_k3@0.5,entropy_collapse,is_answer,p_top1,p_top5,p_answer,teacher_entropy_bits,kl_to_final_bits,kl_to_final_bits_norm_temp,answer_rank,cos_to_final,cos_to_answer,cos_to_prompt_max,geom_crossover,echo_mass_prompt,answer_mass,answer_minus_echo_mass,mass_ratio_ans_over_prompt,topk_prompt_mass@50,control_margin
pos,orig,1,16,⟨NEXT⟩,8.045496997510782e-07, simply,1.0,simply,3.233301271166056e-08, Simply,3.506159934867775e-13,Simply,2.8052034436662487e-13, simplemente,9.436219671142803e-17,,,,,,,,,,,,,,,,,,,,,,,,,,,,,,,0.0,True,True,True,True,True,True,False,False,True,False,1.0,1.0,0.0,2.9366900987731905,14.392131489326554,,88,0.39428234100341797,-0.011978202499449253,0.844172477722168,False,1.0,0.0,-1.0,0.0,1.0,
pos,orig,2,16,⟨NEXT⟩,6.577993917744607e-05, simply,0.9999966621398926,simply,3.352104386067367e-06,Simply,2.0942100484311332e-11, Simply,1.763111531771777e-11, simplemente,5.999175964586402e-16,,,,,,,,,,,,,,,,,,,,,,,,,,,,,,,0.0,True,True,True,True,True,True,False,False,True,False,0.9999966621398926,1.0,0.0,2.9366900987731905,14.392130113465347,,100,0.36912283301353455,0.006650472059845924,0.7743337154388428,False,0.9999966621398926,0.0,-0.9999966621398926,0.0,0.9999966621398926,
pos,orig,3,16,⟨NEXT⟩,0.0004982050741091371, simply,0.9999698400497437,simply,3.0077439078013413e-05, Simply,9.127226974214864e-08,Simply,3.08188603526105e-08, simplemente,4.422122824171426e-12,,,,,,,,,,,,,,,,,,,,,,,,,,,,,,,0.0,True,True,True,True,True,True,False,False,True,False,0.9999698400497437,1.0,1.3744170379570785e-34,2.9366900987731905,14.392219544443796,,22370,0.3787466287612915,-0.005584536585956812,0.6257535219192505,False,0.9999698400497437,1.3744170379570785e-34,-0.9999698400497437,1.3744584901823135e-34,0.9999698400497437,
pos,orig,4,16,⟨NEXT⟩,0.001323290984146297, simply,0.9999120235443115,simply,8.67002090672031e-05, Simply,1.0770758080980158e-06,Simply,2.3282915151412453e-07, simplemente,8.135017659505195e-11,,,,,,,,,,,,,,,,,,,,,,,,,,,,,,,0.0,True,True,True,True,True,True,False,False,True,False,0.9999120235443115,1.0,1.1214643046392841e-30,2.9366900987731905,14.392512602880865,,16442,0.3641080856323242,-0.004227595403790474,0.5630417466163635,False,0.9999120235443115,1.1214643046392841e-30,-0.9999120235443115,1.1215629746530626e-30,0.9999120235443115,
pos,orig,5,16,⟨NEXT⟩,0.0016671594930812716, simply,0.9998887777328491,simply,0.00010375068814028054, Simply,5.8494410950515885e-06,Simply,1.6639869500068016e-06, просто,8.003792767441453e-11,,,,,,,,,,,,,,,,,,,,,,,,,,,,,,,0.0,True,True,True,True,True,True,False,False,True,False,0.9998887777328491,1.0,4.0658762207371574e-30,2.9366900987731905,14.39261304074897,,33595,0.35707688331604004,-0.017900850623846054,0.4317718744277954,False,0.9998887777328491,4.0658762207371574e-30,-0.9998887777328491,4.0663284829436825e-30,0.9998887777328491,
pos,orig,6,16,⟨NEXT⟩,0.04161717742681503, simply,0.9959632158279419,simply,0.003229347988963127, Simply,0.00048476012307219207,Simply,0.0003221668303012848, просто,3.3274824318141327e-07,,,,,,,,,,,,,,,,,,,,,,,,,,,,,,,1.7648147832005634e-07,True,True,True,True,True,True,False,False,True,False,0.9959632158279419,0.9999998211860657,7.822605855442068e-21,2.9366900987731905,14.42939118667068,,19767,0.35152101516723633,-0.005867695435881615,0.3716888725757599,False,0.9959632158279497,7.822605855442068e-21,-0.9959632158279497,7.854312009992037e-21,0.9959632158279419,
pos,orig,7,16,⟨NEXT⟩,0.021562203764915466, simply,0.9981681108474731,simply,0.0012161682825535536, Simply,0.00039840719546191394,Simply,0.00021722920064348727, просто,7.261919421353014e-08,,,,,,,,,,,,,,,,,,,,,,,,,,,,,,,1.1854673687139439e-08,True,True,True,True,True,True,False,False,True,False,0.9981681108474731,1.0,1.5658111467328899e-22,2.9366900987731905,14.406268463227477,,17691,0.34511828422546387,-0.004666626453399658,0.30935952067375183,False,0.9981681108474747,1.5658111467328899e-22,-0.9981681108474747,1.5686848018364205e-22,0.9981681108474731,
pos,orig,8,16,⟨NEXT⟩,0.07694525271654129, simply,0.9923254251480103, Simply,0.0032622988801449537,simply,0.0027110741939395666,Simply,0.0016817236319184303, simple,8.024542694329284e-06,,,,,,,,,,,,,,,,,,,,,,,,,,,,,,,1.1453603292466141e-05,True,True,True,True,True,True,False,False,True,False,0.9923254251480103,0.9999885559082031,4.700971447372691e-15,2.9366900987731905,14.464742564520831,,32128,0.33527079224586487,-0.02161458507180214,0.265047162771225,False,0.9923254289338524,4.700971447372691e-15,-0.9923254289338478,4.737328406152056e-15,0.9923254273095305,
pos,orig,9,16,⟨NEXT⟩,0.09916837513446808, simply,0.9897884130477905,simply,0.0052528223022818565,Simply,0.002469732193276286, Simply,0.002134270966053009, simple,0.000302556756651029,,,,,,,,,,,,,,,,,,,,,,,,,,,,,,,5.220473394729197e-05,True,True,True,True,True,True,False,False,True,False,0.9897884130477905,0.9999477863311768,2.9044579766848667e-16,2.9366900987731905,14.498023271254596,,25333,0.33972787857055664,-0.00631765928119421,0.24414251744747162,False,0.9897884154941076,2.9044579766848667e-16,-0.9897884154941072,2.934423083038937e-16,0.9897884144621657,
pos,orig,10,16,⟨NEXT⟩,0.45737817883491516, simply,0.9358624815940857,simply,0.030841859057545662,Simply,0.01534548681229353, Simply,0.015229319222271442, simple,0.0017776433378458023,,,,,,,,,,,,,,,,,,,,,,,,,,,,,,,0.0009432099759578705,False,False,True,True,True,True,False,False,True,False,0.9358624815940857,0.999056875705719,2.0331921909977346e-12,2.9366900987731905,15.216312252236133,,22994,0.31874024868011475,-0.0015764813870191574,0.21321731805801392,False,0.9358634322811921,2.0331921909977346e-12,-0.9358634322791589,2.1725308615480827e-12,0.9358632793690163,
pos,orig,11,16,⟨NEXT⟩,0.5713899731636047, simply,0.9152456521987915,simply,0.04200981184840202, Simply,0.026786157861351967,Simply,0.010664943605661392, simple,0.002817436121404171,,,,,,,,,,,,,,,,,,,,,,,,,,,,,,,0.0024759983643889427,False,False,True,True,True,True,False,False,True,False,0.9152456521987915,0.9975240230560303,1.5675885936539125e-11,2.9366900987731905,15.412785232581806,,18764,0.33355310559272766,0.0034300293773412704,0.1962129771709442,False,0.9152513629124404,1.5675885936539125e-11,-0.9152513628967645,1.7127410626878666e-11,0.9152510605822499,
pos,orig,12,16,⟨NEXT⟩,0.41741129755973816, simply,0.9432721734046936,simply,0.02525971829891205,Simply,0.017429878935217857, Simply,0.01167204137891531, simple,0.000830441655125469,,,,,,,,,,,,,,,,,,,,,,,,,,,,,,,0.001535746327135712,False,False,True,True,True,True,False,False,True,False,0.9432721734046936,0.9984642267227173,1.5394972623095082e-12,2.9366900987731905,15.149283045958258,,27008,0.31955236196517944,-0.0008357483893632889,0.1838064044713974,False,0.9432735435724491,1.5394972623095082e-12,-0.9432735435709095,1.6320793381386576e-12,0.9432735125658098,
pos,orig,13,16,⟨NEXT⟩,0.4596526622772217, simply,0.9369078278541565,simply,0.029939817264676094,Simply,0.014676131308078766, Simply,0.014569837599992752, simple,0.0017674578120931983,,,,,,,,,,,,,,,,,,,,,,,,,,,,,,,0.0021389281610026956,False,False,True,True,True,True,False,False,True,False,0.9369078278541565,0.9978610873222351,1.4333165730684438e-11,2.9366900987731905,15.18933023810757,,23910,0.3336949646472931,0.0029875189065933228,0.16691872477531433,False,0.9369157489314957,1.4333165730684438e-11,-0.9369157489171624,1.5298243979495953e-11,0.9369154011865248,
pos,orig,14,16,⟨NEXT⟩,0.7565786838531494, simply,0.9209872484207153, simple,0.024153612554073334,simply,0.010832007974386215,simple,0.008033131249248981, Simply,0.007861987687647343,,,,,,,,,,,,,,,,,,,,,,,,,,,,,,,0.028132012113928795,False,False,True,True,True,True,False,False,True,False,0.9209872484207153,0.9718679785728455,2.1616473944163772e-08,2.9366900987731905,14.834631843106905,,12132,0.3431704044342041,0.01057845912873745,0.13914185762405396,False,0.921345353347486,2.1616473944163772e-08,-0.9213453317310121,2.346185807760757e-08,0.9212684599624481,
pos,orig,15,16,⟨NEXT⟩,3.4347777366638184, simply,0.5919779539108276, simple,0.053941987454891205,SIMPLE,0.05345308780670166,simple,0.04357270896434784,simply,0.03175155818462372,,,,,,,,,,,,,,,,,,,,,,,,,,,,,,,0.22530270367860794,False,False,False,False,False,True,False,False,False,False,0.5919779539108276,0.7746973037719727,3.0362261327354645e-07,2.9366900987731905,18.241997525420697,,13573,0.32390302419662476,0.020460452884435654,0.11638278514146805,False,0.5936560849092984,3.0362261327354645e-07,-0.5936557812866852,5.114452971681239e-07,0.5931507628411055,
pos,orig,16,16,⟨NEXT⟩,8.380260467529297, simply,0.21365895867347717, simple,0.03047688491642475,"

",0.027632400393486023,a,0.022265898063778877,Simply,0.02171127125620842,,,,,,,,,,,,,,,,,,,,,,,,,,,,,,,0.6842545866966248,False,False,False,False,False,False,False,False,False,False,0.21365895867347717,0.31574541330337524,4.775333309225971e-06,2.9366900987731905,18.81281757466281,,7620,0.3467942774295807,0.02136382646858692,0.10098084062337875,False,0.2177853296171861,4.775333309225971e-06,-0.21778055428387688,2.1926790457801085e-05,0.21365895867347717,
pos,orig,17,16,⟨NEXT⟩,8.383417129516602, simply,0.0837736576795578,-,0.03534233570098877,a,0.034914229065179825,"

",0.031835123896598816,A,0.025705646723508835,,,,,,,,,,,,,,,,,,,,,,,,,,,,,,,0.788429006934166,False,False,False,False,False,False,False,False,False,False,0.0837736576795578,0.21157099306583405,2.338999138373765e-06,2.9366900987731905,16.506534354176164,,8200,0.3932560086250305,0.025293514132499695,0.10215483605861664,False,0.09018120981735933,2.338999138373765e-06,-0.09017887081822096,2.5936657061645063e-05,0.0837736576795578,
pos,orig,18,16,⟨NEXT⟩,8.824835777282715, simply,0.07024696469306946,K,0.03644242510199547,app,0.03565957024693489,a,0.03214671462774277, simple,0.025913095101714134,,,,,,,,,,,,,,,,,,,,,,,,,,,,,,,0.7995912302285433,False,False,False,False,False,False,False,False,False,False,0.07024696469306946,0.20040875673294067,6.714863616252842e-07,2.9366900987731905,19.392265649533403,,17076,0.3861427307128906,0.020489603281021118,0.09898866713047028,False,0.07756215165136382,6.714863616252842e-07,-0.0775614801650022,8.65739717982772e-06,0.07405724539421499,
pos,orig,19,16,⟨NEXT⟩,8.047134399414062,Simply,0.11398258805274963,SIMPLE,0.09889303892850876, simply,0.0963079184293747, simple,0.06862112134695053,simple,0.04168400913476944,,,,,,,,,,,,,,,,,,,,,,,,,,,,,,,0.5805113241076469,False,False,False,False,False,False,False,False,False,False,0.11398258805274963,0.41948869824409485,3.1368863346870057e-06,2.9366900987731905,26.571564461598765,,9430,0.34119540452957153,0.03770020604133606,0.10728219151496887,False,0.10240648037711253,3.1368863346870057e-06,-0.10240334349077784,3.0631716786903377e-05,0.10150325391441584,
pos,orig,20,16,⟨NEXT⟩,9.759626388549805,Simply,0.09798918664455414,SIMPLE,0.05819552764296532,simple,0.03282533586025238,Easy,0.023274827748537064,simply,0.021687965840101242,,,,,,,,,,,,,,,,,,,,,,,,,,,,,,,0.7660271562635899,False,False,False,False,False,False,False,False,False,False,0.09798918664455414,0.23397284746170044,1.2141133538534632e-06,2.9366900987731905,30.478454441274188,,22268,0.13815879821777344,0.033818088471889496,0.09268437325954437,False,0.01612929217679948,1.2141133538534632e-06,-0.016128078063445628,7.527381023737945e-05,0.01571064442396164,
pos,orig,21,16,⟨NEXT⟩,10.41447639465332,Simply,0.05981825664639473,a,0.02965819649398327, simply,0.029629727825522423,i,0.02397599071264267, plain,0.011360136792063713,,,,,,,,,,,,,,,,,,,,,,,,,,,,,,,0.8455576915293932,False,False,False,False,False,False,False,False,False,False,0.05981825664639473,0.15444231033325195,2.5949823339033173e-06,2.9366900987731905,25.69074362038463,,14022,0.26585930585861206,0.04238634184002876,0.10643014311790466,False,0.04282820461639858,2.5949823339033173e-06,-0.042825609634064676,6.059049863414589e-05,0.040989864617586136,
pos,orig,22,16,⟨NEXT⟩,9.522998809814453,Simply,0.06424710899591446, simply,0.044491466134786606, iconic,0.030699418857693672,a,0.023579400032758713,Ana,0.020950445905327797,,,,,,,,,,,,,,,,,,,,,,,,,,,,,,,0.8160321600735188,False,False,False,False,False,False,False,False,False,False,0.06424710899591446,0.18396784365177155,5.138858227837773e-07,2.9366900987731905,29.099417746706187,,24025,0.15445908904075623,0.040945231914520264,0.11158625036478043,False,0.0506098443713654,5.138858227837773e-07,-0.050609330485542614,1.0153870635505424e-05,0.049350399523973465,
pos,orig,23,16,⟨NEXT⟩,9.621622085571289, “,0.07304755598306656, simply,0.06354730576276779, simple,0.023606780916452408, iconic,0.022044749930500984,a,0.02135397680103779,,,,,,,,,,,,,,,,,,,,,,,,,,,,,,,0.7963996306061745,False,False,False,False,False,False,False,False,False,False,0.07304755598306656,0.20360036194324493,2.634508518895018e-06,2.9366900987731905,20.601514191863604,,12004,0.2825785279273987,0.04557500779628754,0.11509717255830765,False,0.0961080358183608,2.634508518895018e-06,-0.09610540130984191,2.741194811703523e-05,0.09380468633025885,
pos,orig,24,16,⟨NEXT⟩,4.279921054840088, simply,0.5197614431381226,Simply,0.11411221325397491,simply,0.096026711165905, iconic,0.013775372877717018, simple,0.006783590652048588,,,,,,,,,,,,,,,,,,,,,,,,,,,,,,,0.24954066891223192,False,False,False,False,False,True,False,False,False,False,0.5197614431381226,0.7504593133926392,2.1540887473747716e-07,2.9366900987731905,20.550011579305625,,20369,0.2112084925174713,0.03895014151930809,0.13387663662433624,False,0.5306801699961738,2.1540887473747716e-07,-0.5306799545872991,4.059109168015819e-07,0.5297778248786926,
pos,orig,25,16,⟨NEXT⟩,5.701737880706787, simply,0.27756690979003906, straight,0.1330709010362625, plain,0.090301014482975, name,0.06121468544006348," """,0.025793379172682762,,,,,,,,,,,,,,,,,,,,,,,,,,,,,,,0.4120531100779772,False,False,False,False,False,False,False,False,False,False,0.27756690979003906,0.587946891784668,1.2624088867596583e-06,2.9366900987731905,15.329944629314207,,7915,0.28001919388771057,0.062125131487846375,0.1388113647699356,False,0.44117820420706266,1.2624088867596583e-06,-0.4411769417981759,2.8614488926694806e-06,0.4393647613469511,
pos,orig,26,16,⟨NEXT⟩,3.733703374862671, simply,0.2986099421977997, “,0.18104147911071777," """,0.14751140773296356, name,0.07164765894412994, straight,0.07136819511651993,,,,,,,,,,,,,,,,,,,,,,,,,,,,,,,0.2298213168978691,False,False,False,False,False,False,False,False,False,False,0.2986099421977997,0.7701786756515503,7.20820239052955e-08,2.9366900987731905,7.428569090364708,,7455,0.37610286474227905,0.043568406254053116,0.14047709107398987,False,0.38740199660418284,7.20820239052955e-08,-0.38740192452215894,1.8606518384281355e-07,0.38632738415617496,
pos,orig,27,16,⟨NEXT⟩,3.208369016647339, “,0.36065855622291565," """,0.3325452506542206, ',0.034299127757549286,-,0.030677061527967453, simply,0.030028507113456726,,,,,,,,,,,,,,,,,,,,,,,,,,,,,,,0.2117914967238903,False,False,False,False,False,False,False,False,False,False,0.36065855622291565,0.7882084846496582,7.503901144900738e-08,2.9366900987731905,2.8553720579136814,,5957,0.38769036531448364,0.0572255477309227,0.15037548542022705,False,0.09097932588383628,7.503901144900738e-08,-0.09097925084482483,8.247918952491072e-07,0.09039700587163679,
pos,orig,28,16,⟨NEXT⟩,1.9713188409805298," """,0.3287985622882843, simply,0.30770808458328247, “,0.3025200664997101, ',0.036884408444166183, ‘,0.008397662080824375,,,,,,,,,,,,,,,,,,,,,,,,,,,,,,,0.015691216103732586,False,False,False,False,False,False,False,False,False,False,0.3287985622882843,0.9843088388442993,3.26010218820727e-09,2.9366900987731905,4.635046293267564,,5298,0.406840980052948,0.052372634410858154,0.17024466395378113,False,0.3125648220026811,3.26010218820727e-09,-0.3125648187425789,1.0430163435823696e-08,0.3125358696997864,
pos,orig,29,16,⟨NEXT⟩,0.8878864645957947," """,0.7282447218894958, “,0.26632481813430786, ',0.004559999331831932, ‘,0.0003560009936336428, simply,0.00030136635177768767,,,,,,,,,,,,,,,,,,,,,,,,,,,,,,,0.00021309329895302653,False,False,False,False,False,False,False,False,True,False,0.7282447218894958,0.999786913394928,1.2177070983498961e-11,2.9366900987731905,1.4504000356302682,,4859,0.38050931692123413,0.04925607144832611,0.16185155510902405,False,0.0003303631856914416,1.2177070983498961e-11,-0.0003303631735143706,3.685953717414236e-08,0.0003301158668591597,
pos,orig,30,16,⟨NEXT⟩,0.6118800640106201," """,0.8595291376113892, “,0.13712875545024872, ',0.0027697994373738766,",",0.0002453895576763898, ‘,0.0001279612915823236,,,,,,,,,,,,,,,,,,,,,,,,,,,,,,,0.00019895665172953159,False,False,False,False,False,False,False,False,True,False,0.8595291376113892,0.9998010993003845,1.952025693863213e-11,2.9366900987731905,1.5190881865583652,,1916,0.37836381793022156,0.06061002239584923,0.15785656869411469,False,6.463849363875151e-05,1.952025693863213e-11,-6.463847411849457e-05,3.019865385661019e-07,6.459984820139653e-05,
pos,orig,31,16,⟨NEXT⟩,0.3259241580963135," """,0.9429548978805542, “,0.055735159665346146, ',0.0011007034918293357,",",9.567287634126842e-05, ,4.320852167438716e-05,,,,,,,,,,,,,,,,,,,,,,,,,,,,,,,7.035756425466388e-05,False,False,False,False,False,False,False,False,True,False,0.9429548978805542,0.999929666519165,5.660900567749927e-12,2.9366900987731905,1.6739398175513804,,1180,0.3747420907020569,0.07068273425102234,0.1689378023147583,False,3.389317681647207e-05,5.660900567749927e-12,-3.38931711555715e-05,1.6701690672123987e-07,3.38746969603676e-05,
pos,orig,32,16,⟨NEXT⟩,0.3434031009674072," """,0.9414486885070801, “,0.05522846803069115, ',0.0027015714440494776,",",0.0003826968604698777, ,0.00017230001685675234,,,,,,,,,,,,,,,,,,,,,,,,,,,,,,,6.627514085266739e-05,False,False,False,False,False,False,False,False,True,False,0.9414486885070801,0.9999337792396545,1.0785881736363745e-11,2.9366900987731905,1.6608902899518632,,1129,0.36498725414276123,0.0707436352968216,0.14678102731704712,False,5.243393303152081e-06,1.0785881736363745e-11,-5.243382517270345e-06,2.0566500475624166e-06,5.214086378657612e-06,
pos,orig,33,16,⟨NEXT⟩,0.20072036981582642," """,0.9727034568786621, “,0.02378901094198227, ',0.002440601121634245,",",0.0005753436125814915, ,0.00037691890611313283,,,,,,,,,,,,,,,,,,,,,,,,,,,,,,,0.00011466853902675211,False,False,False,False,False,False,False,False,True,False,0.9727034568786621,0.9998853206634521,4.001736997327754e-10,2.9366900987731905,1.7561093445153113,,449,0.3677922189235687,0.08885061740875244,0.1508701890707016,False,8.533824844271737e-06,4.001736997327754e-10,-8.533424670572004e-06,4.6887160197711305e-05,8.471771941742645e-06,
pos,orig,34,16,⟨NEXT⟩,0.4213610589504242," """,0.9272992610931396, “,0.06333369016647339, ',0.008648829534649849,",",0.0003464569745119661, ,0.00025279883993789554,,,,,,,,,,,,,,,,,,,,,,,,,,,,,,,0.00011896339128725231,False,False,False,False,False,False,False,False,True,False,0.9272992610931396,0.9998810291290283,3.2801554805672595e-09,2.9366900987731905,1.611254033121046,,188,0.36141437292099,0.09704403579235077,0.14216168224811554,False,5.740637997810977e-06,3.2801554805672595e-09,-5.737357842330409e-06,0.0005712926314438201,5.697082485767169e-06,
pos,orig,35,16,⟨NEXT⟩,0.16950638592243195," """,0.9784265756607056, “,0.01722474955022335, ',0.0037382524460554123,",",0.0003414874372538179, ,0.00019084342056885362,,,,,,,,,,,,,,,,,,,,,,,,,,,,,,,7.809148519299924e-05,False,False,False,False,False,False,False,False,True,False,0.9784265756607056,0.9999218583106995,2.793199005424185e-09,2.9366900987731905,1.7791744537704752,,172,0.35624441504478455,0.1071997806429863,0.15379929542541504,False,4.294992391589854e-06,2.793199005424185e-09,-4.29219919258443e-06,0.0006501871397380392,4.2691470660827235e-06,
pos,orig,36,16,⟨NEXT⟩,0.2589254379272461," """,0.9624977707862854, “,0.0320514515042305, ',0.004410499706864357, ,0.000497399247251451,",",0.0004087735142093152,,,,,,,,,,,,,,,,,,,,,,,,,,,,,,,0.00013410524115897715,False,False,False,False,False,False,False,False,True,False,0.9624977707862854,0.9998658895492554,1.3279355393081005e-09,2.9366900987731905,1.7158100257998363,,234,0.35003989934921265,0.10518089681863785,0.16232210397720337,False,8.164339446595112e-06,1.3279355393081005e-09,-8.163011511055804e-06,0.00016263078197708487,8.12105560044074e-06,
pos,orig,37,16,⟨NEXT⟩,0.21731054782867432," """,0.971797525882721, “,0.020930737257003784, ',0.0055840397253632545,",",0.0008969833725132048, ,0.0005727558163926005,,,,,,,,,,,,,,,,,,,,,,,,,,,,,,,0.00021795794600620866,False,False,False,False,False,False,False,False,True,False,0.971797525882721,0.9997820854187012,6.059026613769447e-10,2.9366900987731905,1.7455889937793825,,415,0.35035035014152527,0.10238669812679291,0.17835935950279236,False,2.4529716667761165e-05,6.059026613769447e-10,-2.452911076509979e-05,2.4699753765173767e-05,2.4463116972128773e-05,
pos,orig,38,16,⟨NEXT⟩,0.13567091524600983," """,0.984045147895813, “,0.012323671020567417, ',0.0025018297601491213,",",0.000612420670222491, ,0.00038697008858434856,,,,,,,,,,,,,,,,,,,,,,,,,,,,,,,0.0001299605646636337,False,False,False,False,False,False,False,False,True,False,0.984045147895813,0.9998700618743896,5.8737061436886506e-08,2.9366900987731905,1.8040403933628235,,43,0.34910643100738525,0.149018794298172,0.18845148384571075,False,2.8197728435582966e-05,5.8737061436886506e-08,-2.813899137414608e-05,0.0020829684420368513,2.8171952038746895e-05,
pos,orig,39,16,⟨NEXT⟩,0.0955042764544487," """,0.9902364611625671, “,0.00501084653660655, ',0.0034263813868165016, ,0.0005778876948170364,",",0.000561351771466434,,,,,,,,,,,,,,,,,,,,,,,,,,,,,,,0.0001870714477263391,False,False,False,False,False,False,False,False,True,False,0.9902364611625671,0.99981290102005,2.9766498155225918e-09,2.9366900987731905,1.8360207392734138,,121,0.34805411100387573,0.13464763760566711,0.18282859027385712,False,6.599230691021455e-06,2.9766498155225918e-09,-6.596254041205933e-06,0.00045099178420715536,6.587398040380776e-06,
pos,orig,40,16,⟨NEXT⟩,0.09124711155891418," """,0.9906212091445923, “,0.0053361523896455765, ',0.002961587393656373, ,0.0005213014665059745,",",0.00042224014759995043,,,,,,,,,,,,,,,,,,,,,,,,,,,,,,,0.00013750945799984038,False,False,False,False,False,False,False,False,True,False,0.9906212091445923,0.9998624920845032,3.4282859218137673e-08,2.9366900987731905,1.8386685841660975,,53,0.34781184792518616,0.14945575594902039,0.17984628677368164,False,3.711212470870886e-06,3.4282859218137673e-08,-3.6769296116527484e-06,0.00923515544628697,3.686709938222066e-06,
pos,orig,41,16,⟨NEXT⟩,0.2462153434753418," """,0.9724085927009583, ',0.011359687894582748, “,0.009155786596238613, ,0.003308122046291828,",",0.001306950463913381,,,,,,,,,,,,,,,,,,,,,,,,,,,,,,,0.0024608602980151772,False,False,False,False,False,False,False,False,True,False,0.9724085927009583,0.9975391626358032,7.418785571644548e-06,2.9366900987731905,1.739498228199076,,31,0.35380953550338745,0.14721587300300598,0.17254102230072021,False,0.00041444227953355706,7.418785571644548e-06,-0.0004070234939619125,0.017900605313214777,0.000410374988859985,
pos,orig,42,16,⟨NEXT⟩,0.37006711959838867, Berlin,0.9297690391540527," """,0.06989939510822296, “,0.0002939403348136693, ',1.6455624063382857e-05,",",1.0041906534752343e-05,,,,,,,,,,,,,,,,,,,,,,,,,,,,,,,1.1127872312499676e-05,False,False,False,False,False,False,False,False,True,True,0.9297690391540527,0.999988853931427,0.9297690391540527,2.9366900987731905,1.0128875226902398,,1,0.9993202090263367,0.16422739624977112,0.10556479543447495,True,1.1529009730451635e-08,0.9297690391540527,0.929769027625043,74209299.78961211,1.1511129813235321e-08,
pos,no_filler,1,15,⟨NEXT⟩,8.48327541547178e-09, called,1.0,called,2.492178408086687e-10, Called,1.4769208425691183e-11,Called,1.6063449602052825e-14, CALLED,1.4077865460285395e-14,,,,,,,,,,,,,,,,,,,,,,,,,,,,,,,0.0,True,True,True,True,True,True,False,False,True,False,1.0,1.0,0.0,2.6298087281225175,17.425694943781842,,13932,0.12070758640766144,-0.011084897443652153,0.810452938079834,False,1.0,0.0,-1.0,0.0,1.0,
pos,no_filler,2,15,⟨NEXT⟩,7.550348755103187e-07, called,1.0, Called,1.8720479388889544e-08,called,1.0282109386139382e-08,Called,2.809232881040291e-11, CALLED,1.7977683577918846e-11,,,,,,,,,,,,,,,,,,,,,,,,,,,,,,,0.0,True,True,True,True,True,True,False,False,True,False,1.0,1.0,0.0,2.6298087281225175,17.425694943781842,,29711,0.1307314932346344,-0.002238841727375984,0.7372417449951172,False,1.0,0.0,-1.0,0.0,1.0,
pos,no_filler,3,15,⟨NEXT⟩,0.0006222852389328182, called,0.9999635219573975,called,2.6285533749614842e-05, Called,9.94168203760637e-06,Called,9.717228977024206e-08, CALLED,9.610177187369118e-08,,,,,,,,,,,,,,,,,,,,,,,,,,,,,,,5.755275367391732e-08,True,True,True,True,True,True,False,False,True,False,0.9999635219573975,1.0,3.693243006893723e-30,2.6298087281225175,17.425547726632704,,108567,0.07114764302968979,-0.02530132420361042,0.5903902053833008,False,0.9999635219573975,3.693243006893723e-30,-0.9999635219573975,3.693377730390542e-30,0.9999635219573975,
pos,no_filler,4,15,⟨NEXT⟩,0.00055503606563434, called,0.9999673366546631,called,2.7732146918424405e-05, Called,4.920851552014938e-06, CALLED,2.8182903122342395e-08,Called,2.4880812077299197e-08,,,,,,,,,,,,,,,,,,,,,,,,,,,,,,,0.0,True,True,True,True,True,True,False,False,True,False,0.9999673366546631,1.0,1.158392261434999e-27,2.6298087281225175,17.425576619718047,,38939,0.0644615963101387,-0.014687791466712952,0.5596846342086792,False,0.9999673366546631,1.158392261434999e-27,-0.9999673366546631,1.1584300984789243e-27,0.9999673366546631,
pos,no_filler,5,15,⟨NEXT⟩,0.001943148672580719, called,0.9998666048049927,called,0.0001279656426049769, Called,5.4158613238541875e-06, CALLED,2.4286617161806134e-08,Called,2.0798024635837464e-08,,,,,,,,,,,,,,,,,,,,,,,,,,,,,,,0.0,True,True,True,True,True,True,False,False,True,False,0.9998666048049927,1.0,1.2688696697243757e-27,2.6298087281225175,17.42556286110598,,59973,0.03149648755788803,-0.030743515118956566,0.4390096366405487,False,0.9998666048049927,1.2688696697243757e-27,-0.9998666048049927,1.2690389521538312e-27,0.9998666048049927,
pos,no_filler,6,15,⟨NEXT⟩,0.020039115101099014, called,0.9981901049613953,called,0.0016071820864453912, Called,0.00019981179502792656,Called,1.8282975133843138e-06, CALLED,1.1318559245410142e-06,,,,,,,,,,,,,,,,,,,,,,,,,,,,,,,0.0,True,True,True,True,True,True,False,False,True,False,0.9981901049613953,1.0,2.878902278705938e-20,2.6298087281225175,17.42993809974393,,89123,0.02259807288646698,-0.04176446795463562,0.3648500144481659,False,0.9981901049681644,2.878902278705938e-20,-0.9981901049681644,2.8841222343249274e-20,0.9981901049681396,
pos,no_filler,7,15,⟨NEXT⟩,0.005950339138507843, called,0.9995433688163757,called,0.0004086524131707847, Called,4.7533412725897506e-05,Called,2.4968522893686895e-07, CALLED,1.5359205463028047e-07,,,,,,,,,,,,,,,,,,,,,,,,,,,,,,,4.208044401821098e-08,True,True,True,True,True,True,False,False,True,False,0.9995433688163757,0.9999999403953552,2.6134202905781298e-23,2.6298087281225175,17.425875181599945,,86557,0.012542573735117912,-0.04089833423495293,0.33143433928489685,False,0.9995433688163852,2.6134202905781298e-23,-0.9995433688163852,2.614614202341427e-23,0.9995433688163757,
pos,no_filler,8,15,⟨NEXT⟩,0.060297638177871704, called,0.9932479858398438,called,0.006454299204051495, Called,0.00028023659251630306,Called,9.460601177124772e-06, CALLED,2.6373359105491545e-06,,,,,,,,,,,,,,,,,,,,,,,,,,,,,,,5.3804265007784124e-06,True,True,True,True,True,True,False,False,True,False,0.9932479858398438,0.9999946355819702,2.915033818306047e-15,2.6298087281225175,17.456973772459563,,67853,0.018484201282262802,-0.03921297937631607,0.29002487659454346,False,0.9932480000237266,2.915033818306047e-15,-0.9932480000237237,2.9348499219747365e-15,0.9932479963308198,
pos,no_filler,9,15,⟨NEXT⟩,0.06956462562084198, called,0.9918855428695679,called,0.007901690900325775, Called,0.00019422582408878952,Called,8.738923497730866e-06, CALLED,4.994831670046551e-06,,,,,,,,,,,,,,,,,,,,,,,,,,,,,,,4.80665084978682e-06,True,True,True,True,True,True,False,False,True,False,0.9918855428695679,0.999995231628418,9.486321008228405e-17,2.6298087281225175,17.466508490623397,,67296,0.038612429052591324,-0.022729912772774696,0.26999467611312866,False,0.9918855450982474,9.486321008228405e-17,-0.9918855450982473,9.563927053423132e-17,0.9918855449679587,
pos,no_filler,10,15,⟨NEXT⟩,0.19092006981372833, called,0.972631573677063,called,0.02596636489033699, Called,0.0011003089603036642, named,8.780961070442572e-05,Called,8.721040649106726e-05,,,,,,,,,,,,,,,,,,,,,,,,,,,,,,,0.00012673245510086417,True,True,True,True,True,True,False,False,True,False,0.972631573677063,0.9998732209205627,5.743227074472834e-13,2.6298087281225175,17.60525858989468,,56885,0.015865668654441833,-0.019829735159873962,0.22723957896232605,False,0.9726319217424254,5.743227074472834e-13,-0.9726319217418511,5.904830943939487e-13,0.9726318961177753,
pos,no_filler,11,15,⟨NEXT⟩,0.22583524882793427, called,0.97110915184021,called,0.020919421687722206, Called,0.005476238206028938, named,0.0016396830324083567, CALLED,0.0003149434342049062,,,,,,,,,,,,,,,,,,,,,,,,,,,,,,,0.0005405617994256318,True,True,True,True,True,True,False,False,True,False,0.97110915184021,0.999459445476532,7.1008173299635935e-12,2.6298087281225175,17.560362862852248,,60146,0.06688597053289413,-0.013603460043668747,0.20738382637500763,False,0.9711223289375263,7.1008173299635935e-12,-0.9711223289304255,7.311969986747602e-12,0.9711221396337351,
pos,no_filler,12,15,⟨NEXT⟩,0.4230511784553528, called,0.933098316192627,called,0.05395969748497009, Called,0.009857052005827427, CALLED,0.0007941597723402083,Called,0.0005273682181723416,,,,,,,,,,,,,,,,,,,,,,,,,,,,,,,0.0017634063260629773,False,False,True,True,True,True,False,False,True,False,0.933098316192627,0.9982366561889648,3.160244201744211e-12,2.6298087281225175,17.88175440975622,,82523,0.0516713410615921,-0.018516041338443756,0.1787184774875641,False,0.9331225946832497,3.160244201744211e-12,-0.9331225946800894,3.3867406237550404e-12,0.9331222844339209,
pos,no_filler,13,15,⟨NEXT⟩,0.8704847693443298, called,0.8185818791389465,called,0.1444610059261322, Called,0.0303946640342474,call,0.0014075019862502813, CALLED,0.0010854798601940274,,,,,,,,,,,,,,,,,,,,,,,,,,,,,,,0.0040694690542295575,False,False,True,True,False,True,False,False,True,False,0.8185818791389465,0.995930552482605,2.1144945169804252e-11,2.6298087281225175,18.942078359190088,,93086,0.0398118682205677,-0.021408140659332275,0.15690326690673828,False,0.8186051033757575,2.1144945169804252e-11,-0.8186051033546126,2.5830458491861864e-11,0.8186027240371914,
pos,no_filler,14,15,⟨NEXT⟩,2.02353572845459, called,0.7028264999389648,called,0.16336289048194885,name,0.01715022884309292, named,0.015443090349435806,call,0.014211844652891159,,,,,,,,,,,,,,,,,,,,,,,,,,,,,,,0.08700544573366642,False,False,True,False,False,True,False,False,False,False,0.7028264999389648,0.9129945635795593,4.030122457976404e-09,2.6298087281225175,18.587019488553217,,85049,0.05290627107024193,-0.018508411943912506,0.13489192724227905,False,0.7066248608771062,4.030122457976404e-09,-0.7066248568469837,5.703340874917177e-09,0.7065383738372475,
pos,no_filler,15,15,⟨NEXT⟩,2.768383502960205, called,0.5295664668083191,called,0.17738424241542816,name,0.11456326395273209,call,0.053959500044584274,WithName,0.011000679805874825,,,,,,,,,,,,,,,,,,,,,,,,,,,,,,,0.11352584697306156,False,False,False,False,False,True,False,False,False,False,0.5295664668083191,0.8864741921424866,4.964218369707396e-09,2.6298087281225175,19.960966872516885,,77937,0.09385606646537781,-0.005337781272828579,0.13243728876113892,False,0.5404505803218287,4.964218369707396e-09,-0.5404505753576103,9.185332648853778e-09,0.5404206365346909,
pos,no_filler,16,15,⟨NEXT⟩,3.7597973346710205,name,0.4373325705528259, called,0.22077393531799316,called,0.047488413751125336,call,0.04663296788930893, name,0.04146360605955124,,,,,,,,,,,,,,,,,,,,,,,,,,,,,,,0.2063085064291954,False,False,False,False,False,False,False,False,False,False,0.4373325705528259,0.7936914563179016,1.3346061145114163e-08,2.6298087281225175,19.90903086367873,,74083,0.07661081850528717,-0.012070179916918278,0.12372182309627533,False,0.2624785504033369,1.3346061145114163e-08,-0.26247853705727575,5.08462922923023e-08,0.2622375413775444,
pos,no_filler,17,15,⟨NEXT⟩,5.509728908538818,name,0.28802490234375, called,0.1820099949836731, name,0.045210786163806915,.,0.032378893345594406,app,0.027516506612300873,,,,,,,,,,,,,,,,,,,,,,,,,,,,,,,0.4248589165508747,False,False,False,False,False,False,False,False,False,False,0.28802490234375,0.5751411318778992,3.078714527759985e-08,2.6298087281225175,16.576107527825602,,56918,0.11771507561206818,-0.006215209141373634,0.12354812771081924,False,0.2302768514146294,3.078714527759985e-08,-0.2302768206274841,1.3369622241564022e-07,0.22722078114748,
pos,no_filler,18,15,⟨NEXT⟩,4.986307144165039,name,0.2554895281791687, called,0.20037926733493805, name,0.08052916824817657,call,0.04621341452002525,called,0.034090422093868256,,,,,,,,,,,,,,,,,,,,,,,,,,,,,,,0.38329819962382317,False,False,False,False,False,False,False,False,False,False,0.2554895281791687,0.6167017817497253,1.2801255167005365e-08,2.6298087281225175,17.007204743923147,,53072,0.1474955528974533,-0.0015412280336022377,0.12235617637634277,False,0.28503854873790146,1.2801255167005365e-08,-0.2850385359366463,4.4910610086868495e-08,0.2841745065525174,
pos,no_filler,19,15,⟨NEXT⟩,4.887031555175781, called,0.25501126050949097,name,0.2255094200372696,called,0.09666700661182404,call,0.0840168371796608, name,0.031759295612573624,,,,,,,,,,,,,,,,,,,,,,,,,,,,,,,0.307036180049181,False,False,False,False,False,False,False,False,False,False,0.25501126050949097,0.6929638385772705,6.30965288905827e-08,2.6298087281225175,20.015201945431773,,35256,0.21212905645370483,0.014689827337861061,0.13025124371051788,False,0.2899712608521554,6.30965288905827e-08,-0.2899711977556265,2.175958006581806e-07,0.28851599525660276,
pos,no_filler,20,15,⟨NEXT⟩,5.037623405456543,name,0.36288267374038696,called,0.12527310848236084, called,0.11043784022331238, name,0.05143571272492409,call,0.0435766838490963,,,,,,,,,,,,,,,,,,,,,,,,,,,,,,,0.30639398097991943,False,False,False,False,False,False,False,False,False,False,0.36288267374038696,0.6936060190200806,6.64790107407498e-08,2.6298087281225175,20.73630731430384,,45432,0.21159693598747253,0.01342348475009203,0.11884520947933197,False,0.16312816730726354,6.64790107407498e-08,-0.1631281008282528,4.0752625025208304e-07,0.16187355294823647,
pos,no_filler,21,15,⟨NEXT⟩,6.185538291931152,name,0.3274541199207306, name,0.11081238090991974, called,0.04703919589519501, a,0.03896147385239601," """,0.03558226674795151,,,,,,,,,,,,,,,,,,,,,,,,,,,,,,,0.44015056267380714,False,False,False,False,False,False,False,False,False,False,0.3274541199207306,0.5598494410514832,2.932042093561904e-07,2.6298087281225175,16.443394707530203,,24631,0.3256412148475647,0.031544461846351624,0.1295541524887085,False,0.16705310462862144,2.932042093561904e-07,-0.16705281142441208,1.7551556928730052e-06,0.16463908355217427,
pos,no_filler,22,15,⟨NEXT⟩,5.931365013122559,name,0.2991768717765808, a,0.11816294491291046, name,0.07884888350963593, ,0.02579226903617382, the,0.02445915900170803,,,,,,,,,,,,,,,,,,,,,,,,,,,,,,,0.45355987176299095,False,False,False,False,False,False,False,False,False,False,0.2991768717765808,0.5464401245117188,8.370994919459918e-08,2.6298087281225175,15.644328915091423,,27535,0.32759588956832886,0.037543054670095444,0.13329023122787476,False,0.12282984230159855,8.370994919459918e-08,-0.12282975859164935,6.815114873105904e-07,0.12230026023462415,
pos,no_filler,23,15,⟨NEXT⟩,4.747176647186279,name,0.26875442266464233, name,0.14375075697898865, ,0.11413253843784332, a,0.08214576542377472," """,0.04623392969369888,,,,,,,,,,,,,,,,,,,,,,,,,,,,,,,0.3449825868010521,False,False,False,False,False,False,False,False,False,False,0.26875442266464233,0.6550173759460449,6.82160106180163e-08,2.6298087281225175,12.738358701380648,,20817,0.3004033863544464,0.0355052649974823,0.14445513486862183,False,0.20427599282368192,6.82160106180163e-08,-0.2042759246076713,3.339404172812202e-07,0.20337917050346732,
pos,no_filler,24,15,⟨NEXT⟩,4.278505802154541, a,0.25940820574760437,name,0.22604160010814667, ,0.13605421781539917, name,0.06911719590425491," """,0.03657089173793793,,,,,,,,,,,,,,,,,,,,,,,,,,,,,,,0.27280788868665695,False,False,False,False,False,False,False,False,False,False,0.25940820574760437,0.7271921038627625,3.478241694665485e-08,2.6298087281225175,11.203379145899909,,22318,0.2638935446739197,0.03509627282619476,0.13842235505580902,False,0.1333664424777794,3.478241694665485e-08,-0.13336640769536245,2.6080336282229834e-07,0.13295539817772806,
pos,no_filler,25,15,⟨NEXT⟩,3.235290050506592, a,0.39246198534965515," """,0.15968559682369232, name,0.11584172397851944, ,0.078513503074646,name,0.0752360075712204,,,,,,,,,,,,,,,,,,,,,,,,,,,,,,,0.1782611832022667,False,False,False,False,False,False,False,False,False,False,0.39246198534965515,0.8217388391494751,7.951830305330532e-09,2.6298087281225175,7.432788856686278,,16601,0.33798834681510925,0.05049380287528038,0.16838815808296204,False,0.19198318765407407,7.951830305330532e-09,-0.19198317970224377,4.141940948620548e-08,0.19164903147611767,
pos,no_filler,26,15,⟨NEXT⟩,2.0803065299987793, a,0.6425414681434631," """,0.15975889563560486, ,0.04907224327325821,name,0.02583618089556694, the,0.025421950966119766,,,,,,,,,,,,,,,,,,,,,,,,,,,,,,,0.09736926108598709,False,False,False,False,False,False,False,False,False,False,0.6425414681434631,0.9026307463645935,5.228017463387857e-10,2.6298087281225175,6.31259499476465,,15098,0.18537302315235138,0.0366065539419651,0.15264061093330383,False,0.04624464155452657,5.228017463387857e-10,-0.04624464103172482,1.1305131091074079e-08,0.046236429625423625,
pos,no_filler,27,15,⟨NEXT⟩,2.6196115016937256, a,0.3687496781349182, the,0.32263684272766113," """,0.13076744973659515, ,0.026566971093416214, “,0.025412974879145622,,,,,,,,,,,,,,,,,,,,,,,,,,,,,,,0.12586608342826366,False,False,False,False,False,False,False,False,False,False,0.3687496781349182,0.8741339445114136,2.991527026097174e-09,2.6298087281225175,5.396129029332691,,7623,0.24872729182243347,0.06708432734012604,0.18102490901947021,False,0.3611661886720352,2.991527026097174e-09,-0.3611661856805082,8.282965326332718e-09,0.36106822656438453,
pos,no_filler,28,15,⟨NEXT⟩,2.3217434883117676," """,0.4850129783153534, a,0.1979977935552597, “,0.10469972342252731, the,0.0767255574464798, city,0.0763230100274086,,,,,,,,,,,,,,,,,,,,,,,,,,,,,,,0.05924093723297119,False,False,False,False,False,False,False,False,False,False,0.4850129783153534,0.9407590627670288,3.955872518446313e-09,2.6298087281225175,3.527924488672716,,5174,0.2740134596824646,0.0702388659119606,0.18715563416481018,False,0.1583626861311913,3.955872518446313e-09,-0.1583626821753188,2.4979826940983747e-08,0.15834898830144084,
pos,no_filler,29,15,⟨NEXT⟩,0.9690176844596863," """,0.7945441603660583, “,0.17165042459964752, a,0.011527729220688343, the,0.005609290208667517, city,0.004924754146486521,,,,,,,,,,,,,,,,,,,,,,,,,,,,,,,0.011743641458451748,False,False,False,False,False,False,False,False,True,False,0.7945441603660583,0.9882563352584839,6.913892791615694e-10,2.6298087281225175,3.0098979537659623,,3540,0.1904255449771881,0.0763678178191185,0.1874123215675354,False,0.011297282664644914,6.913892791615694e-10,-0.011297281973255635,6.119960334582788e-08,0.01129185672471067,
pos,no_filler,30,15,⟨NEXT⟩,1.0139319896697998," """,0.8077122569084167, “,0.11983973532915115, city,0.048640210181474686, a,0.007804901339113712, ,0.007718137465417385,,,,,,,,,,,,,,,,,,,,,,,,,,,,,,,0.008284758776426315,False,False,False,False,False,False,False,False,False,False,0.8077122569084167,0.9917152523994446,1.6161358917798907e-09,2.6298087281225175,3.137130030943665,,944,0.1730068325996399,0.09452136605978012,0.20757770538330078,False,0.05293850455136382,1.6161358917798907e-09,-0.05293850293522793,3.052855147585962e-08,0.052937454444872856,
pos,no_filler,31,15,⟨NEXT⟩,1.0909959077835083," """,0.7960635423660278, city,0.10050061345100403, “,0.07333873212337494, ,0.01262638345360756, a,0.008209722116589546,,,,,,,,,,,,,,,,,,,,,,,,,,,,,,,0.009261006489396095,False,False,False,False,False,False,False,False,False,False,0.7960635423660278,0.9907389879226685,1.1766512209021585e-08,2.6298087281225175,3.3909162296893682,,318,0.14636960625648499,0.11421109735965729,0.2161659449338913,False,0.10552621486286497,1.1766512209021585e-08,-0.10552620309635276,1.1150321380151242e-07,0.10552514913069899,
pos,no_filler,32,15,⟨NEXT⟩,0.7424958944320679," """,0.8748701214790344, “,0.07489296793937683, ,0.03749828413128853, in,0.003637438639998436, a,0.0033544248435646296,,,,,,,,,,,,,,,,,,,,,,,,,,,,,,,0.005746762966737151,False,False,False,False,False,False,False,False,True,False,0.8748701214790344,0.9942532181739807,1.827479856331138e-08,2.6298087281225175,2.9862637539190935,,270,0.11728434264659882,0.1162615641951561,0.18814116716384888,False,0.0036014776319843803,1.827479856331138e-08,-0.003601459357185817,5.074248782434713e-06,0.003599366276830551,
pos,no_filler,33,15,⟨NEXT⟩,0.6504806280136108," """,0.8956707119941711, ,0.061567965894937515, “,0.03308223560452461, in,0.00254955911077559, a,0.0018297774950042367,,,,,,,,,,,,,,,,,,,,,,,,,,,,,,,0.005299749900586903,False,False,False,False,False,False,False,False,True,False,0.8956707119941711,0.9947003126144409,4.0992514982463035e-07,2.6298087281225175,3.02883771517488,,100,0.12298677861690521,0.13355396687984467,0.18375074863433838,False,0.0018364743697330457,4.0992514982463035e-07,-0.001836064444583221,0.000223212985363489,0.0018334216601942899,
pos,no_filler,34,15,⟨NEXT⟩,0.9367872476577759," """,0.8314918875694275, “,0.08563262224197388, ,0.06671582162380219, ',0.00574908871203661, a,0.0020992413628846407,,,,,,,,,,,,,,,,,,,,,,,,,,,,,,,0.008311338489875197,False,False,False,False,False,False,False,False,True,False,0.8314918875694275,0.9916886687278748,1.0006045158661436e-05,2.6298087281225175,2.8742612564232455,,35,0.10905753076076508,0.14434832334518433,0.17585524916648865,False,0.002819775052511882,1.0006045158661436e-05,-0.0028097690073532206,0.003548524766620371,0.0028141704369772924,
pos,no_filler,35,15,⟨NEXT⟩,0.6273390054702759," """,0.8947863578796387, ,0.07659701257944107, “,0.02040969766676426, ',0.0030562460888177156, city,0.0010738628916442394,,,,,,,,,,,,,,,,,,,,,,,,,,,,,,,0.004076822893694043,False,False,False,False,False,False,False,False,True,False,0.8947863578796387,0.9959231615066528,2.192223291785922e-06,2.6298087281225175,3.0439395117471433,,49,0.09653131663799286,0.14801621437072754,0.18919579684734344,False,0.001475626263406899,2.192223291785922e-06,-0.001473434040115113,0.0014856212989210842,0.0014734147789567942,
pos,no_filler,36,15,⟨NEXT⟩,0.9366146922111511," """,0.8047711253166199, ,0.1562633365392685, “,0.025189988315105438, ',0.005908694118261337, city,0.0014710118994116783,,,,,,,,,,,,,,,,,,,,,,,,,,,,,,,0.0063958438113331795,False,False,False,False,False,False,False,False,True,False,0.8047711253166199,0.9936041235923767,1.8288618548467639e-06,2.6298087281225175,2.8869238230583214,,74,0.07303053140640259,0.13802176713943481,0.18404695391654968,False,0.0020121540463866414,1.8288618548467639e-06,-0.0020103251845317947,0.0009089070239050271,0.0020100262931919133,
pos,no_filler,37,15,⟨NEXT⟩,0.8686456084251404," """,0.8331108093261719, ,0.1305713653564453, “,0.019732965156435966, ',0.006674490869045258, (,0.0019607646390795708,,,,,,,,,,,,,,,,,,,,,,,,,,,,,,,0.007949604652822018,False,False,False,False,False,False,False,False,True,False,0.8331108093261719,0.9920503497123718,2.5737210762599716e-07,2.6298087281225175,2.9193662863517797,,165,0.06956878304481506,0.12989410758018494,0.19069212675094604,False,0.001980694731840318,2.5737210762599716e-07,-0.001980437359732692,0.00012994025457250104,0.0019745017216337146,
pos,no_filler,38,15,⟨NEXT⟩,0.7937242388725281," """,0.8626699447631836, ,0.10254736989736557, “,0.014414536766707897, ',0.0062736631371080875, city,0.004025665111839771,,,,,,,,,,,,,,,,,,,,,,,,,,,,,,,0.01006882032379508,False,False,False,False,False,False,False,False,True,False,0.8626699447631836,0.9899311661720276,4.789635568158701e-05,2.6298087281225175,2.977981757384144,,25,0.06595243513584137,0.16891542077064514,0.1982785165309906,False,0.006307625975382465,4.789635568158701e-05,-0.006259729619700878,0.007593403330367805,0.006305857733423181,
pos,no_filler,39,15,⟨NEXT⟩,0.5415714383125305," """,0.9167115092277527, ,0.06265643239021301, ',0.008256491273641586, “,0.005396561697125435, (,0.0019082316430285573,,,,,,,,,,,,,,,,,,,,,,,,,,,,,,,0.005070773768238723,False,False,False,False,False,False,False,False,True,False,0.9167115092277527,0.9949291944503784,8.109577152026759e-07,2.6298087281225175,3.104311957540722,,92,0.05828428268432617,0.146230086684227,0.19199204444885254,False,0.0012213816084668055,8.109577152026759e-07,-0.0012205706507516028,0.0006639669744607438,0.0012191399237053702,
pos,no_filler,40,15,⟨NEXT⟩,0.3597573935985565," """,0.9518684148788452, ,0.03138059005141258, ',0.009099203161895275, “,0.0044454289600253105, (,0.0012049651704728603,,,,,,,,,,,,,,,,,,,,,,,,,,,,,,,0.002001397777348757,False,False,False,False,False,False,False,False,True,False,0.9518684148788452,0.9979985952377319,8.847284220792062e-07,2.6298087281225175,3.2178621269116845,,63,0.05535481870174408,0.15029315650463104,0.18283095955848694,False,0.00023883851331039295,8.847284220792062e-07,-0.00023795378488831374,0.0037042799569325193,0.00023829826500332274,
pos,no_filler,41,15,⟨NEXT⟩,1.1202096939086914," """,0.828431248664856, ,0.098255954682827, ',0.02246399037539959, “,0.012092115357518196, (,0.009722127579152584,,,,,,,,,,,,,,,,,,,,,,,,,,,,,,,0.029034563340246677,False,False,False,False,False,False,False,False,False,False,0.828431248664856,0.9709653854370117,6.24974854872562e-05,2.6298087281225175,2.8398146792992827,,55,0.06718522310256958,0.14403679966926575,0.17485985159873962,False,0.008501934804390716,6.24974854872562e-05,-0.00843943731890346,0.007350971228808876,0.008482229844958056,
pos,no_filler,42,15,⟨NEXT⟩,0.0023428360000252724, Berlin,0.9998400211334229," """,0.00014701698091812432, ,5.821198101330083e-06, “,3.4300912830076413e-06,:,1.8046099512503133e-06,,,,,,,,,,,,,,,,,,,,,,,,,,,,,,,1.9059863234360819e-06,False,False,False,False,False,False,False,False,True,True,0.9998400211334229,0.999998152256012,0.9998400211334229,2.6298087281225175,0.6030516188099482,,1,0.9994460344314575,0.16526377201080322,0.10185529291629791,True,2.821514255023269e-07,0.9998400211334229,0.9998397389819973,3531114.2063284656,2.813622281827577e-07,
ctl,orig,1,16,⟨NEXT⟩,8.614596822553722e-07, simply,1.0,simply,3.476641552424553e-08, Simply,3.523079722921041e-13,Simply,2.9459575512542913e-13, simplemente,9.634820442260865e-17,,,,,,,,,,,,,,,,,,,,,,,,,,,,,,,0.0,True,True,True,True,True,True,False,False,True,False,1.0,1.0,0.0,2.866547146601445,14.541453706111678,,88,0.30254751443862915,-0.007034691050648689,0.8444536924362183,False,1.0,0.0,-1.0,0.0,1.0,0.0
ctl,orig,2,16,⟨NEXT⟩,7.438175816787407e-05, simply,0.9999961853027344,simply,3.827520686172647e-06,Simply,2.3243471383715963e-11, Simply,1.915825484366529e-11, simplemente,6.144814280141715e-16,,,,,,,,,,,,,,,,,,,,,,,,,,,,,,,0.0,True,True,True,True,True,True,False,False,True,False,0.9999961853027344,1.0,0.0,2.866547146601445,14.541450954389266,,101,0.3104148805141449,0.004331047646701336,0.7745440006256104,False,0.9999961853027344,0.0,-0.9999961853027344,0.0,0.9999961853027344,0.0
ctl,orig,3,16,⟨NEXT⟩,0.000548267737030983, simply,0.9999665021896362,simply,3.3418800740037113e-05, Simply,9.52618322003218e-08,Simply,3.2883203715528e-08, simplemente,4.4145407815388005e-12,,,,,,,,,,,,,,,,,,,,,,,,,,,,,,,0.0,True,True,True,True,True,True,False,False,True,False,0.9999665021896362,1.0,5.561183417681104e-35,2.866547146601445,14.541533506061679,,36222,0.3077288568019867,-0.012525715865194798,0.626645028591156,False,0.9999665021896362,5.561183417681104e-35,-0.9999665021896362,5.561369705827503e-35,0.9999665021896362,-8.35630924173236e-35
ctl,orig,4,16,⟨NEXT⟩,0.00145060196518898, simply,0.9999024868011475,simply,9.616021998226643e-05, Simply,1.0837545687536476e-06,Simply,2.401379504135548e-07, simplemente,8.411184249101922e-11,,,,,,,,,,,,,,,,,,,,,,,,,,,,,,,2.9002239276820774e-08,True,True,True,True,True,True,False,False,True,False,0.9999024868011475,0.9999999403953552,2.2491488081656055e-31,2.866547146601445,14.541825188637542,,35471,0.2850032150745392,-0.016497662290930748,0.564487636089325,False,0.9999024868011475,2.2491488081656055e-31,-0.9999024868011475,2.2493681489998436e-31,0.9999024868011475,-7.040087153727246e-31
ctl,orig,5,16,⟨NEXT⟩,0.0018757953075692058, simply,0.999873161315918,simply,0.00011848018039017916, Simply,6.613129244215088e-06,Simply,1.7634901041674311e-06, просто,6.851176570510376e-11,,,,,,,,,,,,,,,,,,,,,,,,,,,,,,,0.0,True,True,True,True,True,True,False,False,True,False,0.999873161315918,1.0,6.357665898399745e-31,2.866547146601445,14.54194626442375,,58553,0.2770789861679077,-0.027657978236675262,0.43485158681869507,False,0.999873161315918,6.357665898399745e-31,-0.999873161315918,6.358472392312286e-31,0.999873161315918,-2.441358638465735e-30
ctl,orig,6,16,⟨NEXT⟩,0.041352808475494385, simply,0.9959549903869629,simply,0.003344794735312462, Simply,0.00042036568629555404,Simply,0.0002795105683617294, просто,2.454878256230586e-07,,,,,,,,,,,,,,,,,,,,,,,,,,,,,,,9.313524174103804e-08,True,True,True,True,True,True,False,False,True,False,0.9959549903869629,0.9999998807907104,6.005072753193558e-22,2.866547146601445,14.576997704530797,,58369,0.26687201857566833,-0.024188634008169174,0.3747327923774719,False,0.9959549903869689,6.005072753193558e-22,-0.9959549903869689,6.029461978829868e-22,0.9959549903869629,-3.983397695777426e-21
ctl,orig,7,16,⟨NEXT⟩,0.02117830701172352, simply,0.9981911778450012,simply,0.0012724739499390125, Simply,0.0003448914212640375,Simply,0.000191359271411784, просто,6.030043664395635e-08,,,,,,,,,,,,,,,,,,,,,,,,,,,,,,,3.721194730132993e-08,True,True,True,True,True,True,False,False,True,False,0.9981911778450012,0.9999999403953552,7.367052087001436e-24,2.866547146601445,14.55477892190053,,57910,0.26214295625686646,-0.02357848919928074,0.31030702590942383,False,0.9981911778450029,7.367052087001436e-24,-0.9981911778450029,7.38040191411607e-24,0.9981911778450023,-1.2034839250857686e-22
ctl,orig,8,16,⟨NEXT⟩,0.07959918677806854, simply,0.9920152425765991, Simply,0.003388730576261878,simply,0.002799476496875286,Simply,0.0017783325165510178, simple,6.5288872974633705e-06,,,,,,,,,,,,,,,,,,,,,,,,,,,,,,,1.1688946415233659e-05,True,True,True,True,True,True,False,False,True,False,0.9920152425765991,0.9999882578849792,7.499272902360544e-16,2.866547146601445,14.616762845132692,,76219,0.24467307329177856,-0.038241803646087646,0.26418349146842957,False,0.9920152468262474,7.499272902360544e-16,-0.9920152468262466,7.559634712060445e-16,0.9920152462195446,-4.3991550794202625e-15
ctl,orig,9,16,⟨NEXT⟩,0.10043499618768692, simply,0.9896432161331177,simply,0.005212064366787672,Simply,0.002660919912159443, Simply,0.0021388435270637274, simple,0.0002919995749834925,,,,,,,,,,,,,,,,,,,,,,,,,,,,,,,5.29564858879894e-05,True,True,True,True,True,True,False,False,True,False,0.9896432161331177,0.9999470710754395,1.1852149873486425e-17,2.866547146601445,14.649542738387144,,101623,0.2499789297580719,-0.03179800510406494,0.24200518429279327,False,0.9896432193622835,1.1852149873486425e-17,-0.9896432193622835,1.1976184578062033e-17,0.9896432179754234,-3.5917700073476496e-16
ctl,orig,10,16,⟨NEXT⟩,0.48087650537490845, simply,0.9317587018013,simply,0.03224046528339386,Simply,0.01680111140012741, Simply,0.01638607867062092, simple,0.0017688088119029999,,,,,,,,,,,,,,,,,,,,,,,,,,,,,,,0.0010448340326547623,False,False,True,True,True,True,False,False,True,False,0.9317587018013,0.9989551901817322,7.197156282404138e-14,2.866547146601445,15.423373860430127,,126671,0.22420577704906464,-0.03277788311243057,0.2103428840637207,False,0.9317599282461678,7.197156282404138e-14,-0.9317599282460959,7.724260355590666e-14,0.931759731251077,-2.803097760416956e-12
ctl,orig,11,16,⟨NEXT⟩,0.5648733377456665, simply,0.9167787432670593,simply,0.04008049890398979, Simply,0.027157815173268318,Simply,0.010719568468630314, simple,0.002807851880788803,,,,,,,,,,,,,,,,,,,,,,,,,,,,,,,0.002455522306263447,False,False,True,True,True,True,False,False,True,False,0.9167787432670593,0.997544527053833,1.0836483620157988e-12,2.866547146601445,15.520866009690028,,85179,0.24822700023651123,-0.020124167203903198,0.19485259056091309,False,0.9167854195000877,1.0836483620157988e-12,-0.916785419499004,1.1820087206717257e-12,0.916785396458522,-1.759179650909215e-11
ctl,orig,12,16,⟨NEXT⟩,0.42330747842788696, simply,0.9426344633102417,simply,0.025474270805716515,Simply,0.01695629023015499, Simply,0.012195886112749577, simple,0.0009693256579339504,,,,,,,,,,,,,,,,,,,,,,,,,,,,,,,0.001769763883203268,False,False,True,True,True,True,False,False,True,False,0.9426344633102417,0.9982302188873291,2.975557287002682e-14,2.866547146601445,15.300585127020115,,129449,0.23274949193000793,-0.031186752021312714,0.18274687230587006,False,0.9426361228961454,2.975557287002682e-14,-0.9426361228961156,3.156634051646543e-14,0.9426360771714712,-1.913218854312582e-12
ctl,orig,13,16,⟨NEXT⟩,0.46713390946388245, simply,0.9356183409690857,simply,0.03026501275599003, Simply,0.015687961131334305,Simply,0.014557530172169209, simple,0.0016556605696678162,,,,,,,,,,,,,,,,,,,,,,,,,,,,,,,0.0022154944017529488,False,False,True,True,True,True,False,False,True,False,0.9356183409690857,0.9977844953536987,1.93456836379384e-13,2.866547146601445,15.348877855382392,,121131,0.251308798789978,-0.027651812881231308,0.16686241328716278,False,0.9356254628107965,1.93456836379384e-13,-0.935625462810603,2.067673912929171e-13,0.9356250372270551,-1.4386569585915672e-11
ctl,orig,14,16,⟨NEXT⟩,0.798396110534668, simply,0.9182989001274109, simple,0.021324429661035538,simply,0.011404993943870068, Simply,0.009139270521700382,simple,0.008395884186029434,,,,,,,,,,,,,,,,,,,,,,,,,,,,,,,0.03143652155995369,False,False,True,True,True,True,False,False,True,False,0.9182989001274109,0.9685635566711426,1.3418315347735188e-09,2.866547146601445,15.053968884988883,,56278,0.26358306407928467,-0.012185700237751007,0.13839468359947205,False,0.9186246479383386,1.3418315347735188e-09,-0.9186246465965071,1.4606962009176257e-09,0.9185365242301486,-2.0332455719085374e-08
ctl,orig,15,16,⟨NEXT⟩,3.5993969440460205, simply,0.5651258826255798,SIMPLE,0.060861896723508835, simple,0.05236919969320297,simple,0.046987924724817276,simply,0.032935865223407745,,,,,,,,,,,,,,,,,,,,,,,,,,,,,,,0.24171923100948334,False,False,False,False,False,True,False,False,False,False,0.5651258826255798,0.7582807540893555,1.6702193406104016e-08,2.866547146601445,18.846065260727606,,63022,0.24952536821365356,-0.0008268076926469803,0.11545605957508087,False,0.5666029036282061,1.6702193406104016e-08,-0.5666028869260127,2.9477775827964868e-08,0.5660927911521867,-2.5323572039326336e-07
ctl,orig,16,16,⟨NEXT⟩,8.701241493225098, simply,0.18057745695114136,"

",0.02873743139207363, simple,0.02654305286705494,a,0.024359503760933876,SIMPLE,0.019940493628382683,,,,,,,,,,,,,,,,,,,,,,,,,,,,,,,0.7198420614004135,False,False,False,False,False,False,False,False,False,False,0.18057745695114136,0.2801579236984253,8.20606089746434e-07,2.866547146601445,19.375050874112638,,24942,0.2689323425292969,0.005857285112142563,0.09874849021434784,False,0.18473533281662924,8.20606089746434e-07,-0.1847345122105395,4.4420635337741e-06,0.18057745695114136,-4.249406686085422e-06
ctl,orig,17,16,⟨NEXT⟩,8.535889625549316, simply,0.06379332393407822,a,0.03585566207766533,"

",0.03510475531220436,-,0.03473510220646858,A,0.02612857148051262,,,,,,,,,,,,,,,,,,,,,,,,,,,,,,,0.8043825849890709,False,False,False,False,False,False,False,False,False,False,0.06379332393407822,0.1956174075603485,8.613748718744318e-07,2.866547146601445,16.92230722815123,,15071,0.32122868299484253,0.016392553225159645,0.09963884204626083,False,0.07028764978223734,8.613748718744318e-07,-0.07028678840736546,1.2254995895980538e-05,0.06379332393407822,-1.483998005369358e-06
ctl,orig,18,16,⟨NEXT⟩,8.917065620422363, simply,0.05126518756151199,K,0.04164433106780052,app,0.036106836050748825,a,0.03215968981385231, ,0.030781252309679985,,,,,,,,,,,,,,,,,,,,,,,,,,,,,,,0.8080427031964064,False,False,False,False,False,False,False,False,False,False,0.05126518756151199,0.1919572949409485,1.039431595017959e-06,2.866547146601445,19.98825432783338,,13730,0.32305458188056946,0.02281942591071129,0.09658268839120865,False,0.05717329529460358,1.039431595017959e-06,-0.05717225586300856,1.8180368500391465e-05,0.05126518756151199,2.0697069658126566e-07
ctl,orig,19,16,⟨NEXT⟩,8.466167449951172,Simply,0.1165175586938858,SIMPLE,0.10339140146970749, simply,0.0761769488453865, simple,0.04879613220691681,simple,0.03473670408129692,,,,,,,,,,,,,,,,,,,,,,,,,,,,,,,0.6203812547028065,False,False,False,False,False,False,False,False,False,False,0.1165175586938858,0.379618763923645,2.5616263883421198e-06,2.866547146601445,28.130431719353744,,11785,0.29349955916404724,0.034893378615379333,0.10540962964296341,False,0.08054539224906421,2.5616263883421198e-06,-0.08054283062267587,3.1803512094366505e-05,0.07989238412119448,-9.287100510846358e-07
ctl,orig,20,16,⟨NEXT⟩,9.994139671325684,Simply,0.09610497951507568,SIMPLE,0.04898419231176376,simple,0.022146429866552353,Easy,0.021074511110782623,simply,0.016809869557619095,,,,,,,,,,,,,,,,,,,,,,,,,,,,,,,0.7948800176382065,False,False,False,False,False,False,False,False,False,False,0.09610497951507568,0.20511996746063232,3.400054538360564e-06,2.866547146601445,31.39774986527814,,11948,0.12213586270809174,0.03974749147891998,0.09075988084077835,False,0.01337438227022858,3.400054538360564e-06,-0.01337098221569022,0.0002542214074221349,0.01302725775167346,2.1003601204938604e-06
ctl,orig,21,16,⟨NEXT⟩,10.638726234436035,Simply,0.050253573805093765,a,0.033834319561719894,i,0.024192683398723602, simply,0.01913421042263508,Kim,0.011352602392435074,,,,,,,,,,,,,,,,,,,,,,,,,,,,,,,0.8612326104193926,False,False,False,False,False,False,False,False,False,False,0.050253573805093765,0.13876739144325256,7.654281944269314e-06,2.866547146601445,26.53189287955894,,7258,0.2517258822917938,0.04846353828907013,0.1021919772028923,False,0.028604609931107916,7.654281944269314e-06,-0.028596955649163647,0.0002675890947338555,0.02689814241603017,5.346211992218741e-06
ctl,orig,22,16,⟨NEXT⟩,9.625182151794434,Simply,0.06069536134600639, simply,0.03492235764861107, iconic,0.026631401851773262,a,0.024558154866099358,Ana,0.019877523183822632,,,,,,,,,,,,,,,,,,,,,,,,,,,,,,,0.8333152011036873,False,False,False,False,False,False,False,False,False,False,0.06069536134600639,0.1666848063468933,3.576176368369488e-06,2.866547146601445,30.410030111732514,,8096,0.14994549751281738,0.05230865627527237,0.10908672213554382,False,0.040187923295661676,3.576176368369488e-06,-0.04018434711929331,8.898634181899113e-05,0.03905964782461524,3.1412466228175617e-06
ctl,orig,23,16,⟨NEXT⟩,9.792242050170898, “,0.06552188098430634, simply,0.059316035360097885,a,0.023975055664777756, iconic,0.019953127950429916, simple,0.01871448941528797,,,,,,,,,,,,,,,,,,,,,,,,,,,,,,,0.8125194106251001,False,False,False,False,False,False,False,False,False,False,0.06552188098430634,0.1874805986881256,1.7205451513291337e-05,2.866547146601445,21.459459964651778,,3724,0.2746407389640808,0.057422105222940445,0.11313402652740479,False,0.08490082551043088,1.7205451513291337e-05,-0.08488362005891759,0.00020265352200284507,0.08268886245787144,1.4877219882691861e-05
ctl,orig,24,16,⟨NEXT⟩,4.655663013458252, simply,0.49326375126838684,Simply,0.12201078981161118,simply,0.07766877114772797, iconic,0.015822796151041985, “,0.0062669324688613415,,,,,,,,,,,,,,,,,,,,,,,,,,,,,,,0.2849669591523707,False,False,False,False,False,False,False,False,False,False,0.49326375126838684,0.7150329947471619,9.409502013113524e-07,2.866547146601445,21.34676592491681,,9815,0.19442881643772125,0.04626082256436348,0.13147462904453278,False,0.5044179646217231,9.409502013113524e-07,-0.5044170236715217,1.8654177000844513e-06,0.5035591647028923,7.13882570835267e-07
ctl,orig,25,16,⟨NEXT⟩,6.036553859710693, simply,0.2622503340244293, plain,0.09280744940042496, straight,0.09207398444414139, name,0.06916769593954086," """,0.031528059393167496,,,,,,,,,,,,,,,,,,,,,,,,,,,,,,,0.452172476798296,False,False,False,False,False,False,False,False,False,False,0.2622503340244293,0.5478274822235107,4.252938651916338e-06,2.866547146601445,15.82432458162323,,4275,0.2815483808517456,0.0676172524690628,0.13774007558822632,False,0.43351232331360734,4.252938651916338e-06,-0.4335080703749554,9.810421557565034e-06,0.43174676038324833,3.0792351708441856e-06
ctl,orig,26,16,⟨NEXT⟩,3.6298792362213135, simply,0.31331560015678406, “,0.2004145234823227," """,0.13737569749355316, name,0.0730358436703682, ',0.06143704056739807,,,,,,,,,,,,,,,,,,,,,,,,,,,,,,,0.21442129462957382,False,False,False,False,False,False,False,False,False,False,0.31331560015678406,0.785578727722168,8.825927579891868e-07,2.866547146601445,7.230316433547907,,2170,0.30751726031303406,0.058098360896110535,0.13883553445339203,False,0.3978710893267703,8.825927579891868e-07,-0.3978702067340123,2.218288233166969e-06,0.3970134207047522,8.35816340583051e-07
ctl,orig,27,16,⟨NEXT⟩,2.8269927501678467, “,0.4152905344963074," """,0.34012892842292786, ',0.04253105819225311, name,0.023038461804389954, simply,0.022139862179756165,,,,,,,,,,,,,,,,,,,,,,,,,,,,,,,0.15687115490436554,False,False,False,False,False,False,False,False,False,False,0.4152905344963074,0.8431288003921509,5.39635209406697e-07,2.866547146601445,2.605600622169719,,2147,0.32179760932922363,0.06954912841320038,0.14875829219818115,False,0.06645096875169543,5.39635209406697e-07,-0.06645042911648602,8.120802622190908e-06,0.065693850570824,4.90582962697772e-07
ctl,orig,28,16,⟨NEXT⟩,1.9372663497924805," """,0.34834787249565125, “,0.3379170298576355, simply,0.24920527637004852, ',0.044659510254859924, ‘,0.010071966797113419,,,,,,,,,,,,,,,,,,,,,,,,,,,,,,,0.009798344224691391,False,False,False,False,False,False,False,False,False,False,0.34834787249565125,0.9902016520500183,2.1602072308724019e-07,2.866547146601445,4.013314219890536,,441,0.3471294045448303,0.08032777905464172,0.16811610758304596,False,0.25144904165080106,2.1602072308724019e-07,-0.251448825630078,8.591033825777501e-07,0.2514301728751889,2.1415912609956678e-07
ctl,orig,29,16,⟨NEXT⟩,0.9153446555137634," """,0.7082230448722839, “,0.28625115752220154, ',0.004759316332638264, ‘,0.0003587328246794641, simply,0.0002648603403940797,,,,,,,,,,,,,,,,,,,,,,,,,,,,,,,0.00014288810780271888,False,False,False,False,False,False,False,False,True,False,0.7082230448722839,0.9998571276664734,1.7656005824040477e-10,2.866547146601445,1.4201833718042762,,1198,0.3131561577320099,0.06797092407941818,0.16081435978412628,False,0.00027915715597595647,1.7656005824040477e-10,-0.00027915697941589823,6.324732215798548e-07,0.00027895223723817253,1.712004596247929e-10
ctl,orig,30,16,⟨NEXT⟩,0.6843310594558716," """,0.832734227180481, “,0.16285085678100586, ',0.0038907902780920267, ‘,0.00023436044284608215,",",0.00016768163186497986,,,,,,,,,,,,,,,,,,,,,,,,,,,,,,,0.00012208368571009487,False,False,False,False,False,False,False,False,True,False,0.832734227180481,0.9998779296875,1.9913688753536718e-10,2.866547146601445,1.4065884872188728,,628,0.30623164772987366,0.07335525751113892,0.14825156331062317,False,4.111252666101975e-05,1.9913688753536718e-10,-4.1112327524132214e-05,4.843585644628519e-06,4.107927578900217e-05,1.9553449397829992e-10
ctl,orig,31,16,⟨NEXT⟩,0.32206159830093384," """,0.9445275664329529, “,0.05364924296736717, ',0.0016317676054313779,",",0.00010171738540520892, ,3.338218812132254e-05,,,,,,,,,,,,,,,,,,,,,,,,,,,,,,,5.6323420722037554e-05,False,False,False,False,False,False,False,False,True,False,0.9445275664329529,0.999943733215332,7.012673775008693e-11,2.866547146601445,1.5497442660573117,,388,0.3011954426765442,0.08427873253822327,0.1599314957857132,False,1.2280727730290997e-05,7.012673775008693e-11,-1.2280657603553247e-05,5.709843052222212e-06,1.2273465084255974e-05,6.915233771893903e-11
ctl,orig,32,16,⟨NEXT⟩,0.3211904466152191," """,0.9477507472038269, “,0.04775214195251465, ',0.003953680861741304,",",0.00038322561886161566, ,9.351166954729706e-05,,,,,,,,,,,,,,,,,,,,,,,,,,,,,,,6.669269350823015e-05,False,False,False,False,False,False,False,False,True,False,0.9477507472038269,0.9999333024024963,5.2623586044298065e-11,2.866547146601445,1.546419325468181,,548,0.29265308380126953,0.07959699630737305,0.14399608969688416,False,5.081635034354672e-06,5.2623586044298065e-11,-5.0815824107686275e-06,1.0353603138648247e-05,5.052885351020109e-06,5.1749882753592685e-11
ctl,orig,33,16,⟨NEXT⟩,0.19793358445167542," """,0.9728619456291199, “,0.023888835683465004, ',0.0025252425111830235,",",0.0004239821864757687, ,0.00021075208496768028,,,,,,,,,,,,,,,,,,,,,,,,,,,,,,,8.924190478865057e-05,False,False,False,False,False,False,False,False,True,False,0.9728619456291199,0.9999107718467712,1.5672213526940482e-09,2.866547146601445,1.620356558883262,,202,0.29669779539108276,0.09755201637744904,0.1437484622001648,False,5.446671084198074e-06,1.5672213526940482e-09,-5.44510386284538e-06,0.0002876864862932068,5.38843131536737e-06,1.5471591716109678e-09
ctl,orig,34,16,⟨NEXT⟩,0.35252144932746887," """,0.9428682327270508, “,0.049135077744722366, ',0.0075852167792618275,",",0.00023292540572583675, ,8.58335624798201e-05,,,,,,,,,,,,,,,,,,,,,,,,,,,,,,,9.271378075936809e-05,False,False,False,False,False,False,False,False,True,False,0.9428682327270508,0.9999073147773743,5.109009748593962e-08,2.866547146601445,1.5272503111856632,,49,0.2937087416648865,0.11678209155797958,0.13692298531532288,False,2.6444789846461056e-06,5.109009748593962e-08,-2.593388887160166e-06,0.019312229574476893,2.5534860412790295e-06,5.102194734069032e-08
ctl,orig,35,16,⟨NEXT⟩,0.13677263259887695," """,0.9837068319320679, “,0.01179137360304594, ',0.004063316620886326,",",0.00030549889197573066, ,7.27715014363639e-05,,,,,,,,,,,,,,,,,,,,,,,,,,,,,,,6.020745058776811e-05,False,False,False,False,False,False,False,False,True,False,0.9837068319320679,0.9999397397041321,5.648469780794585e-08,2.866547146601445,1.6613446681154427,,44,0.29053160548210144,0.12648415565490723,0.14725512266159058,False,2.1173363521795005e-06,5.648469780794585e-08,-2.0608516543715546e-06,0.02666465018637396,2.03882778038178e-06,5.6405797040082195e-08
ctl,orig,36,16,⟨NEXT⟩,0.2032531201839447," """,0.9729046821594238, “,0.021686367690563202, ',0.004754032474011183,",",0.00036663078935816884, ,0.00019812834216281772,,,,,,,,,,,,,,,,,,,,,,,,,,,,,,,9.015854448080063e-05,False,False,False,False,False,False,False,False,True,False,0.9729046821594238,0.9999098181724548,4.6571280165608187e-08,2.866547146601445,1.6166181720014572,,45,0.2861021161079407,0.13139241933822632,0.15837252140045166,False,3.3073980006985238e-06,4.6571280165608187e-08,-3.2608267205329156e-06,0.014076686104808214,3.2963218998816046e-06,4.655201541955978e-08
ctl,orig,37,16,⟨NEXT⟩,0.1799599975347519," """,0.9780423045158386, “,0.014052427373826504, ',0.006666508037596941,",",0.0008731771958991885, ,0.00020772634888999164,,,,,,,,,,,,,,,,,,,,,,,,,,,,,,,0.00015785652794875205,False,False,False,False,False,False,False,False,True,False,0.9780423045158386,0.99984210729599,4.103699779989256e-08,2.866547146601445,1.6321499252008773,,58,0.2875704765319824,0.13330867886543274,0.17408397793769836,False,1.3342067507693637e-05,4.103699779989256e-08,-1.3301030509893745e-05,0.0030755295044584425,1.3267127243921095e-05,4.102315202727386e-08
ctl,orig,38,16,⟨NEXT⟩,0.09911035746335983," """,0.9890760183334351, “,0.007891281507909298, ',0.0024819038808345795,",",0.0003908462531398982, ,9.058180148713291e-05,,,,,,,,,,,,,,,,,,,,,,,,,,,,,,,6.936822319403291e-05,False,False,False,False,False,False,False,False,True,False,0.9890760183334351,0.9999306201934814,2.1794685380882584e-05,2.866547146601445,1.68735257250952,,6,0.2875728905200958,0.19459779560565948,0.1822190284729004,False,5.51225268114926e-06,2.1794685380882584e-05,1.6282432699733324e-05,3.95314465730952,5.5023893814620806e-06,2.1794679089793406e-05
ctl,orig,39,16,⟨NEXT⟩,0.08731037378311157," """,0.9910599589347839, “,0.0046387845650315285, ',0.003401000052690506,",",0.0005836687050759792, ,0.00018483115127310157,,,,,,,,,,,,,,,,,,,,,,,,,,,,,,,0.0001317565911449492,False,False,False,False,False,False,False,False,True,False,0.9910599589347839,0.9998682141304016,4.4284360001256573e-07,2.866547146601445,1.6966760959780947,,19,0.28642162680625916,0.1703971028327942,0.18119937181472778,False,2.689400204262112e-06,4.4284360001256573e-07,-2.2465566042495464e-06,0.16460138506940944,2.684329533764185e-06,4.4284330167021447e-07
ctl,orig,40,16,⟨NEXT⟩,0.06875602900981903," """,0.9931039214134216, “,0.004288048483431339, ',0.002091630594804883,",",0.0003301049000583589, ,0.00011777281906688586,,,,,,,,,,,,,,,,,,,,,,,,,,,,,,,6.852178921690211e-05,False,False,False,False,False,False,False,False,True,False,0.9931039214134216,0.9999315142631531,1.346728311091283e-07,2.866547146601445,1.7097209800460387,,24,0.28717613220214844,0.1660969853401184,0.17946921288967133,False,8.314526228353553e-07,1.346728311091283e-07,-6.96779791726227e-07,0.16177837322492797,8.189548204029506e-07,1.3467267182431153e-07
ctl,orig,41,16,⟨NEXT⟩,0.16357538104057312," """,0.9824548363685608, ',0.010105516761541367, “,0.003781222039833665,",",0.0011235367273911834, ,0.0011086270678788424,,,,,,,,,,,,,,,,,,,,,,,,,,,,,,,0.0014262610347941518,False,False,False,False,False,False,False,False,True,False,0.9824548363685608,0.9985737204551697,0.00012058772699674591,2.866547146601445,1.6497126215243365,,9,0.3001636266708374,0.17351877689361572,0.17164868116378784,False,0.00015705673777220984,0.00012058772699674591,-3.646901077546393e-05,0.7677923336170897,0.00015579082844396908,0.00012058765321987241
ctl,orig,42,16,⟨NEXT⟩,0.5649471879005432, Paris,0.8677237033843994," """,0.13217629492282867, “,7.665130397072062e-05,",",1.0685337656468619e-05, ',8.742103091208264e-06,,,,,,,,,,,,,,,,,,,,,,,,,,,,,,,3.922948053514119e-06,False,False,False,False,False,False,False,False,True,True,0.8677237033843994,0.9999960660934448,0.8677237033843994,2.866547146601445,0.8818386345419392,,1,0.9992910623550415,0.16734346747398376,0.10752163082361221,True,3.2183367955606905e-09,0.8677237033843994,0.8677237001660626,205702803.1279005,3.2138588890867625e-09,0.8677237033843427
