prompt_id,prompt_variant,layer,pos,token,entropy,top1,prob1,top2,prob2,top3,prob3,top4,prob4,top5,prob5,top6,prob6,top7,prob7,top8,prob8,top9,prob9,top10,prob10,top11,prob11,top12,prob12,top13,prob13,top14,prob14,top15,prob15,top16,prob16,top17,prob17,top18,prob18,top19,prob19,top20,prob20,rest_mass,copy_collapse,copy_strict@0.95,copy_soft_k1@0.5,copy_soft_k2@0.5,copy_soft_k3@0.5,entropy_collapse,is_answer,p_top1,p_top5,p_answer,kl_to_final_bits,answer_rank,cos_to_final,control_margin
pos,orig,0,16,⟨NEXT⟩,16.998506546020508, Forbes,9.551221410220023e-06, institutes,9.321828656538855e-06, shades,9.25367021409329e-06,ulle,9.246104127669241e-06,ej,9.245974069926888e-06,,,,,,,,,,,,,,,,,,,,,,,,,,,,,,,0.9999533812015216,False,False,False,False,False,False,False,9.551221410220023e-06,4.6618799387943e-05,7.963523785292637e-06,10.5216330385737,21319,0.13435521721839905,
pos,orig,1,16,⟨NEXT⟩,16.974504470825195,随着时间的,3.591292261262424e-05,此之前,2.847908399417065e-05,随着时间的推移,2.7695579774444923e-05,说实,2.5233073756680824e-05,我敢,2.1537927750614472e-05,,,,,,,,,,,,,,,,,,,,,,,,,,,,,,,0.9998611414121115,False,False,False,False,False,False,False,3.591292261262424e-05,0.00013885859516449273,6.3852203311398625e-06,10.599740679289553,106575,-0.04216755926609039,
pos,orig,2,16,⟨NEXT⟩,16.9440975189209,随着时间的,6.23476444161497e-05,说实,4.697012627730146e-05,此之前,4.437913230503909e-05,随着时间的推移,4.168763916823082e-05, quelcon,3.977644519181922e-05,,,,,,,,,,,,,,,,,,,,,,,,,,,,,,,0.9997648390126415,False,False,False,False,False,False,False,6.23476444161497e-05,0.0002351609873585403,6.097747245803475e-06,10.73081278509572,98935,-0.10524895787239075,
pos,orig,3,16,⟨NEXT⟩,16.81198501586914,随着时间的,0.0001704813475953415,说实,0.00016466063971165568, quelcon,0.00012959475861862302,šlo,9.995258005801588e-05,随着时间的推移,9.660090290708467e-05,,,,,,,,,,,,,,,,,,,,,,,,,,,,,,,0.9993387097711093,False,False,False,False,False,False,False,0.0001704813475953415,0.0006612901925109327,4.328218892624136e-06,10.991438733866238,108087,-0.12310312688350677,
pos,orig,4,16,⟨NEXT⟩,16.868202209472656, quelcon,7.915031164884567e-05,oł,7.758168067084625e-05,说实,7.579146040370688e-05,此之前,6.409880734281614e-05,随着时间的,6.333782221190631e-05,,,,,,,,,,,,,,,,,,,,,,,,,,,,,,,0.9996400399177219,False,False,False,False,False,False,False,7.915031164884567e-05,0.00035996007500216365,5.1229121709184255e-06,10.850578751434167,101466,-0.09838550537824631,
pos,orig,5,16,⟨NEXT⟩,16.902727127075195,народ,6.746809958713129e-05, quelcon,5.783198866993189e-05,说实,5.401331509347074e-05,큼,4.793762491317466e-05,渐渐地,4.684755185735412e-05,,,,,,,,,,,,,,,,,,,,,,,,,,,,,,,0.9997259014198789,False,False,False,False,False,False,False,6.746809958713129e-05,0.0002740985946729779,6.299453616520623e-06,10.770868920342876,83792,-0.08542424440383911,
pos,orig,6,16,⟨NEXT⟩,16.908737182617188,народ,5.7901914260583e-05,-на,4.521264781942591e-05, quelcon,4.383141276775859e-05,说实,4.039206396555528e-05,中略,4.010138945886865e-05,,,,,,,,,,,,,,,,,,,,,,,,,,,,,,,0.9997725605717278,False,False,False,False,False,False,False,5.7901914260583e-05,0.00022743945010006428,5.21947458764771e-06,10.750804736362618,107437,-0.0836273655295372,
pos,orig,7,16,⟨NEXT⟩,16.89779281616211,народ,6.243419193197042e-05,中略,5.782902371720411e-05,cius,5.2298084483481944e-05,说实,5.0948361604241654e-05, quelcon,4.942210216540843e-05,,,,,,,,,,,,,,,,,,,,,,,,,,,,,,,0.9997270682360977,False,False,False,False,False,False,False,6.243419193197042e-05,0.00027293176390230656,6.048268460290274e-06,10.750072778200545,88250,-0.0728829950094223,
pos,orig,8,16,⟨NEXT⟩,16.8955135345459, quelcon,5.6709486671024933e-05, simply,5.1882972911698744e-05,-на,4.353978511062451e-05,中略,4.125784107600339e-05,народ,4.057093246956356e-05,,,,,,,,,,,,,,,,,,,,,,,,,,,,,,,0.9997660389817611,False,False,False,False,False,False,False,5.6709486671024933e-05,0.0002339610073249787,5.118624358146917e-06,10.709233777926663,106275,-0.04677214100956917,
pos,orig,9,16,⟨NEXT⟩,16.885211944580078, simply,5.978608169243671e-05,əh,5.1982256991323084e-05,说实,5.101478745928034e-05, hétérogènes,4.7929686843417585e-05,从那以后,4.681854625232518e-05,,,,,,,,,,,,,,,,,,,,,,,,,,,,,,,0.9997424686407612,False,False,False,False,False,False,False,5.978608169243671e-05,0.0002575313556008041,5.248560228210408e-06,10.744526681675522,102057,-0.052868157625198364,
pos,orig,10,16,⟨NEXT⟩,16.835922241210938, hétérogènes,8.650385279906914e-05,说实,7.956894842209294e-05,从那以后,7.152462058002129e-05,ugliel,6.355332880048081e-05, Daarnaast,6.260840746108443e-05,,,,,,,,,,,,,,,,,,,,,,,,,,,,,,,0.9996362408419373,False,False,False,False,False,False,False,8.650385279906914e-05,0.0003637591435108334,4.9732334446161985e-06,10.913160486360729,98780,-0.1066240519285202,
pos,orig,11,16,⟨NEXT⟩,16.842334747314453,从那以后,8.95772100193426e-05,luš,8.258901652880013e-05, simply,7.98932378529571e-05,说实,7.467989780707285e-05, hétérogènes,7.068303966661915e-05,,,,,,,,,,,,,,,,,,,,,,,,,,,,,,,0.9996025775981252,False,False,False,False,False,False,False,8.95772100193426e-05,0.00039742240915074944,7.086192454153206e-06,10.894704684131339,61341,-0.10447682440280914,
pos,orig,12,16,⟨NEXT⟩,16.840116500854492, simply,0.0001520995720056817, просто,6.824724550824612e-05, semplicemente,6.560097972396761e-05,-на,6.40106009086594e-05,ugliel,6.370370829245076e-05,,,,,,,,,,,,,,,,,,,,,,,,,,,,,,,0.999586337893561,False,False,False,False,False,False,False,0.0001520995720056817,0.0004136621137149632,4.800898295798106e-06,10.77091157204029,102877,-0.042931463569402695,
pos,orig,13,16,⟨NEXT⟩,16.870943069458008, simply,8.851553866406903e-05,meer,5.3872616263106465e-05, просто,5.137359403306618e-05,стен,5.041146869189106e-05,ôt,4.986880594515242e-05,,,,,,,,,,,,,,,,,,,,,,,,,,,,,,,0.9997059579764027,False,False,False,False,False,False,False,8.851553866406903e-05,0.00029404202359728515,5.730298198614037e-06,10.663813847764398,90290,0.006331863347440958,
pos,orig,14,16,⟨NEXT⟩,16.814945220947266,стен,8.969272312242538e-05,-т,7.31451582396403e-05,luš,7.269804336829111e-05," """,6.900283187860623e-05,mén,6.747488805558532e-05,,,,,,,,,,,,,,,,,,,,,,,,,,,,,,,0.9996279863553355,False,False,False,False,False,False,False,8.969272312242538e-05,0.0003720136301126331,5.562862497754395e-06,10.633319259974611,85799,0.058362118899822235,
pos,orig,15,16,⟨NEXT⟩,16.816368103027344,luš,9.532264084555209e-05,əh,7.296932744793594e-05, «**,7.261814607772976e-05,zza,7.154335617087781e-05, Generic,6.438501441152766e-05,,,,,,,,,,,,,,,,,,,,,,,,,,,,,,,0.9996231615150464,False,False,False,False,False,False,False,9.532264084555209e-05,0.0003768384631257504,4.223160885885591e-06,10.736732427938419,108792,-0.007821422070264816,
pos,orig,16,16,⟨NEXT⟩,16.83000373840332,luš,0.00011140952119603753, Generic,6.212604057509452e-05, olaraq,5.9872600104426965e-05,té,5.915149085922167e-05,ementara,5.7249897508881986e-05,,,,,,,,,,,,,,,,,,,,,,,,,,,,,,,0.9996501904497563,False,False,False,False,False,False,False,0.00011140952119603753,0.0003498095611575991,4.81085226056166e-06,10.761233764310937,101198,-0.026318011805415154,
pos,orig,17,16,⟨NEXT⟩,16.775239944458008,luš,0.00014023327094037086, straightforward,8.100128616206348e-05,oč,7.963799725985155e-05,-minded,7.539986836491153e-05, oly,7.26148282410577e-05,,,,,,,,,,,,,,,,,,,,,,,,,,,,,,,0.9995511127490317,False,False,False,False,False,False,False,0.00014023327094037086,0.00044888726552017033,4.197592261334648e-06,10.726893644447859,104467,0.016774099320173264,
pos,orig,18,16,⟨NEXT⟩,16.760780334472656,luš,0.00015344007988460362,té,0.00012445691390894353, saja,0.00010251929779769853, straightforward,0.0001001167474896647,ว่า,9.752385085448623e-05,,,,,,,,,,,,,,,,,,,,,,,,,,,,,,,0.9994219431100646,False,False,False,False,False,False,False,0.00015344007988460362,0.0005780569044873118,7.644356628588866e-06,10.740484401449642,49603,0.016439273953437805,
pos,orig,19,16,⟨NEXT⟩,16.774606704711914,luš,0.00022749359777662903, simply,0.00016578129725530744, oly,0.00011485143477329984, saja,0.00010011527047026902, straightforward,9.863750892691314e-05,,,,,,,,,,,,,,,,,,,,,,,,,,,,,,,0.9992931208907976,False,False,False,False,False,False,False,0.00022749359777662903,0.0007068791310302913,5.55441101823817e-06,10.681631250393785,81910,0.04570668190717697,
pos,orig,20,16,⟨NEXT⟩,16.742416381835938,luš,0.0001694130914984271, simply,0.00011385582183720544, oly,0.00011116041423520073,-на,0.00010477463365532458, rather,0.00010377790022175759,,,,,,,,,,,,,,,,,,,,,,,,,,,,,,,0.9993970181385521,False,False,False,False,False,False,False,0.0001694130914984271,0.0006029818905517459,4.816880391445011e-06,10.843555667903534,90800,-0.02197985164821148,
pos,orig,21,16,⟨NEXT⟩,16.774658203125, simply,0.0002302979992236942,ว่า,0.00013728397607337683, saja,0.00012892561790067703,ỳ,0.00011648303916445002,lerle,9.791828779270872e-05,,,,,,,,,,,,,,,,,,,,,,,,,,,,,,,0.9992890910798451,False,False,False,False,False,False,False,0.0002302979992236942,0.0007109089056029916,6.334975751087768e-06,10.672984650639007,69133,0.055417224764823914,
pos,orig,22,16,⟨NEXT⟩,16.764379501342773, simply,0.00022351148072630167,ว่า,0.0001880201161839068,-на,0.00012674072058871388,asteel,0.00012235144095029682,ĵ,0.0001198679456138052,,,,,,,,,,,,,,,,,,,,,,,,,,,,,,,0.999219508295937,False,False,False,False,False,False,False,0.00022351148072630167,0.0007804916822351515,7.049512078083353e-06,10.753435382990215,57905,0.009926481172442436,
pos,orig,23,16,⟨NEXT⟩,16.76902198791504,-на,0.0001997815998038277,ว่า,0.00019081187201663852, simply,0.00017140357522293925,mehr,0.00014495724462904036, ',0.00013575211050920188,,,,,,,,,,,,,,,,,,,,,,,,,,,,,,,0.9991572935978184,False,False,False,False,False,False,False,0.0001997815998038277,0.000842706416733563,1.1363964404154103e-05,10.627824758244847,20025,0.07211562991142273,
pos,orig,24,16,⟨NEXT⟩,16.75802993774414,-на,0.0002450617612339556, simply,0.00021623870998155326,ว่า,0.00016150936426129192, «**,0.00015820546832401305,ĵ,0.00012576355948112905,,,,,,,,,,,,,,,,,,,,,,,,,,,,,,,0.9990932211367181,False,False,False,False,False,False,False,0.0002450617612339556,0.0009067788487300277,1.42103399412008e-05,10.563196429773017,10294,0.11057081818580627,
pos,orig,25,16,⟨NEXT⟩,16.747480392456055, «**,0.0003175684541929513, simply,0.0002477214438840747,-на,0.00021758383081760257,ว่า,0.0001417458988726139, saja,0.00013469744590111077,,,,,,,,,,,,,,,,,,,,,,,,,,,,,,,0.9989406829263316,False,False,False,False,False,False,False,0.0003175684541929513,0.0010593170300126076,2.367117122048512e-05,10.637406255689715,1830,0.06891033053398132,
pos,orig,26,16,⟨NEXT⟩,16.76917266845703, «**,0.00029765197541564703, simply,0.00020299837342463434,-на,0.00014652525715064257,keits,0.0001315424160566181,ว่า,0.00011191397061338648,,,,,,,,,,,,,,,,,,,,,,,,,,,,,,,0.9991093680073391,False,False,False,False,False,False,False,0.00029765197541564703,0.0008906320435926318,3.7424957554321736e-05,10.623624941910776,275,0.0672677680850029,
pos,orig,27,16,⟨NEXT⟩,16.77630043029785, «**,0.0003501731844153255,-на,0.00016345416952390224,keits,0.00013930407294537872, simply,0.00010509975982131436,mehr,9.77105155470781e-05,,,,,,,,,,,,,,,,,,,,,,,,,,,,,,,0.999144258297747,False,False,False,False,False,False,False,0.0003501731844153255,0.0008557417313568294,3.56472228304483e-05,10.718351610144804,295,0.01555333286523819,
pos,orig,28,16,⟨NEXT⟩,16.740650177001953, «**,0.0003835812967736274,-на,0.00035381660563871264, «,0.00018789547902997583,keits,0.00018259901844430715," """,0.0001651505590416491,,,,,,,,,,,,,,,,,,,,,,,,,,,,,,,0.9987269570410717,False,False,False,False,False,False,False,0.0003835812967736274,0.0012730429880321026,6.606463284697384e-05,10.575652101279106,45,0.09490085393190384,
pos,orig,29,16,⟨NEXT⟩,16.76040267944336, «**,0.00043983873911201954,-на,0.00021042523439973593,keits,0.00015641127538401634, «,0.00010521600779611617, saja,9.763398702489212e-05,,,,,,,,,,,,,,,,,,,,,,,,,,,,,,,0.9989904747562832,False,False,False,False,False,False,False,0.00043983873911201954,0.001009525265544653,6.683069659629837e-05,10.688322751373555,29,0.0371248722076416,
pos,orig,30,16,⟨NEXT⟩,16.742570877075195,-на,0.0003858819545712322, «**,0.00031337683321908116, Berlin,0.00016948569100350142, «,0.00013955406029708683,keits,0.00013854684948455542,,,,,,,,,,,,,,,,,,,,,,,,,,,,,,,0.9988531546114245,False,False,False,False,False,False,False,0.0003858819545712322,0.0011468452867120504,0.00016948569100350142,10.565010502774317,3,0.09912388771772385,
pos,orig,31,16,⟨NEXT⟩,16.79311180114746,-на,0.00040937724406830966, Berlin,0.00026363643701188266, «**,0.0001629145845072344,-minded,0.00013246403250377625,etta,0.00011789074778789654,,,,,,,,,,,,,,,,,,,,,,,,,,,,,,,0.9989137169541209,False,False,False,False,False,False,False,0.00040937724406830966,0.0010862830094993114,0.00026363643701188266,10.526914969746999,2,0.10641214996576309,
pos,orig,32,16,⟨NEXT⟩,16.788816452026367,-на,0.0003277306677773595, Berlin,0.000275501050055027, «**,0.00017153298540506512,-minded,0.00014108000323176384,Berlin,0.00011071170592913404,,,,,,,,,,,,,,,,,,,,,,,,,,,,,,,0.9989734435876017,False,False,False,False,False,False,False,0.0003277306677773595,0.0010265563614666462,0.000275501050055027,10.522810775766809,2,0.10988954454660416,
pos,orig,33,16,⟨NEXT⟩,16.773996353149414, Berlin,0.0004247833858244121,-на,0.0003077344154007733, «**,0.0002098433906212449,Berlin,0.00016546918777748942, «,0.00013354365364648402,,,,,,,,,,,,,,,,,,,,,,,,,,,,,,,0.9987586259667296,False,False,False,False,False,False,True,0.0004247833858244121,0.0012413740623742342,0.0004247833858244121,10.520177377416797,1,0.10738277435302734,
pos,orig,34,16,⟨NEXT⟩,16.761341094970703, Berlin,0.0006069177761673927,-на,0.00028676961665041745,Berlin,0.00019085606618318707,-minded,0.0001897445326903835, «,0.0001849452091846615,,,,,,,,,,,,,,,,,,,,,,,,,,,,,,,0.998540766799124,False,False,False,False,False,False,True,0.0006069177761673927,0.0014592331135645509,0.0006069177761673927,10.381604076310598,1,0.1788938343524933,
pos,orig,35,16,⟨NEXT⟩,16.73389434814453, Berlin,0.0023510227911174297,Berlin,0.0006282363901846111, ber,0.0005926997400820255,-Ber,0.0004677661054302007, Бер,0.0003687508578877896,,,,,,,,,,,,,,,,,,,,,,,,,,,,,,,0.9955915241152979,False,False,False,False,False,False,True,0.0023510227911174297,0.0044084759429097176,0.0023510227911174297,10.136345121359975,1,0.22495174407958984,
pos,orig,36,16,⟨NEXT⟩,16.699424743652344, Berlin,0.0026349781546741724,Berlin,0.0006825318560004234," """,0.000628882844466716, `,0.0004955240874551237,:,0.0004900266649201512,,,,,,,,,,,,,,,,,,,,,,,,,,,,,,,0.9950680563924834,False,False,False,False,False,False,True,0.0026349781546741724,0.004931943956762552,0.0026349781546741724,9.918805642144815,1,0.23624083399772644,
pos,orig,37,16,⟨NEXT⟩,16.5133113861084," """,0.0040452489629387856, Berlin,0.003233937546610832, “,0.0018408575560897589, ',0.0018050241051241755, `,0.0016710922354832292,,,,,,,,,,,,,,,,,,,,,,,,,,,,,,,0.9874038395937532,False,False,False,False,False,False,False,0.0040452489629387856,0.012596160173416138,0.003233937546610832,9.363947646694584,2,0.27554020285606384,
pos,orig,38,16,⟨NEXT⟩,15.869352340698242," """,0.02536039426922798, “,0.009357024915516376, ',0.008242703042924404, Berlin,0.005213631317019463,:,0.004547121934592724,,,,,,,,,,,,,,,,,,,,,,,,,,,,,,,0.947279124520719,False,False,False,False,False,False,False,0.02536039426922798,0.052720874547958374,0.005213631317019463,8.104692052938306,4,0.31277620792388916,
pos,orig,39,16,⟨NEXT⟩,16.004976272583008, Berlin,0.027102168649435043, ber,0.015129737555980682,Berlin,0.004054014105349779," """,0.003024264005944133, Бер,0.0024049554485827684,,,,,,,,,,,,,,,,,,,,,,,,,,,,,,,0.9482848602347076,False,False,False,False,False,False,True,0.027102168649435043,0.05171513929963112,0.027102168649435043,8.336060313144042,1,0.37256523966789246,
pos,orig,40,16,⟨NEXT⟩,3.180720090866089, Berlin,0.45546209812164307," """,0.21269574761390686, “,0.07918655127286911, ',0.036301713436841965,:,0.03526588901877403,,,,,,,,,,,,,,,,,,,,,,,,,,,,,,,0.18108800053596497,False,False,False,False,False,False,True,0.45546209812164307,0.8189120292663574,0.45546209812164307,0.0,1,1.0000014305114746,
pos,no_filler,0,15,⟨NEXT⟩,16.998641967773438,terbury,9.6537560239085e-06, study,9.344201316707768e-06, Dor,9.340844371763524e-06,âtre,9.312137990491465e-06, series,9.30631813389482e-06,,,,,,,,,,,,,,,,,,,,,,,,,,,,,,,0.9999530427421632,False,False,False,False,False,False,False,9.6537560239085e-06,4.695725874626078e-05,7.869423825468402e-06,9.802753125203798,29120,0.21639300882816315,
pos,no_filler,1,15,⟨NEXT⟩,16.967798233032227,随着时间的,4.125637860852294e-05,说实,3.36879093083553e-05,不管怎样,3.1263985874829814e-05,随着时间的推移,2.9709210139117204e-05,事实证明,2.6939167582895607e-05,,,,,,,,,,,,,,,,,,,,,,,,,,,,,,,0.9998371433484863,False,False,False,False,False,False,False,4.125637860852294e-05,0.00016285663878079504,5.239709025772754e-06,9.947237126054851,125819,-0.5574986934661865,
pos,no_filler,2,15,⟨NEXT⟩,16.935943603515625,随着时间的,5.556187534239143e-05,说实,5.049845276516862e-05,不管怎样,4.061741492478177e-05,Després,3.860131255351007e-05,著有,3.638078487711027e-05,,,,,,,,,,,,,,,,,,,,,,,,,,,,,,,0.999778340159537,False,False,False,False,False,False,False,5.556187534239143e-05,0.00022165983682498336,4.8012771003413945e-06,10.08519679306277,123420,-0.6819368600845337,
pos,no_filler,3,15,⟨NEXT⟩,16.77956771850586,说实,0.00020214794494677335,随着时间的,0.00017067696899175644,不管怎样,0.00014172281953506172,Després,0.00011482599074952304,从那以后,0.00010913795267697424,,,,,,,,,,,,,,,,,,,,,,,,,,,,,,,0.9992614883230999,False,False,False,False,False,False,False,0.00020214794494677335,0.0007385116769000888,3.525408374116523e-06,10.403992089869314,117753,-0.6824856996536255,
pos,no_filler,4,15,⟨NEXT⟩,16.840620040893555,说实,0.00011690190149238333,oł,0.00010282342555001378,不管怎样,8.35815881146118e-05,随着时间的,8.026355499168858e-05, hétérogènes,6.824547745054588e-05,,,,,,,,,,,,,,,,,,,,,,,,,,,,,,,0.9995481840524008,False,False,False,False,False,False,False,0.00011690190149238333,0.00045181598397903144,4.256482952769147e-06,10.267766007982091,113210,-0.6546136140823364,
pos,no_filler,5,15,⟨NEXT⟩,16.88766860961914,说实,7.996529893716797e-05,不管怎样,5.715881343348883e-05, hétérogènes,5.319484989740886e-05,渐渐地,4.952669405611232e-05,诚然,4.594671190716326e-05,,,,,,,,,,,,,,,,,,,,,,,,,,,,,,,0.9997142076317687,False,False,False,False,False,False,False,7.996529893716797e-05,0.00028579236823134124,4.743310455523897e-06,10.116646228530149,111932,-0.5865547060966492,
pos,no_filler,6,15,⟨NEXT⟩,16.898996353149414,说实,5.3122163080843166e-05,不管怎样,5.0976257625734434e-05,ələ,4.4237101974431425e-05, hétérogènes,4.412086127558723e-05,nač,4.1548340959707275e-05,,,,,,,,,,,,,,,,,,,,,,,,,,,,,,,0.9997659952750837,False,False,False,False,False,False,False,5.3122163080843166e-05,0.00023400472127832472,4.13914312957786e-06,10.096079167278766,121740,-0.5513208508491516,
pos,no_filler,7,15,⟨NEXT⟩,16.891794204711914,不管怎样,4.811531835002825e-05,说实,4.692913353210315e-05, Així,4.4282696762820706e-05, propi,4.258522312738933e-05, hétérogènes,4.183908458799124e-05,,,,,,,,,,,,,,,,,,,,,,,,,,,,,,,0.9997762485436397,False,False,False,False,False,False,False,4.811531835002825e-05,0.00022375145636033267,5.572563168243505e-06,10.01363756376117,96979,-0.380548894405365,
pos,no_filler,8,15,⟨NEXT⟩,16.89405059814453,说实,4.688250191975385e-05,ϊ,4.221345079713501e-05, hétérogènes,4.0678976802155375e-05, asem,3.955137435696088e-05,aries,3.894083420163952e-05,,,,,,,,,,,,,,,,,,,,,,,,,,,,,,,0.9997917328619224,False,False,False,False,False,False,False,4.688250191975385e-05,0.00020826714171562344,6.963946816540556e-06,9.952669026099702,67541,-0.2175075113773346,
pos,no_filler,9,15,⟨NEXT⟩,16.885498046875,说实,6.934237899258733e-05,不管怎样,5.567081461776979e-05,从那以后,5.4197051213122904e-05, Daarnaast,4.92778854095377e-05, hétérogènes,4.882058419752866e-05,,,,,,,,,,,,,,,,,,,,,,,,,,,,,,,0.9997226912855695,False,False,False,False,False,False,False,6.934237899258733e-05,0.0002773087180685252,6.307739113253774e-06,10.001989522783534,79879,-0.35946279764175415,
pos,no_filler,10,15,⟨NEXT⟩,16.837430953979492,说实,0.000107433064840734,从那以后,9.494364348938689e-05, Daarnaast,8.434232586296275e-05,不管怎样,7.831431867089123e-05, hétérogènes,6.673443567706272e-05,,,,,,,,,,,,,,,,,,,,,,,,,,,,,,,0.999568232211459,False,False,False,False,False,False,False,0.000107433064840734,0.00043176778126508,4.088015430170344e-06,10.18056736434163,114336,-0.5517107844352722,
pos,no_filler,11,15,⟨NEXT⟩,16.84714126586914,说实,0.00012536758731584996,从那以后,0.00010282359289703891, Daarnaast,8.595077088102698e-05,ždy,8.13791120890528e-05,老实说,6.30096037639305e-05,,,,,,,,,,,,,,,,,,,,,,,,,,,,,,,0.9995414693330531,False,False,False,False,False,False,False,0.00012536758731584996,0.00045853067422285676,6.150209173938492e-06,10.165734892600618,78313,-0.5547444224357605,
pos,no_filler,12,15,⟨NEXT⟩,16.83371353149414,说实,0.00010395640128990635,从那以后,8.18981570773758e-05,/Whats,7.091834413586184e-05,从此以后,6.919289444340393e-05,ždy,6.387520988937467e-05,,,,,,,,,,,,,,,,,,,,,,,,,,,,,,,0.9996101589931641,False,False,False,False,False,False,False,0.00010395640128990635,0.0003898410068359226,4.61653144157026e-06,10.132917163162977,105200,-0.4935370981693268,
pos,no_filler,13,15,⟨NEXT⟩,16.873767852783203, Daarna,6.260118243517354e-05,从那以后,5.998653432470746e-05,说实,5.901405165786855e-05,/Whats,5.507285095518455e-05, Daarnaast,5.4587144404649734e-05,,,,,,,,,,,,,,,,,,,,,,,,,,,,,,,0.9997087382362224,False,False,False,False,False,False,False,6.260118243517354e-05,0.00029126176377758384,7.072037988109514e-06,9.915456795967215,63963,-0.15073487162590027,
pos,no_filler,14,15,⟨NEXT⟩,16.815258026123047,/Whats,9.590851550456136e-05, Daarna,8.944022556534037e-05, «**,8.52242301334627e-05,从那以后,7.518849452026188e-05, cerem,7.126236596377566e-05,,,,,,,,,,,,,,,,,,,,,,,,,,,,,,,0.9995829761683126,False,False,False,False,False,False,False,9.590851550456136e-05,0.0004170238389633596,7.166126579249976e-06,10.015888472695663,58178,-0.23007050156593323,
pos,no_filler,15,15,⟨NEXT⟩,16.82982063293457, «**,0.0001115112827392295,在这一点上,8.424471161561087e-05,从此以后,7.435794395860285e-05, Daarna,7.236894452944398e-05,从那以后,7.072468724800274e-05,,,,,,,,,,,,,,,,,,,,,,,,,,,,,,,0.9995867924299091,False,False,False,False,False,False,False,0.0001115112827392295,0.00041320757009088993,7.049275609460892e-06,9.928438734384942,60992,-0.031621694564819336,
pos,no_filler,16,15,⟨NEXT⟩,16.84222984313965, «**,0.00010825073695741594,从那以后,0.00010455276060383767, nuov,8.90786832314916e-05, zet,8.379290375160053e-05,从此以后,8.058077219175175e-05,,,,,,,,,,,,,,,,,,,,,,,,,,,,,,,0.9995337441432639,False,False,False,False,False,False,False,0.00010825073695741594,0.0004662558203563094,8.09523589850869e-06,9.98164328725586,46388,-0.17482084035873413,
pos,no_filler,17,15,⟨NEXT⟩,16.768917083740234,从那以后,0.0002328053960809484, «**,0.0001543261023471132, zet,0.00010719994315877557, Daarna,0.000100090735941194,从此以后,9.586617670720443e-05,,,,,,,,,,,,,,,,,,,,,,,,,,,,,,,0.9993097116457648,False,False,False,False,False,False,False,0.0002328053960809484,0.0006902883760631084,8.967004760052077e-06,10.003121856556815,36213,-0.16585253179073334,
pos,no_filler,18,15,⟨NEXT⟩,16.741666793823242,从那以后,0.0001657454704400152, «**,0.00016202966799028218, ofic,0.0001515562180429697,čk,0.00011584746971493587, Daarna,0.00011364351666998118,,,,,,,,,,,,,,,,,,,,,,,,,,,,,,,0.9992911776571418,False,False,False,False,False,False,False,0.0001657454704400152,0.0007088222773745656,1.0360848136770073e-05,10.045314016327687,26018,-0.24719834327697754,
pos,no_filler,19,15,⟨NEXT⟩,16.73933219909668, «**,0.00015646740212105215,čk,0.00015570363029837608, cerem,0.00012235960457473993, oly,0.00012088185758329928,从那以后,0.00011476177314762026,,,,,,,,,,,,,,,,,,,,,,,,,,,,,,,0.9993298257322749,False,False,False,False,False,False,False,0.00015646740212105215,0.0006701742531731725,6.808137641201029e-06,10.074935620181693,58843,-0.3091737627983093,
pos,no_filler,20,15,⟨NEXT⟩,16.669811248779297, «**,0.00027983213658444583,从那以后,0.00020473312179092318,čk,0.00017619904247112572, cerem,0.0001618849637452513, nuov,0.00015777585213072598,,,,,,,,,,,,,,,,,,,,,,,,,,,,,,,0.9990195748832775,False,False,False,False,False,False,False,0.00027983213658444583,0.0009804250439628959,8.046251423365902e-06,10.339963636883695,42369,-0.5333927273750305,
pos,no_filler,21,15,⟨NEXT⟩,16.69301986694336, «**,0.00024732761085033417,从那以后,0.00017883043619804084,mér,0.00017194016254507005, nuov,0.0001667465694481507, cerem,0.00015755827189423144,,,,,,,,,,,,,,,,,,,,,,,,,,,,,,,0.9990775969490642,False,False,False,False,False,False,False,0.00024732761085033417,0.0009224030654877424,7.781594831612892e-06,10.26721566349933,45411,-0.5349736213684082,
pos,no_filler,22,15,⟨NEXT⟩,16.66461181640625, «**,0.0003129129472654313,从那以后,0.00021700111392419785,iedy,0.00020523504645098, nuov,0.00019202461407985538,asteel,0.00018533927504904568,,,,,,,,,,,,,,,,,,,,,,,,,,,,,,,0.9988874870032305,False,False,False,False,False,False,False,0.0003129129472654313,0.0011125130113214254,6.552145350724459e-06,10.378975493474812,59130,-0.5910667181015015,
pos,no_filler,23,15,⟨NEXT⟩,16.686264038085938, «**,0.0003692581958603114, ofic,0.00020697640138678253,öbb,0.00017651297093834728,从那以后,0.00016884990327525884,lerden,0.00016346167831216007,,,,,,,,,,,,,,,,,,,,,,,,,,,,,,,0.9989149408502271,False,False,False,False,False,False,False,0.0003692581958603114,0.0010850592516362667,1.1326848834869452e-05,10.278556199497224,21287,-0.5643140077590942,
pos,no_filler,24,15,⟨NEXT⟩,16.679906845092773, «**,0.0006212962907738984, ofic,0.00022342022566590458,öbb,0.00018925435142591596, cerem,0.00016074020822998136,iedy,0.00014148626360110939,,,,,,,,,,,,,,,,,,,,,,,,,,,,,,,0.9986638026603032,False,False,False,False,False,False,False,0.0006212962907738984,0.00133619736880064,1.3889201909478288e-05,10.206095093174499,12929,-0.514597475528717,
pos,no_filler,25,15,⟨NEXT⟩,16.671926498413086, «**,0.0007112500024959445, ofic,0.0002806204720400274,öbb,0.00016961462097242475, cerem,0.00016047120152506977, bá,0.00015933193208184093,,,,,,,,,,,,,,,,,,,,,,,,,,,,,,,0.9985187117708847,False,False,False,False,False,False,False,0.0007112500024959445,0.0014812882291153073,2.9259763323352672e-05,10.208555820943044,1438,-0.5118536949157715,
pos,no_filler,26,15,⟨NEXT⟩,16.72852325439453, «**,0.0005321116768755019, ofic,0.0002060156548395753, bá,0.00011667316721286625, Ró,0.00011609379725996405, quê,0.00011417816858738661,,,,,,,,,,,,,,,,,,,,,,,,,,,,,,,0.9989149275352247,False,False,False,False,False,False,False,0.0005321116768755019,0.001085072522982955,5.555343159358017e-05,10.110212013596069,89,-0.4952135682106018,
pos,no_filler,27,15,⟨NEXT⟩,16.689054489135742, «**,0.0007380786701105535, ofic,0.00018930714577436447,öbb,0.00014999740233179182, nuov,0.00014781724894419312, bá,0.00013264513108879328,,,,,,,,,,,,,,,,,,,,,,,,,,,,,,,0.9986421544017503,False,False,False,False,False,False,False,0.0007380786701105535,0.0013578454963862896,4.762781463796273e-05,10.368024326198471,237,-0.6411955952644348,
pos,no_filler,28,15,⟨NEXT⟩,16.704927444458008, «**,0.0006387809989973903,şağı,0.00019335697288624942,/Whats,0.0001470665301894769, ofic,0.00014172248484101146, gì,0.0001381659385515377,,,,,,,,,,,,,,,,,,,,,,,,,,,,,,,0.9987409070745343,False,False,False,False,False,False,False,0.0006387809989973903,0.001259092940017581,0.00010146475688088685,10.139122297206107,13,-0.4938053488731384,
pos,no_filler,29,15,⟨NEXT⟩,16.699064254760742, «**,0.0008184219477698207, ofic,0.0001627070305403322,öbb,0.00014455517521128058,/Whats,0.00013283957378007472,mér,0.0001327966310782358,,,,,,,,,,,,,,,,,,,,,,,,,,,,,,,0.9986086796416203,False,False,False,False,False,False,False,0.0008184219477698207,0.0013913203729316592,0.00010452293645357713,10.267559628801056,13,-0.5913857221603394,
pos,no_filler,30,15,⟨NEXT⟩,16.72157096862793, «**,0.0005603351164609194, Berlin,0.0002896105288527906, gì,0.00018649225239641964,şağı,0.0001710799551801756, capitale,0.00016520521603524685,,,,,,,,,,,,,,,,,,,,,,,,,,,,,,,0.9986272769310744,False,False,False,False,False,False,False,0.0005603351164609194,0.0013727231416851282,0.0002896105288527906,10.021248827957756,2,-0.4157394766807556,
pos,no_filler,31,15,⟨NEXT⟩,16.777198791503906, Berlin,0.00044145798892714083, «**,0.00032973664929158986,Berlin,0.00016932233120314777,柏,0.00015102268662303686, capitale,0.0001412762067047879,,,,,,,,,,,,,,,,,,,,,,,,,,,,,,,0.9987671841372503,False,False,False,False,False,False,True,0.00044145798892714083,0.001232815906405449,0.00044145798892714083,9.944899537864323,1,-0.3977064788341522,
pos,no_filler,32,15,⟨NEXT⟩,16.78252601623535, Berlin,0.0004584146081469953, «**,0.0003018393472302705,Berlin,0.00016588128346484154, gì,0.00013341341400519013,şağı,0.00013314878742676228,,,,,,,,,,,,,,,,,,,,,,,,,,,,,,,0.9988073025597259,False,False,False,False,False,False,True,0.0004584146081469953,0.001192697323858738,0.0004584146081469953,9.872738369284702,1,-0.2937825918197632,
pos,no_filler,33,15,⟨NEXT⟩,16.769485473632812, Berlin,0.0007469449774362147, «**,0.0002816106134559959,Berlin,0.0002538617409300059,柏,0.00015731214080005884, gì,0.00013759643479716033,,,,,,,,,,,,,,,,,,,,,,,,,,,,,,,0.9984226740925806,False,False,False,False,False,False,True,0.0007469449774362147,0.0015773259801790118,0.0007469449774362147,9.827790359516406,1,-0.17311547696590424,
pos,no_filler,34,15,⟨NEXT⟩,16.76323127746582, Berlin,0.0009757582447491586, «**,0.0003028840874321759,Berlin,0.0002749148989096284, Bonn,0.00013654021313413978,-Ber,0.00013355966075323522,,,,,,,,,,,,,,,,,,,,,,,,,,,,,,,0.9981763428950217,False,False,False,False,False,False,True,0.0009757582447491586,0.0018236569594591856,0.0009757582447491586,9.653654485864795,1,0.19176268577575684,
pos,no_filler,35,15,⟨NEXT⟩,16.64033317565918, Berlin,0.006517163943499327, ber,0.002173769287765026,Berlin,0.0016072697471827269,-Ber,0.0015344019047915936,BER,0.000957813928835094,,,,,,,,,,,,,,,,,,,,,,,,,,,,,,,0.9872095811879262,False,False,False,False,False,False,True,0.006517163943499327,0.012790419161319733,0.006517163943499327,9.257447046182488,1,0.5954222679138184,
pos,no_filler,36,15,⟨NEXT⟩,16.667877197265625, Berlin,0.005357090383768082,Berlin,0.0013738347915932536,-Ber,0.0005237931036390364,:,0.0004536818596534431, Бер,0.0004378003068268299,,,,,,,,,,,,,,,,,,,,,,,,,,,,,,,0.9918537995545194,False,False,False,False,False,False,True,0.005357090383768082,0.008146200329065323,0.005357090383768082,9.082961703784322,1,0.7613733410835266,
pos,no_filler,37,15,⟨NEXT⟩,16.49830436706543, Berlin,0.006430555135011673,Berlin,0.0015226269606500864,:,0.0014425356639549136,?,0.0011111346539109945, what,0.0009746791911311448,,,,,,,,,,,,,,,,,,,,,,,,,,,,,,,0.9885184683953412,False,False,False,False,False,False,True,0.006430555135011673,0.011481531895697117,0.006430555135011673,8.540906784794922,1,0.8446184992790222,
pos,no_filler,38,15,⟨NEXT⟩,15.827451705932617, _,0.03311803564429283, Berlin,0.00877473596483469,:,0.0049086385406553745," """,0.002830029930919409,?,0.002190367551520467,,,,,,,,,,,,,,,,,,,,,,,,,,,,,,,0.9481781923677772,False,False,False,False,False,False,False,0.03311803564429283,0.05182180553674698,0.00877473596483469,7.30180824565037,2,0.9003145694732666,
pos,no_filler,39,15,⟨NEXT⟩,16.200403213500977, Berlin,0.02626841329038143, ber,0.006974902935326099,Berlin,0.004723446909338236, Бер,0.0023761698976159096,-Ber,0.0019445421639829874,,,,,,,,,,,,,,,,,,,,,,,,,,,,,,,0.9577125248033553,False,False,False,False,False,False,True,0.02626841329038143,0.04228747636079788,0.02626841329038143,7.979362103879145,1,0.8732147216796875,
pos,no_filler,40,15,⟨NEXT⟩,3.7762842178344727, Berlin,0.5480958819389343, _,0.06117924675345421,:,0.033835820853710175," """,0.02413768693804741, what,0.022849613800644875,,,,,,,,,,,,,,,,,,,,,,,,,,,,,,,0.309901749715209,False,False,False,False,False,False,True,0.5480958819389343,0.690098226070404,0.5480958819389343,0.0,1,1.000000238418579,
ctl,orig,0,16,⟨NEXT⟩,16.998506546020508, Forbes,9.551221410220023e-06, institutes,9.321828656538855e-06, shades,9.25367021409329e-06,ulle,9.246104127669241e-06,ej,9.245974069926888e-06,,,,,,,,,,,,,,,,,,,,,,,,,,,,,,,0.9999533812015216,False,False,False,False,False,False,False,9.551221410220023e-06,4.6618799387943e-05,7.271568847500021e-06,10.482528311351118,112468,-0.2804044783115387,-6.91954937792616e-07
ctl,orig,1,16,⟨NEXT⟩,16.97435188293457,随着时间的,3.6260869819670916e-05,此之前,2.8665659556281753e-05,随着时间的推移,2.7854186555487104e-05,说实,2.5523770091240294e-05,我敢,2.167950151488185e-05,,,,,,,,,,,,,,,,,,,,,,,,,,,,,,,0.9998600160124624,False,False,False,False,False,False,False,3.6260869819670916e-05,0.0001399839820805937,7.193913461378543e-06,10.56062563310792,76737,0.16507691144943237,7.622338671353646e-07
ctl,orig,2,16,⟨NEXT⟩,16.94379425048828,随着时间的,6.312991899903864e-05,说实,4.719486241810955e-05,此之前,4.423723294166848e-05,随着时间的推移,4.201052070129663e-05, quelcon,3.951907638111152e-05,,,,,,,,,,,,,,,,,,,,,,,,,,,,,,,0.9997639083885588,False,False,False,False,False,False,False,6.312991899903864e-05,0.00023609159688930959,5.475477792060701e-06,10.69111643755417,114047,0.3762204647064209,-6.472982931882143e-07
ctl,orig,3,16,⟨NEXT⟩,16.808029174804688,随着时间的,0.00017226857016794384,说实,0.00016336975386366248, quelcon,0.00013285491149872541,šlo,0.00010569067671895027,oł,0.0001004390578600578,,,,,,,,,,,,,,,,,,,,,,,,,,,,,,,0.9993253770298907,False,False,False,False,False,False,False,0.00017226857016794384,0.000674622948281467,4.938865004078252e-06,10.960016127692397,96020,0.37396690249443054,6.803129508625716e-07
ctl,orig,4,16,⟨NEXT⟩,16.866315841674805,oł,8.108430483844131e-05, quelcon,7.960727089084685e-05,说实,7.434849976561964e-05,随着时间的,6.466448394348845e-05,此之前,6.377278623403981e-05,,,,,,,,,,,,,,,,,,,,,,,,,,,,,,,0.9996365226543276,False,False,False,False,False,False,False,8.108430483844131e-05,0.0003634773602243513,5.9684512052626815e-06,10.817053829336178,84140,0.3524731993675232,9.034533832164016e-07
ctl,orig,5,16,⟨NEXT⟩,16.90203094482422,народ,6.600477354368195e-05, quelcon,5.8166948292637244e-05,说实,5.3175350331002846e-05,큼,4.8949157644528896e-05,渐渐地,4.7320048906840384e-05,,,,,,,,,,,,,,,,,,,,,,,,,,,,,,,0.9997263837212813,False,False,False,False,False,False,False,6.600477354368195e-05,0.00027361628599464893,7.74438649386866e-06,10.734412725943582,52880,0.34131741523742676,1.47990476762061e-06
ctl,orig,6,16,⟨NEXT⟩,16.90900993347168,народ,5.7567191106500104e-05,-на,4.46958547399845e-05, quelcon,4.2787884012795985e-05,说实,3.918132642866112e-05,cius,3.9161757740657777e-05,,,,,,,,,,,,,,,,,,,,,,,,,,,,,,,0.9997766059859714,False,False,False,False,False,False,False,5.7567191106500104e-05,0.0002233940176665783,8.719480319996364e-06,10.704371484421468,37232,0.32714760303497314,3.4751437851809897e-06
ctl,orig,7,16,⟨NEXT⟩,16.89767074584961,народ,6.22060033492744e-05,中略,5.6863533245632425e-05,cius,5.263627099338919e-05,说实,5.0938528147526085e-05, quelcon,4.8490041081095114e-05,,,,,,,,,,,,,,,,,,,,,,,,,,,,,,,0.9997288656231831,False,False,False,False,False,False,False,6.22060033492744e-05,0.0002711343695409596,1.0335033948649652e-05,10.70826654749821,20198,0.3119331896305084,4.260841251380043e-06
ctl,orig,8,16,⟨NEXT⟩,16.895536422729492, quelcon,5.5307751608779654e-05, simply,5.139747736393474e-05,从那以后,4.2186926293652505e-05,-на,4.169080057181418e-05,народ,4.129255466978066e-05,,,,,,,,,,,,,,,,,,,,,,,,,,,,,,,0.999768124489492,False,False,False,False,False,False,False,5.5307751608779654e-05,0.00023187551414594054,1.3420374671113677e-05,10.66224949357215,6052,0.2547938823699951,8.3528648247011e-06
ctl,orig,9,16,⟨NEXT⟩,16.886384963989258, simply,6.145690713310614e-05,əh,5.112454164191149e-05,说实,4.8276000597979873e-05,从那以后,4.823018025490455e-05, hétérogènes,4.606071161106229e-05,,,,,,,,,,,,,,,,,,,,,,,,,,,,,,,0.999744851658761,False,False,False,False,False,False,False,6.145690713310614e-05,0.00025514833396300673,1.31533752210089e-05,10.684100233329572,7346,0.31219685077667236,8.070835065154824e-06
ctl,orig,10,16,⟨NEXT⟩,16.836505889892578, hétérogènes,8.358904597116634e-05,从那以后,7.545439439127222e-05,说实,7.276394171640277e-05,ugliel,6.378014222718775e-05, Daarnaast,6.301500252448022e-05,,,,,,,,,,,,,,,,,,,,,,,,,,,,,,,0.9996413974731695,False,False,False,False,False,False,False,8.358904597116634e-05,0.0003586025268305093,1.1042979167541489e-05,10.858389515505753,19069,0.3817112147808075,6.243301413633162e-06
ctl,orig,11,16,⟨NEXT⟩,16.845144271850586,从那以后,9.404336014995351e-05, simply,8.549153426429257e-05,luš,8.224573684856296e-05,说实,6.940725143067539e-05, feit,6.681271770503372e-05,,,,,,,,,,,,,,,,,,,,,,,,,,,,,,,0.9996019993996015,False,False,False,False,False,False,False,9.404336014995351e-05,0.0003980006149504334,1.0890445082623046e-05,10.837115949524627,19408,0.3442957401275635,3.763128461287124e-06
ctl,orig,12,16,⟨NEXT⟩,16.842294692993164, simply,0.00016503778169862926, просто,7.084765093168244e-05, semplicemente,6.785249570384622e-05,-на,6.704384577460587e-05, simplement,6.334500358207151e-05,,,,,,,,,,,,,,,,,,,,,,,,,,,,,,,0.9995658732223092,False,False,False,False,False,False,False,0.00016503778169862926,0.0004341267922427505,9.066619895747863e-06,10.718817339163342,34135,0.24150851368904114,4.2414458221173845e-06
ctl,orig,13,16,⟨NEXT⟩,16.871734619140625, simply,9.414863598067313e-05,meer,5.60959852009546e-05, просто,5.4014930356061086e-05, einfach,5.209925438975915e-05,ôt,5.077270543552004e-05,,,,,,,,,,,,,,,,,,,,,,,,,,,,,,,0.999692868488637,False,False,False,False,False,False,False,9.414863598067313e-05,0.00030713152955286205,1.1094944056821987e-05,10.612060140536158,16658,0.20146086812019348,5.296179097058484e-06
ctl,orig,14,16,⟨NEXT⟩,16.815908432006836,стен,8.717484888620675e-05,-т,7.596061914227903e-05," """,7.32198532205075e-05,luš,6.813682557549328e-05,-на,6.716078496538103e-05,,,,,,,,,,,,,,,,,,,,,,,,,,,,,,,0.9996283470682101,False,False,False,False,False,False,False,8.717484888620675e-05,0.0003716529463417828,7.894082955317572e-06,10.593713719272717,48025,0.15637288987636566,2.490133738319855e-06
ctl,orig,15,16,⟨NEXT⟩,16.817447662353516,luš,9.014831448439509e-05, «**,7.663192809559405e-05, Generic,7.025032391538844e-05,zza,6.50546935503371e-05,əh,6.489712541224435e-05,,,,,,,,,,,,,,,,,,,,,,,,,,,,,,,0.999633017614542,False,False,False,False,False,False,False,9.014831448439509e-05,0.00036698239273391664,6.645905614277581e-06,10.683966086861899,67373,0.2388814091682434,2.4442324502160773e-06
ctl,orig,16,16,⟨NEXT⟩,16.826719284057617,luš,0.00010814613051479682,ementara,6.351145566441119e-05,ždy,6.227822450455278e-05, Generic,6.0374601162038743e-05,그런,6.0229856899240986e-05,,,,,,,,,,,,,,,,,,,,,,,,,,,,,,,0.999645459731255,False,False,False,False,False,False,False,0.00010814613051479682,0.0003545403014868498,5.830441750731552e-06,10.741463326698353,82336,0.2819133698940277,1.1391866792109795e-06
ctl,orig,17,16,⟨NEXT⟩,16.776098251342773,luš,0.00012868409976363182,oč,8.858180808601901e-05, straightforward,8.101300045382231e-05,-minded,8.098157559288666e-05,ệ,7.476808241335675e-05,,,,,,,,,,,,,,,,,,,,,,,,,,,,,,,0.9995459714336903,False,False,False,False,False,False,False,0.00012868409976363182,0.0004540286026895046,1.043633801600663e-05,10.69556115718307,25137,0.17398688197135925,6.187789949763101e-06
ctl,orig,18,16,⟨NEXT⟩,16.76149559020996,luš,0.00013989710714668036,té,0.0001284941827179864, straightforward,9.736716310726479e-05, saja,9.403132571605965e-05,ว่า,9.084655903279781e-05,,,,,,,,,,,,,,,,,,,,,,,,,,,,,,,0.9994493636622792,False,False,False,False,False,False,False,0.00013989710714668036,0.0005506363231688738,8.937706297729164e-06,10.714475121194358,36136,0.19253748655319214,1.512728886154946e-06
ctl,orig,19,16,⟨NEXT⟩,16.778779983520508,luš,0.00019109311688225716, simply,0.00016142410458996892, rather,0.00011500329128466547, plain,0.0001013892688206397, straightforward,9.946004138328135e-05,,,,,,,,,,,,,,,,,,,,,,,,,,,,,,,0.9993316301770392,False,False,False,False,False,False,False,0.00019109311688225716,0.000668369815684855,5.525437700271141e-06,10.641554477228526,82719,0.15752765536308289,8.412962415604852e-08
ctl,orig,20,16,⟨NEXT⟩,16.753053665161133,luš,0.0001401739864377305, rather,0.00011855045158881694, simply,0.00010469229164300486,ว่า,0.0001016918831737712,-на,9.533249249216169e-05,,,,,,,,,,,,,,,,,,,,,,,,,,,,,,,0.9994395588946645,False,False,False,False,False,False,False,0.0001401739864377305,0.0005604411126114428,6.7624773691932205e-06,10.780066552511018,61186,0.2521136999130249,2.057376605080208e-06
ctl,orig,21,16,⟨NEXT⟩,16.786022186279297, simply,0.00019688649626914412,ว่า,0.00012397023965604603, saja,0.00010546648263698444,ỳ,9.823282016441226e-05, name,9.058741852641106e-05,,,,,,,,,,,,,,,,,,,,,,,,,,,,,,,0.999384856542747,False,False,False,False,False,False,False,0.00019688649626914412,0.0006151434499770403,2.034454701060895e-05,10.598071071714978,2575,0.19948029518127441,1.4155559256323613e-05
ctl,orig,22,16,⟨NEXT⟩,16.777589797973633, simply,0.0002145215548807755,ว่า,0.00018026033649221063,-на,0.00011129937774967402,ĵ,0.00010359457519371063, «**,9.611473069526255e-05,,,,,,,,,,,,,,,,,,,,,,,,,,,,,,,0.9992942094249884,False,False,False,False,False,False,False,0.0002145215548807755,0.0007057905895635486,1.463086391595425e-05,10.662746867398445,8975,0.22852347791194916,7.519738574046642e-06
ctl,orig,23,16,⟨NEXT⟩,16.775753021240234,ว่า,0.00019258933025412261,-на,0.00015070887457113713, ',0.00014987414760980755, simply,0.0001463694788981229,mehr,0.00012000754213659093,,,,,,,,,,,,,,,,,,,,,,,,,,,,,,,0.9992404506265302,False,False,False,False,False,False,False,0.00019258933025412261,0.0007595493225380778,2.483280695741996e-05,10.575386560066173,1217,0.20555901527404785,1.4608919627789874e-05
ctl,orig,24,16,⟨NEXT⟩,16.76471519470215, simply,0.00021664997620973736,ว่า,0.00017433916218578815,-на,0.00017384288366883993,keits,0.00013818421575706452,ĵ,0.00012477568816393614,,,,,,,,,,,,,,,,,,,,,,,,,,,,,,,0.9991722080740146,False,False,False,False,False,False,False,0.00021664997620973736,0.0008277919259853661,4.027161412523128e-05,10.51425979836591,183,0.10841277241706848,2.6625471036823e-05
ctl,orig,25,16,⟨NEXT⟩,16.753713607788086, «**,0.0002441825345158577, simply,0.00023065971618052572,ว่า,0.00015266715490724891,-на,0.00013172003673389554, saja,0.00012894034443888813,,,,,,,,,,,,,,,,,,,,,,,,,,,,,,,0.9991118302132236,False,False,False,False,False,False,False,0.0002441825345158577,0.0008881698013283312,8.559863636037335e-05,10.614383970114616,17,0.20470675826072693,6.521969953610096e-05
ctl,orig,26,16,⟨NEXT⟩,16.771621704101562, «**,0.0002275070728501305, simply,0.00018160401668865234,keits,0.00015016860561445355,ว่า,0.0001278876152355224, Při,0.00011126697791041806,,,,,,,,,,,,,,,,,,,,,,,,,,,,,,,0.9992015657117008,False,False,False,False,False,False,False,0.0002275070728501305,0.0007984342519193888,7.687892502872273e-05,10.629902308667269,18,0.2749098241329193,5.1996446927660145e-05
ctl,orig,27,16,⟨NEXT⟩,16.77923011779785, «**,0.00025591475423425436,keits,0.00017016715719364583, Při,0.00011264633940299973,-на,0.00010597374057397246, saja,0.00010009666584664956,,,,,,,,,,,,,,,,,,,,,,,,,,,,,,,0.9992552013427485,False,False,False,False,False,False,False,0.00025591475423425436,0.0007447986281476915,6.60977020743303e-05,10.708475678401658,23,0.3352522552013397,4.528438876150176e-05
ctl,orig,28,16,⟨NEXT⟩,16.742788314819336, «**,0.00028515097801573575,keits,0.0002149717038264498,-на,0.00020735706493724138, Paris,0.00018626733799465, ',0.00016728785703890026,,,,,,,,,,,,,,,,,,,,,,,,,,,,,,,0.998938965058187,False,False,False,False,False,False,False,0.00028515097801573575,0.0010610349709168077,0.00018626733799465,10.585756425982597,4,0.28079652786254883,0.00015561177860945463
ctl,orig,29,16,⟨NEXT⟩,16.75824546813965, «**,0.00031884032068774104,keits,0.0001931789593072608,-на,0.0001315534027526155, Paris,0.000128095387481153,hangi,0.00011040802928619087,,,,,,,,,,,,,,,,,,,,,,,,,,,,,,,0.999117923900485,False,False,False,False,False,False,False,0.00031884032068774104,0.0008820760995149612,0.000128095387481153,10.7139454146297,4,0.3403500020503998,9.91994184005307e-05
ctl,orig,30,16,⟨NEXT⟩,16.73956298828125, Paris,0.00034461208269931376,-на,0.00022432208061218262, «**,0.0002137628907803446,keits,0.00019732282089535147,Paris,0.00014895421918481588,,,,,,,,,,,,,,,,,,,,,,,,,,,,,,,0.998871025905828,False,False,False,False,False,False,True,0.00034461208269931376,0.0011289740214124322,0.00034461208269931376,10.61056526733486,1,0.28670215606689453,0.00028857676807092503
ctl,orig,31,16,⟨NEXT⟩,16.789045333862305, Paris,0.0004212639178149402,-на,0.00023377308389171958,Paris,0.0001929823774844408,keits,0.00011597586126299575, «**,0.00011226787319174036,,,,,,,,,,,,,,,,,,,,,,,,,,,,,,,0.9989237368863542,False,False,False,False,False,False,True,0.0004212639178149402,0.0010762631427496672,0.0004212639178149402,10.576678493739454,1,0.31342437863349915,0.0003687819516926538
ctl,orig,32,16,⟨NEXT⟩,16.786142349243164, Paris,0.00044233346125110984,-на,0.00024076824774965644,Paris,0.0001974838087335229, «**,0.00013726930774282664,keits,0.00011444889969425276,,,,,,,,,,,,,,,,,,,,,,,,,,,,,,,0.9988676962748286,False,False,False,False,False,False,True,0.00044233346125110984,0.0011323036160320044,0.00044233346125110984,10.566953906729069,1,0.30472880601882935,0.0003854889437207021
ctl,orig,33,16,⟨NEXT⟩,16.741376876831055, Paris,0.0024924748577177525,Paris,0.0010972857708111405,巴黎,0.00045969319762662053, paris,0.0004237233370076865, París,0.00034624719410203397,,,,,,,,,,,,,,,,,,,,,,,,,,,,,,,0.9951805756427348,False,False,False,False,False,False,True,0.0024924748577177525,0.004819424357265234,0.0024924748577177525,10.470037555384254,1,0.2694387435913086,0.002389378540101461
ctl,orig,34,16,⟨NEXT⟩,16.7104549407959, Paris,0.003875872353091836,Paris,0.0015381702687591314, paris,0.0005694936262443662,巴黎,0.0004884825320914388, PAR,0.00044644938316196203,,,,,,,,,,,,,,,,,,,,,,,,,,,,,,,0.9930815318366513,False,False,False,False,False,False,True,0.003875872353091836,0.006918467581272125,0.003875872353091836,10.306577676767603,1,0.14171722531318665,0.003763498090847861
ctl,orig,35,16,⟨NEXT⟩,16.673416137695312, Paris,0.00634051114320755,Paris,0.002008624142035842, PAR,0.0009739469387568533, paris,0.0007284616003744304, Par,0.0005252767587080598,,,,,,,,,,,,,,,,,,,,,,,,,,,,,,,0.9894231794169173,False,False,False,False,False,False,True,0.00634051114320755,0.010576820932328701,0.00634051114320755,10.06484505409027,1,-0.16823725402355194,0.006185088044730946
ctl,orig,36,16,⟨NEXT⟩,16.65035629272461, Paris,0.005343371070921421,Paris,0.0018809068715199828, PAR,0.001152407843619585, paris,0.000697994779329747," """,0.0006918361177667975,,,,,,,,,,,,,,,,,,,,,,,,,,,,,,,0.9902334833168425,False,False,False,False,False,False,True,0.005343371070921421,0.009766517207026482,0.005343371070921421,9.876225489513597,1,-0.3415257930755615,0.005207591078942642
ctl,orig,37,16,⟨NEXT⟩,16.466129302978516, Paris,0.008080510422587395," """,0.003674593521282077, PAR,0.0023686413187533617,Paris,0.001953365281224251, `,0.0013231501216068864,,,,,,,,,,,,,,,,,,,,,,,,,,,,,,,0.982599739334546,False,False,False,False,False,False,True,0.008080510422587395,0.017400261014699936,0.008080510422587395,9.361117500191986,1,-0.3691057860851288,0.007942769138026051
ctl,orig,38,16,⟨NEXT⟩,15.895244598388672," """,0.022819261997938156, Paris,0.01669558882713318, ',0.006670378148555756, “,0.006329221185296774, PAR,0.0034555832389742136,,,,,,,,,,,,,,,,,,,,,,,,,,,,,,,0.9440299666021019,False,False,False,False,False,False,False,0.022819261997938156,0.05597003176808357,0.01669558882713318,8.244025517361319,2,-0.3688201904296875,0.016532229230506346
ctl,orig,39,16,⟨NEXT⟩,15.9389009475708, Paris,0.03783499076962471," """,0.005813150200992823, paris,0.004151322413235903, PAR,0.0037119369953870773,Paris,0.002769915387034416,,,,,,,,,,,,,,,,,,,,,,,,,,,,,,,0.9457186842337251,False,False,False,False,False,False,True,0.03783499076962471,0.054281316697597504,0.03783499076962471,8.18270200750847,1,-0.2932739853858948,0.037568984291283414
ctl,orig,40,16,⟨NEXT⟩,2.94885516166687, Paris,0.4680079519748688," """,0.22302287817001343, “,0.08590200543403625, ',0.03844751417636871,:,0.025064364075660706,,,,,,,,,,,,,,,,,,,,,,,,,,,,,,,0.15955528616905212,False,False,False,False,False,False,True,0.4680079519748688,0.8404446840286255,0.4680079519748688,0.0,1,1.0000033378601074,0.4679627253462968
