prompt_id,prompt_variant,layer,p_top1_raw,top1_token_id_raw,top1_token_str_raw,p_answer_raw,answer_rank_raw,p_top1_norm,top1_token_id_norm,top1_token_str_norm,p_answer_norm,answer_rank_norm,kl_norm_vs_raw_bits,kl_raw_to_norm_bits,js_divergence,entropy_bits_norm,entropy_bits_raw,entropy_gap_bits,l1_prob_diff,topk_jaccard_raw_norm@50,topk_jaccard_consecutive@50,norm_only_semantics
pos,orig,0,1.0,6574, simply,0.0,22,0.9999992847442627,6574, simply,0.0,1468,1.0364568464488179e-05,1.031482176237031e-06,3.861552796109392e-07,1.6721304259127975e-05,9.842427025036465e-10,-2.9366733774689315,1.4879651644150726e-06,0.26582278481012656,,False
pos,orig,1,0.9999995231628418,6574, simply,0.0,107,1.0,6574, simply,0.0,17,6.693008280324022e-07,3.1347266698441826e-06,2.389879900991212e-07,6.941615088988276e-08,1.1108699941518483e-05,-2.9366900293570395,9.720995421957923e-07,0.19047619047619047,0.19047619047619047,False
pos,orig,2,0.9997710585594177,6574, simply,0.0,2492,0.9999984502792358,6574, simply,0.0,21,0.0003171747840645718,0.0013310491453888361,0.00010862947083465664,3.1375436677776645e-05,0.003098593281800015,-2.936658723336513,0.0004548047436401248,0.25,0.8518518518518519,False
pos,orig,3,0.9998682737350464,6574, simply,3.783505853677006e-44,85076,0.999974250793457,6574, simply,0.0,2247,9.225573890474469e-05,0.00015711859049391742,2.8117634792196417e-05,0.0004299583486630483,0.0018880436799671215,-2.9362601404245274,0.00021191372070461512,0.9607843137254902,0.25,False
pos,orig,4,0.9992801547050476,6574, simply,4.637699562470878e-38,64064,0.9998505115509033,6574, simply,5.885453550164232e-43,26470,0.0004842284902512428,0.0008111091462883416,0.00014696734181890886,0.0021155733680224675,0.008565696697306674,-2.9345745254051683,0.001140819163993001,0.9230769230769231,0.8867924528301887,False
pos,orig,5,0.9995536208152771,6574, simply,1.8242073652444784e-32,76798,0.9998338222503662,6574, simply,4.159053842116057e-42,54381,0.0001711345992048981,0.0002509321768859606,4.955044387020507e-05,0.0023330079767854206,0.005708550262137294,-2.934357090796405,0.0005605780170299113,0.9607843137254902,0.8181818181818182,False
pos,orig,6,0.9946310520172119,6574, simply,1.931522593860143e-31,36793,0.9832905530929565,6574, simply,4.869169187320729e-29,36521,0.011207322670462988,0.0076900228453784065,0.0022396287872464447,0.12790168087992104,0.04943158672737451,-2.8087884178932696,0.0226811021566391,0.9607843137254902,0.8181818181818182,False
pos,orig,7,0.9971203804016113,6574, simply,4.089324162022501e-28,31794,0.9967670440673828,6574, simply,6.180479403120639e-31,24810,3.174878567307085e-05,3.0474868589063697e-05,7.939904313132505e-06,0.033569161947694555,0.030472165551680086,-2.9031209368254958,0.0007067202823236585,1.0,0.8867924528301887,False
pos,orig,8,0.9971791505813599,6574, simply,2.4673209851131375e-27,67818,0.9896490573883057,6574, simply,8.933211342274581e-21,58918,0.03290322900018024,0.008974017772623709,0.003026957973016853,0.09841672799094052,0.028608064409580542,-2.83827337078225,0.015060092322528362,0.8867924528301887,0.9230769230769231,False
pos,orig,9,0.9953937530517578,6574, simply,1.1375677471697435e-25,54702,0.9887562394142151,6574, simply,1.0637511627866706e-22,43521,0.04072404599515427,0.010700350062466465,0.0036247907453678153,0.10208651529288248,0.04318917813189878,-2.834603583480308,0.01529424637556076,0.8181818181818182,0.8867924528301887,False
pos,orig,10,0.9931314587593079,6574, simply,1.9952337168417141e-25,52843,0.9624081254005432,6574, simply,7.733394264819511e-18,49729,0.11587455789303608,0.035410069616987894,0.011721790967627486,0.28139053209641496,0.06118236046661214,-2.6552995666767756,0.06144675984978676,0.9607843137254902,0.8518518518518519,False
pos,orig,11,0.9958969354629517,6574, simply,2.833389894150121e-23,54073,0.9525399804115295,6574, simply,7.563718345361204e-17,46591,0.12096477140628534,0.0509932698140764,0.016484188417247872,0.33304556427872223,0.04434411687485229,-2.6036445344944683,0.08671397715806961,0.9607843137254902,0.9607843137254902,False
pos,orig,12,0.9967780709266663,6574, simply,2.0221378978864434e-22,54059,0.9880897402763367,6574, simply,1.976098294237384e-18,47889,0.046859779664203426,0.01047819953490119,0.003532970484505899,0.10932997309276547,0.03199444311350304,-2.8273601256804253,0.01743125170469284,0.5873015873015873,0.8181818181818182,False
pos,orig,13,0.9975572824478149,6574, simply,2.760771839945416e-22,54604,0.984093427658081,6574, simply,3.246419868219107e-17,43891,0.11281142864309698,0.0288029610614419,0.007213736544175333,0.13740007845767607,0.027518771981907147,-2.7992900203155147,0.029636243358254433,0.4084507042253521,0.8518518518518519,False
pos,orig,14,0.9989011287689209,6574, simply,3.640641595696084e-21,34952,0.9843016266822815,6574, simply,1.5341327383802672e-12,32126,0.09148125887200578,0.018590401495135685,0.006253366611154972,0.1657720133748509,0.013764944523974039,-2.7709180853983395,0.029199423268437386,0.6666666666666666,0.4084507042253521,False
pos,orig,15,0.9912318587303162,6574, simply,2.2686730281550942e-17,43198,0.912857174873352,6574, simply,3.481106028435654e-11,36127,0.3945100999052797,0.10241745290880525,0.034040469653468394,0.7348733539955636,0.0880255738470145,-2.201816744777627,0.1567533016204834,0.6129032258064516,0.639344262295082,False
pos,orig,16,0.5151914954185486,6574, simply,6.772367557349278e-18,22861,0.3643357753753662,6574, simply,2.9289437541990537e-09,20875,3.49114703068161,0.8453808063074613,0.25142989131852145,3.5682736823569416,1.2754306480612505,0.6315835835837511,0.8638262748718262,0.4084507042253521,0.4084507042253521,False
pos,orig,17,0.6903576850891113,6574, simply,1.6146539087255499e-16,23718,0.6676433086395264,6574, simply,6.526143181417865e-08,16939,2.98845171720337,1.4101749274286404,0.24757232583412647,3.099445192486606,1.2311464053339587,0.16275509371341546,0.5872957706451416,0.4084507042253521,0.6949152542372882,False
pos,orig,18,0.9045345187187195,6574, simply,8.13443127811992e-17,31304,0.6019929647445679,6574, simply,4.291716759752262e-09,35160,2.962845564281708,0.5968434320747652,0.19169324926180908,3.336716241235256,0.5159098154355971,0.40002614246206525,0.6896194219589233,0.4084507042253521,0.5151515151515151,False
pos,orig,19,0.9041889905929565,6574, simply,3.641425411365024e-17,22767,0.8061268329620361,6574, simply,1.8241923527284598e-09,19234,0.6735885832348205,0.255850936460637,0.06734100813665984,1.3823356657768504,0.6433689527081011,-1.5543544329963401,0.2598567008972168,0.3888888888888889,0.5384615384615384,False
pos,orig,20,0.7095518112182617,6574, simply,3.062682209219643e-17,26182,0.5757956504821777,6574, simply,5.851932716183228e-09,31272,3.1996133917939336,0.7968197850098386,0.20685818496477032,3.163440280837959,0.9650205373801741,0.2267501820647686,0.6602509617805481,0.35135135135135137,0.47058823529411764,False
pos,orig,21,0.9501882791519165,6574, simply,1.493975040235086e-19,22781,0.7931571006774902,6574, simply,6.08336314655844e-09,23005,1.7146023636254777,0.27835963884459697,0.08497240078022301,1.8664948611277474,0.31993324151380864,-1.070195237645443,0.3249206244945526,0.42857142857142855,0.4925373134328358,False
pos,orig,22,0.999306321144104,2,<bos>,7.948921570490972e-23,31241,0.7171284556388855,6574, simply,3.372888912611671e-10,31495,12.905567113855506,11.405059760913707,0.9936772325715151,2.1901020605227814,0.008370024779901973,-0.7465880382504091,1.9978923797607422,0.4084507042253521,0.6129032258064516,False
pos,orig,23,0.958817720413208,2,<bos>,2.0071483416186682e-23,14861,0.44955798983573914,6574, simply,1.5010586107422341e-09,13683,10.680688785467057,19.702497586188187,0.9179976859162057,3.1811111542488106,0.2907024252382249,0.2444210554756201,1.9176431894302368,0.47058823529411764,0.47058823529411764,False
pos,orig,24,0.999298095703125,2,<bos>,4.0355626100339715e-29,16350,0.8253099322319031,6574, simply,1.616202310872339e-11,14991,13.769041096973012,20.77265894325141,0.996720981526485,1.107038908957132,0.009126739710204343,-1.8296511898160586,1.998595952987671,0.47058823529411764,0.7543859649122807,False
pos,orig,25,0.9612029790878296,573, the,6.616875909844427e-27,8893,0.6022877097129822,573, the,8.562509729026502e-11,8307,5.680831173362795,0.6176005341553502,0.19759024413917148,2.118879401268919,0.24009233814472872,-0.8178106975042714,0.7182419300079346,0.6129032258064516,0.7543859649122807,False
pos,orig,26,0.5097618699073792,573, the,6.876962862268156e-32,7352,0.4617633521556854,573, the,1.1376198648469643e-13,6972,4.511127633841385,0.8042126312398273,0.23837438732188662,2.3713272310256084,1.0133727717396492,-0.5653628677475822,0.7292199730873108,0.5873015873015873,0.6666666666666666,False
pos,orig,27,0.9583690166473389,573, the,1.450470453432708e-36,7238,0.6642924547195435,573, the,7.089861856645783e-15,6162,1.412406918271538,0.42452567301675037,0.13221072232066222,1.842459941704368,0.30929628654059477,-1.0942301570688224,0.5881532430648804,0.6129032258064516,0.7241379310344828,False
pos,orig,28,0.7631240487098694,573, the,7.81476127584664e-41,8637,0.7381777763366699,664," """,3.190940613072269e-15,5954,6.805806152978409,5.410728636564435,0.8314319384309197,1.2266635915478943,1.0604139823515972,-1.7100265072252963,1.890722393989563,0.639344262295082,0.639344262295082,False
pos,orig,29,0.9999741315841675,664," """,0.0,2796,0.9437634944915771,664," """,2.9887718327099552e-19,5276,0.5551915128059169,0.08319166285367137,0.028563042576259363,0.3159884109574743,0.00044680605633915985,-2.6207016878157163,0.11242122203111649,0.6949152542372882,0.7857142857142857,False
pos,orig,30,0.9999920129776001,664," """,0.0,1791,0.9817630648612976,664," """,1.8705680134045465e-19,2763,0.2534101801774234,0.026507667166882257,0.009159788427121852,0.13406269062418918,0.0001513634803797819,-2.8026274081490015,0.036457885056734085,0.6666666666666666,0.8867924528301887,False
pos,orig,31,0.9999998807907104,664," """,0.0,806,0.9950689077377319,664," """,4.229158952659969e-20,1929,0.0892861959289232,0.007130050693205251,0.002469203834401273,0.046090469020147046,4.184220119287137e-06,-2.8905996297530434,0.009861933998763561,0.7241379310344828,0.8867924528301887,False
pos,orig,32,0.9999876022338867,664," """,0.0,558,0.9935976266860962,664," """,7.602572419769982e-20,1889,0.10806888880748257,0.009184655539689623,0.003173828133721157,0.06253833080505075,0.0002230218195545449,-2.8741517679681396,0.012779946438968182,0.6949152542372882,0.8867924528301887,False
pos,orig,33,0.9996757507324219,664," """,0.0,387,0.9962618947029114,664," """,1.0578111404781226e-17,1097,0.052977186432020006,0.004305844981941169,0.001457191659736455,0.04271492791045782,0.004230978784237452,-2.8939751708627326,0.006827670615166426,0.7543859649122807,0.8181818181818182,False
pos,orig,34,0.9999648332595825,664," """,0.0,311,0.9901856184005737,664," """,5.882611525550002e-16,649,0.19074157251434407,0.014023011209665983,0.004838632538530995,0.09002954256715714,0.0005720620790589305,-2.846660556206033,0.019558420404791832,0.6666666666666666,0.8867924528301887,False
pos,orig,35,0.9999994039535522,664," """,0.0,157,0.9981057643890381,664," """,1.2925313817005777e-16,666,0.04652215622272837,0.002729223253770872,0.0009450214681477249,0.023369540045022383,1.230764622533682e-05,-2.9133205587281683,0.0037873932160437107,0.6949152542372882,0.8867924528301887,False
pos,orig,36,0.9996739625930786,664," """,0.0,149,0.9928253889083862,664," """,6.706727467020745e-17,761,0.0953815136750196,0.008817488031663816,0.002963994184005857,0.07409066881193975,0.004248257666191324,-2.862599429961251,0.013697144575417042,0.7543859649122807,0.9230769230769231,False
pos,orig,37,0.9999620914459229,664," """,0.0,89,0.9919338226318359,664," """,1.2911506849093287e-17,1087,0.11559933190707719,0.011367378727572798,0.0039053327419371624,0.08253374859725354,0.0006114893117089887,-2.854156350175937,0.0160566084086895,0.7857142857142857,0.9230769230769231,False
pos,orig,38,1.0,664," """,0.0,60,0.9971730709075928,664," """,9.750852706378373e-15,215,0.07071594461984212,0.004083320257748822,0.001414365250454744,0.03345493053354569,1.4101779927695638e-06,-2.903235168239645,0.005653764121234417,0.8181818181818182,0.8181818181818182,False
pos,orig,39,1.0,664," """,0.0,41,0.9956992864608765,664," """,1.4577695102597625e-16,503,0.12273634319499177,0.00621799780796889,0.0021536374198270884,0.046898771355828726,1.3814485285889985e-09,-2.889791327417362,0.00860147550702095,0.639344262295082,0.8518518518518519,False
pos,orig,40,1.0,664," """,0.0,23,0.9967477321624756,664," """,2.1467810761352643e-15,280,0.11315020221854968,0.004699677190730241,0.0016280720008987996,0.03615399132221065,6.182667710720435e-11,-2.90053610745098,0.006504591554403305,0.28205128205128205,0.8867924528301887,False
pos,orig,41,1.0,664," """,0.0,24,0.9795133471488953,664," """,1.4528855549200692e-11,240,0.8314741171760437,0.029862943883287786,0.010319767235866127,0.17673807864832208,5.40632468041791e-12,-2.7599520201248686,0.04097332805395126,0.2987012987012987,0.8181818181818182,False
pos,orig,42,1.0,664," """,0.0,34,0.9297690391540527,12514, Berlin,0.9297690391540527,1,92.31592825485221,3.838576062995604,0.8136986783134672,0.370067065651403,4.188178330897099e-11,-2.5666230331217874,1.860201358795166,0.25,0.2987012987012987,True
pos,no_filler,0,1.0,3151, called,0.0,100,1.0,3151, called,1.314277829690246e-41,16727,1.0183446992643455e-09,-5.1635076985077416e-15,2.8870619117348015e-11,1.9946658886236957e-09,1.527242359727231e-14,-2.6298087261278518,5.774621059106977e-11,0.8181818181818182,,False
pos,no_filler,1,1.0,3151, called,3.363116314379561e-44,118874,1.0,3151, called,0.0,65,-6.124537282257887e-12,2.1779564774363872e-07,6.941163684586885e-09,1.7363896818125113e-11,3.7622184868475435e-07,-2.6298087281051536,1.3888223016067514e-08,0.9230769230769231,0.6949152542372882,False
pos,no_filler,2,0.9999431371688843,3151, called,3.7995580078455397e-38,180453,1.0,3151, called,0.0,79,8.20285812612477e-05,0.0008682646579411459,2.841829608218478e-05,1.7926001836503237e-08,0.0009111246995723054,-2.6298087101965155,0.00011370743595762178,0.9607843137254902,0.8867924528301887,False
pos,no_filler,3,0.9997857213020325,3151, called,5.414826909369666e-35,224572,0.999991774559021,3151, called,3.0893025944504917e-41,198753,0.00026222863645125735,0.0008113913053249134,8.752007001956236e-05,0.00015908009965351385,0.0031745656101078157,-2.629649648022864,0.0004120364610571414,0.8867924528301887,0.8518518518518519,False
pos,no_filler,4,0.9998260140419006,3151, called,8.642876757358747e-31,122021,0.9999932050704956,3151, called,4.654163698387923e-38,90322,0.00021301430613577805,0.000684359780072334,7.117333634270334e-05,0.00013063961293876536,0.002630125641090708,-2.629678088509579,0.00033437367528676987,0.9230769230769231,0.9230769230769231,False
pos,no_filler,5,0.9993601441383362,3151, called,1.1131006484153305e-27,142882,0.9999597072601318,3151, called,6.211735247713936e-38,108924,0.0007060061648039039,0.001736783091063399,0.00023053794635809373,0.0006568226536450978,0.008045280554831965,-2.6291519054688726,0.0011990494094789028,0.8867924528301887,0.8518518518518519,False
pos,no_filler,6,0.9984283447265625,3151, called,3.529884461415769e-27,175604,0.9985393285751343,3151, called,1.1036029248945848e-27,163673,0.0004781283126516451,0.0006469677034494536,0.0001337396883952664,0.016754532380066838,0.018569720581369433,-2.6130541957424507,0.0010171161266043782,0.8518518518518519,0.8518518518518519,False
pos,no_filler,7,0.9993577599525452,3151, called,8.05551969380324e-26,139154,0.9998370409011841,3151, called,1.5997895069493325e-31,135036,0.00040250704560943607,0.0007441109869097913,0.00012370745456983563,0.002386435126263905,0.008398800970788918,-2.6274222929962536,0.0009585266234353185,0.8181818181818182,0.8518518518518519,False
pos,no_filler,8,0.9997571110725403,3151, called,6.471850858211982e-25,111770,0.9947580695152283,3151, called,1.2893488774475653e-20,120204,0.016083417111580824,0.006155480770765799,0.002030314648375305,0.04835234722308983,0.003296103263785812,-2.5814563808994277,0.009998025372624397,0.6949152542372882,0.7857142857142857,False
pos,no_filler,9,0.9995917677879333,3151, called,3.443864578468238e-24,106491,0.9959536790847778,3151, called,6.124599316721963e-23,116614,0.008255880028885774,0.003913005032430706,0.0012478883117689463,0.038507598084328465,0.005196308670036408,-2.591301130038189,0.007276096846908331,0.47058823529411764,0.7857142857142857,False
pos,no_filler,10,0.9986172914505005,3151, called,7.819726475272688e-22,92804,0.9809555411338806,3151, called,2.1423963389462697e-18,97214,0.04681891228679215,0.02047749053702907,0.006622043837978246,0.13737367912076862,0.015208945794594137,-2.492435049001749,0.035323500633239746,0.8518518518518519,0.6666666666666666,False
pos,no_filler,11,0.9982000589370728,3151, called,4.1299079420286896e-20,108428,0.9861956834793091,3151, called,3.9507611819578046e-17,110087,0.02823472232130442,0.013033260459251737,0.004172544823426085,0.11353591630877224,0.021499909929420493,-2.5162728118137454,0.024021875113248825,0.8518518518518519,0.7543859649122807,False
pos,no_filler,12,0.9974842071533203,3151, called,4.68142505782868e-19,111263,0.9758804440498352,3151, called,7.294042245545646e-18,116801,0.06161871807305596,0.02863679088673247,0.008791803497649023,0.1726524587944252,0.02904447307337384,-2.457156269328092,0.044761717319488525,0.5151515151515151,0.6666666666666666,False
pos,no_filler,13,0.9532573819160461,3151, called,3.0001822722722414e-19,126715,0.8409980535507202,3151, called,8.302458130309042e-17,132895,0.5921743610778163,0.4208090849359424,0.08485597658727564,0.6737014468494492,0.3407984776861236,-1.9561072812730682,0.3047947883605957,0.3888888888888889,0.7857142857142857,False
pos,no_filler,14,0.952171802520752,3151, called,4.624567764449082e-19,127379,0.6079078316688538,3151, called,1.8682943375963185e-13,135522,1.1519920782049546,0.5345185532372666,0.1638075737921175,1.304384443281957,0.35513611234494064,-1.3254242848405606,0.6912065744400024,0.6129032258064516,0.5873015873015873,False
pos,no_filler,15,0.9763126373291016,3151, called,1.3002437573060322e-18,123045,0.6353816390037537,3151, called,1.3866250541446495e-13,123748,1.187395566798318,0.5272372807520251,0.16267629341257328,1.408708173390757,0.19888428459992596,-1.2211005547317606,0.6818780899047852,0.639344262295082,0.639344262295082,False
pos,no_filler,16,0.7816469073295593,3151, called,3.694273918662491e-20,116218,0.796647310256958,1067,name,3.1402511884229267e-13,114196,1.5519016164297348,1.6288224048719837,0.3528471737467762,1.1574901915703877,0.9626868187992913,-1.4723185365521299,1.321608066558838,0.4925373134328358,0.47058823529411764,False
pos,no_filler,17,0.8581820726394653,3151, called,7.990127862501243e-19,110091,0.6546518802642822,1067,name,4.366234457320317e-11,114693,2.1931179482883114,1.7194508985186021,0.4035191315989203,1.8868808246477704,0.8058367494032502,-0.7429279034747471,1.3950742483139038,0.3888888888888889,0.4084507042253521,False
pos,no_filler,18,0.9608715176582336,3151, called,3.2846479788692142e-18,88259,0.4287240207195282,1067,name,7.189548002078938e-12,98308,2.32242620002723,1.31659495351924,0.361510670797002,2.153204386658722,0.306668327141917,-0.4766043414637955,1.2571957111358643,0.5873015873015873,0.4925373134328358,False
pos,no_filler,19,0.9557186365127563,3151, called,4.253966138004526e-18,70861,0.7522467970848083,3151, called,3.794465176093498e-12,61730,0.6452302349470639,0.26663953713624916,0.08219494814951164,1.4008365274607661,0.370288020362099,-1.2289722006617514,0.41907989978790283,0.6129032258064516,0.5625,False
pos,no_filler,20,0.9311932921409607,3151, called,3.611673213656594e-18,53134,0.6016186475753784,3151, called,9.123910828245929e-12,57013,1.3417948834195639,0.5457761935974443,0.1681200226391289,2.136759921531173,0.4807542828291151,-0.49304880659134476,0.7012280821800232,0.5873015873015873,0.5625,False
pos,no_filler,21,0.8565611243247986,573, the,4.1381356749372073e-19,37182,0.3448876440525055,573, the,8.69676483605808e-11,36443,1.989968257470843,0.9377118422062959,0.2612183000157517,2.8358298412787915,0.7962874987054183,0.20602111315627392,1.0233571529388428,0.5384615384615384,0.6129032258064516,False
pos,no_filler,22,0.981715738773346,573, the,1.6828866373872389e-21,39037,0.7095156908035278,573, the,2.370422109466974e-13,34130,1.0053232957486664,0.4090971094078478,0.1270066697286864,1.1575230402567025,0.1602049779620845,-1.472285687865815,0.5454950332641602,0.639344262295082,0.5384615384615384,False
pos,no_filler,23,0.9404852390289307,573, the,1.143835123802208e-25,22726,0.5025678873062134,573, the,4.1664723971282513e-13,22331,2.2987161558313303,0.7431469233806207,0.22446020082178297,1.8897513870733216,0.34161176214422245,-0.740057341049196,0.8758352994918823,0.5873015873015873,0.6949152542372882,False
pos,no_filler,24,0.9846206903457642,573, the,2.364037441255087e-30,20774,0.7208452820777893,573, the,6.147166278878003e-15,17941,1.8556953825494682,0.4011013779952596,0.1291852841435513,1.1599953768541809,0.11579646702062868,-1.4698133512683367,0.5275518894195557,0.6129032258064516,0.7857142857142857,False
pos,no_filler,25,0.9858605861663818,573, the,5.792689798030231e-35,16157,0.7802467346191406,573, the,4.804449227374013e-16,16058,1.5159092592398171,0.31246199269285785,0.10343960492191914,0.9415330387344912,0.1093606612470288,-1.6882756893880262,0.4112280011177063,0.7241379310344828,0.7543859649122807,False
pos,no_filler,26,0.9811145663261414,573, the,2.7329122617846725e-36,13198,0.5037864446640015,476, a,2.3439037400187814e-18,12221,2.468720662243915,0.9559384775534109,0.28882750262526563,1.1231703656601109,0.1541008192328422,-1.5066383624624067,1.0016542673110962,0.6129032258064516,0.6666666666666666,False
pos,no_filler,27,0.9998797178268433,573, the,9.885165743901914e-40,9849,0.9557344913482666,573, the,1.3982323998496764e-18,7305,0.44519686976322936,0.06448741018727897,0.02213934814340071,0.28800010484088034,0.0017949612612719683,-2.3418086232816373,0.0882902517914772,0.7241379310344828,0.7543859649122807,False
pos,no_filler,28,0.9999866485595703,573, the,1.8216880036222622e-44,8135,0.9420068860054016,573, the,2.0165642593166924e-17,5681,0.8860026784846295,0.08606608951440908,0.029566269107898828,0.3647354744876678,0.00023935792503108663,-2.2650732536348497,0.11595958471298218,0.6949152542372882,0.7857142857142857,False
pos,no_filler,29,0.9998291730880737,573, the,0.0,5652,0.6460635662078857,573, the,2.3329340429663788e-17,4040,4.653541651506652,0.6288549068451615,0.20404724140003236,1.1771850428079185,0.002478906704235241,-1.452623685314599,0.707531213760376,0.639344262295082,0.8518518518518519,False
pos,no_filler,30,0.9989008903503418,573, the,2.802596928649634e-45,2556,0.7322997450828552,573, the,2.3131685622294242e-17,1651,3.2281291472028926,0.4436787789040634,0.14656315286191132,1.026638825496603,0.012587821362673684,-1.6031699026259145,0.5332022905349731,0.639344262295082,0.8867924528301887,False
pos,no_filler,31,0.9954525828361511,573, the,9.668959403841238e-44,1131,0.7688944935798645,573, the,3.7312023672700584e-16,806,2.575960960137372,0.3615452393098254,0.12001838581256324,0.9927581572853043,0.042258523576272806,-1.6370505708372134,0.4531160891056061,0.639344262295082,0.8181818181818182,False
pos,no_filler,32,0.8713141083717346,573, the,1.6815581571897805e-44,871,0.4609363377094269,573, the,6.911955609206581e-16,765,4.818965915961458,0.7158654444612416,0.2204460773805245,1.6248375668514925,0.5539979102132663,-1.004971161271025,0.8207556009292603,0.6949152542372882,0.7857142857142857,False
pos,no_filler,33,0.9891893863677979,235248, ,1.401298464324817e-45,699,0.4861152470111847,235248, ,5.194690435184751e-14,424,5.274492235718159,0.9694656009743743,0.2952557304133119,1.5438478408724805,0.08623502484767692,-1.085960887250037,1.0061482191085815,0.5873015873015873,0.8181818181818182,False
pos,no_filler,34,0.9322105050086975,235248, ,4.174285956423268e-40,360,0.5390099287033081,235248, ,1.1709705254048242e-11,157,5.1168966215306275,0.6866568569432819,0.21641787823418443,1.4516794145700367,0.35774386378214207,-1.1781293135524809,0.786401093006134,0.6666666666666666,0.8518518518518519,False
pos,no_filler,35,0.9997568726539612,235248, ,8.547920632381384e-44,354,0.6454514861106873,235248, ,4.768590578831111e-13,230,4.4353541416630415,0.6294742593665812,0.20413580171631102,1.0457513434783123,0.0033783694181272386,-1.5840573846442052,0.7086107730865479,0.7241379310344828,0.8181818181818182,False
pos,no_filler,36,0.9999992847442627,235248, ,0.0,225,0.905955970287323,235248, ,1.3460151775720325e-13,354,1.995887900313541,0.14247615714680753,0.04869117051227753,0.49392058664856825,1.6299486734016408e-05,-2.1358881414739495,0.1880865842103958,0.7543859649122807,0.8867924528301887,False
pos,no_filler,37,0.9999916553497314,235248, ,0.0,142,0.8895883560180664,235248, ,5.927973633886377e-15,625,2.172005874016346,0.1686896775489071,0.057488234932344166,0.5670026363322339,0.00015397703094096802,-2.0628060917902835,0.22080658376216888,0.7241379310344828,0.9607843137254902,False
pos,no_filler,38,0.9999996423721313,235248, ,0.0,119,0.738543689250946,235248, ,2.397107339013882e-11,134,4.828502697917103,0.4372371257203342,0.14496039816840026,0.9394202318686417,8.570807077171339e-06,-1.6903884962538758,0.5229119062423706,0.8518518518518519,0.8181818181818182,False
pos,no_filler,39,0.9763508439064026,235248, ,0.0,92,0.624131977558136,235248, ,1.1348022266885818e-13,422,1.2735394408410377,0.5374056689929633,0.1638994770211723,1.0698558298839655,0.16148797928643674,-1.559952898238552,0.7044377326965332,0.8181818181818182,0.8867924528301887,False
pos,no_filler,40,0.545996904373169,235248, ,0.0,57,0.6166625022888184,664," """,1.0981075396860815e-13,341,0.18921170084359396,0.08650911682303168,0.021896855964720303,1.0011555541789825,0.993886707440266,-1.628653173943535,0.3335167467594147,0.7857142857142857,0.8518518518518519,False
pos,no_filler,41,0.5716918110847473,664," """,0.0,60,0.5672522783279419,235248, ,1.1200764621355219e-10,337,1.0047239362104095,0.13600363307724847,0.03905065883310252,1.2537136248148748,0.9851222995696464,-1.3760951033076427,0.35785895586013794,0.7857142857142857,0.8181818181818182,False
pos,no_filler,42,0.8793613910675049,235248, ,0.0,89,0.9998400211334229,12514, Berlin,0.9998400211334229,1,99.64057304481474,16.2972658646063,0.9991266318510913,0.002342873465956984,0.5367739337206814,-2.6274658546565606,1.999693751335144,0.26582278481012656,0.2987012987012987,True
ctl,orig,0,1.0,6574, simply,0.0,22,0.9999992847442627,6574, simply,0.0,1468,1.0364568464488179e-05,1.031482176237031e-06,3.861552796109392e-07,1.6721304259127975e-05,9.842427025036465e-10,-2.866530425297186,1.4879651644150726e-06,0.26582278481012656,,False
ctl,orig,1,0.9999994039535522,6574, simply,0.0,108,1.0,6574, simply,0.0,17,8.393401419899717e-07,3.2597221783165706e-06,2.585244531046285e-07,7.660735134463627e-08,1.2080251287116015e-05,-2.866547069994094,1.1321785677864682e-06,0.19047619047619047,0.19047619047619047,False
ctl,orig,2,0.9997307658195496,6574, simply,0.0,2669,0.9999982118606567,6574, simply,0.0,21,0.0003727756708053837,0.0015554870086202238,0.00012772721313013881,3.727882986819088e-05,0.0035816629885555276,-2.8665098677715766,0.0005349024431779981,0.25,0.8518518518518519,False
ctl,orig,3,0.9998469352722168,6574, simply,2.802596928649634e-45,174446,0.9999700784683228,6574, simply,0.0,2260,0.00010722366696957632,0.00018296415880112248,3.2713936480255074e-05,0.0004926322948422803,0.002161087636043188,-2.8660545143066027,0.00024630967527627945,0.9607843137254902,0.25,False
ctl,orig,4,0.9991915822029114,6574, simply,2.007624895555058e-39,169206,0.9998268485069275,6574, simply,2.1019476964872256e-44,106694,0.0005318995533957107,0.0008815955807324146,0.00016117465813560088,0.0024150374870301034,0.009483136804719867,-2.864132109114415,0.0012705319095402956,0.9230769230769231,0.8867924528301887,False
ctl,orig,5,0.9994984865188599,6574, simply,1.321398546356273e-33,149782,0.9997994303703308,6574, simply,1.0229478789571165e-43,123637,0.0001737494828835561,0.00024995406754713026,4.994196577591836e-05,0.002763249954063356,0.0063275783006649265,-2.8637838966473814,0.0006017536506988108,0.9607843137254902,0.8181818181818182,False
ctl,orig,6,0.9943291544914246,6574, simply,3.305167220907781e-33,129165,0.982635498046875,6574, simply,5.384439330721189e-31,142795,0.011339330775723102,0.007836126138129743,0.002277252847303411,0.13098526531639712,0.051560017142163427,-2.7355618812850477,0.02338739112019539,0.9607843137254902,0.8181818181818182,False
ctl,orig,7,0.9970979690551758,6574, simply,5.593919947201566e-30,118758,0.9966529011726379,6574, simply,3.60157363159739e-33,110909,4.890097947916148e-05,4.6630990085664244e-05,1.1881252669533085e-05,0.03425605796801169,0.030398771955424383,-2.832291088633433,0.000890156312379986,1.0,0.8867924528301887,False
ctl,orig,8,0.9968884587287903,6574, simply,1.1219622854236936e-28,124460,0.9890110492706299,6574, simply,3.635679420788529e-22,149306,0.03414512378374734,0.009377331196848823,0.0031625657053908516,0.10353775864544126,0.031104924658180315,-2.7630093879560036,0.015754710882902145,0.9230769230769231,0.9230769230769231,False
ctl,orig,9,0.9949134588241577,6574, simply,8.739159419479797e-28,139698,0.9884427189826965,6574, simply,6.326909006753133e-25,171983,0.040631479020556284,0.010623145975602582,0.00359832128858075,0.10469497615851871,0.0468610157895065,-2.761852170442926,0.015146168880164623,0.8181818181818182,0.8867924528301887,False
ctl,orig,10,0.9918694496154785,6574, simply,6.858261087569738e-28,149823,0.9586615562438965,6574, simply,6.505895071177471e-20,165243,0.12424466328980564,0.0379904596893286,0.012567982223366535,0.3041733318301875,0.07028172067316057,-2.5623738147712576,0.06641587615013123,0.9607843137254902,0.8518518518518519,False
ctl,orig,11,0.9961431622505188,6574, simply,2.5346904536798303e-25,134413,0.9545229077339172,6574, simply,1.5848852914819609e-18,141072,0.11978032688979318,0.04931065067707092,0.0159891548314381,0.3246443407710622,0.04221839249958553,-2.5419028058303827,0.08324025571346283,1.0,0.9230769230769231,False
ctl,orig,12,0.9968984127044678,6574, simply,3.2918744027326595e-25,137674,0.9881205558776855,6574, simply,7.234909378300914e-21,158980,0.04972683794324323,0.010811402484803284,0.003628086211758347,0.10937678462054719,0.03115302068138567,-2.7571703619808976,0.017655907198786736,0.5625,0.8518518518518519,False
ctl,orig,13,0.9964359998703003,6574, simply,5.009817471672882e-25,128319,0.9838266968727112,6574, simply,6.639847924092484e-20,157830,0.12001783493063471,0.037842143463561864,0.007921217241873037,0.1395277080782469,0.037773535822012205,-2.727019438523198,0.030197113752365112,0.35135135135135137,0.7857142857142857,False
ctl,orig,14,0.9985881447792053,6574, simply,1.0128286136328439e-23,94949,0.9820095896720886,6574, simply,3.056113847231534e-14,105292,0.10169577071012219,0.020759552833359757,0.0069549456502895225,0.18657980734177768,0.017196173078566853,-2.6799673392596675,0.0331573411822319,0.6666666666666666,0.3888888888888889,False
ctl,orig,15,0.99111008644104,6574, simply,5.970488848770599e-20,111508,0.8986707329750061,6574, simply,4.974244215312507e-13,112783,0.47419077993724956,0.12292568534467604,0.04079630558080585,0.8313315435584785,0.09012135980488652,-2.0352156030429667,0.1848829835653305,0.639344262295082,0.6129032258064516,False
ctl,orig,16,0.5475897192955017,109,"

",7.287126446938031e-20,53276,0.2911699414253235,6574, simply,2.2979315672522205e-10,55942,3.8302751483690596,1.017755577614237,0.29102800989413957,3.768625559410174,1.3352406245951824,0.9020784128087289,0.9476589560508728,0.3888888888888889,0.3888888888888889,False
ctl,orig,17,0.4819597601890564,6574, simply,5.3042828566967954e-18,44956,0.600958526134491,6574, simply,1.1215630202343618e-08,43477,3.8861781090320155,2.350821223615283,0.3680217404781857,3.7014367532322985,1.4875199110792425,0.8348896066308535,0.9448623657226562,0.3698630136986301,0.6949152542372882,False
ctl,orig,18,0.8672122955322266,6574, simply,6.876743523146934e-17,31813,0.5128189325332642,6574, simply,8.219570801770715e-09,31336,3.463950038239467,0.7852082043541853,0.2440657500678533,3.9902527222710407,0.7314269076635983,1.1237055756695957,0.8510456681251526,0.4492753623188406,0.47058823529411764,False
ctl,orig,19,0.8147507905960083,6574, simply,3.624450010834211e-17,21688,0.7666988968849182,6574, simply,1.8239020294075203e-09,24333,0.8511274346033912,0.48623201625042095,0.09553897454080018,1.595750829041669,1.0811751260244775,-1.2707963175597758,0.2840613126754761,0.4084507042253521,0.4925373134328358,False
ctl,orig,20,0.6120497584342957,6574, simply,2.9574107707780613e-16,15072,0.5334101319313049,6574, simply,4.344318682569792e-08,15253,3.530609825783288,1.278322020387556,0.2430261794368817,3.4195434298560863,1.1971346863427026,0.5529962832546413,0.7118340730667114,0.4084507042253521,0.4492753623188406,False
ctl,orig,21,0.8761993050575256,6574, simply,5.650476141023714e-18,12045,0.6873472332954407,6574, simply,6.172658117975516e-08,10481,2.4733132869525556,0.8820071775397847,0.14634706203556005,2.6243441513740025,0.7384423379662686,-0.24220299522744249,0.5026552677154541,0.4084507042253521,0.47058823529411764,False
ctl,orig,22,0.9998899698257446,2,<bos>,1.2678193815477596e-21,12096,0.6479129195213318,6574, simply,1.040334307589319e-08,9850,15.967557236706606,10.54241473417336,0.9952299349391672,2.56021956008655,0.0016281772227061877,-0.3063275865148949,1.9984526634216309,0.42857142857142855,0.639344262295082,False
ctl,orig,23,0.9644374847412109,2,<bos>,2.1378557652337943e-21,5356,0.4167545735836029,6574, simply,3.597545727984652e-08,3849,11.357850523251866,19.674266290083754,0.9209282272912453,3.208439541436213,0.25746219892090794,0.3418923948347681,1.92888343334198,0.3888888888888889,0.5151515151515151,False
ctl,orig,24,0.9995747208595276,2,<bos>,1.7611165634663538e-27,7372,0.7989214658737183,6574, simply,3.5513755825000715e-10,5518,15.001489410974003,20.454551577048317,0.997838610783117,1.208212690824054,0.005816024639167491,-1.658334455777391,1.9991490840911865,0.42857142857142855,0.7543859649122807,False
ctl,orig,25,0.9501602053642273,573, the,3.5821712715494658e-25,4676,0.5997524261474609,573, the,9.66396851431739e-10,3896,5.635978785948377,0.5920126543903425,0.18945543250661356,2.1509636247006303,0.2876485078090227,-0.7155835219008146,0.7010112404823303,0.5873015873015873,0.7543859649122807,False
ctl,orig,26,0.710683286190033,235248, ,3.2718350304019024e-28,2693,0.3723911941051483,573, the,1.575911449946954e-11,2066,5.5822785790776726,1.1000027547450326,0.3056641634391918,2.560005097720924,0.8771537411411109,-0.30654204888052083,0.9844343662261963,0.5873015873015873,0.639344262295082,False
ctl,orig,27,0.9024990797042847,573, the,1.7874467181583884e-31,2400,0.5789230465888977,573, the,6.633130459829384e-13,2264,1.2996425376323677,0.4411202789985028,0.13240860985831127,2.045533960155457,0.5927327887451678,-0.8210131864459878,0.6471520662307739,0.5873015873015873,0.7241379310344828,False
ctl,orig,28,0.5758686065673828,573, the,8.598598353701408e-32,1366,0.7440088391304016,664," """,3.0550902519604906e-12,856,4.150016349755349,4.836287664591059,0.6012084162471574,1.123400822412267,1.5632122274463784,-1.743146324189178,1.5648897886276245,0.639344262295082,0.6666666666666666,False
ctl,orig,29,0.9999696016311646,664," """,1.401298464324817e-45,1967,0.9360112547874451,664," """,4.754196086102395e-17,1459,0.6212650974842722,0.09502251064025917,0.03258311688596062,0.3466653648506693,0.0005047857494992361,-2.5198817817507755,0.1279166042804718,0.7241379310344828,0.7857142857142857,False
ctl,orig,30,0.9999983310699463,664," """,1.401298464324817e-45,1264,0.9760244488716125,664," """,2.3999105262925524e-17,971,0.327538013365323,0.034992718780693335,0.012084275643357047,0.1656848504176105,3.5319189172452705e-05,-2.7008622961838347,0.04794764518737793,0.6949152542372882,0.8518518518518519,False
ctl,orig,31,1.0,664," """,0.0,642,0.9953336119651794,664," """,6.940143773812796e-18,684,0.08820157121788338,0.006747479317204313,0.0023368332051647064,0.04392636295421977,1.111456923393136e-06,-2.822620783647225,0.009332695044577122,0.7241379310344828,0.8181818181818182,False
ctl,orig,32,0.9999986886978149,664," """,0.0,447,0.9948780536651611,664," """,3.783481108425696e-18,853,0.09542983005099637,0.007396955003006961,0.0025606250837565615,0.05128166322174197,2.7336967236421033e-05,-2.815265483379703,0.010241241194307804,0.6666666666666666,0.9230769230769231,False
ctl,orig,33,0.9999737739562988,664," """,0.0,312,0.9972739815711975,664," """,4.220774969986631e-16,477,0.05227405686179877,0.0037841386336813733,0.0013000459135346651,0.03169993626004508,0.0004386024083146905,-2.8348472103413997,0.005399491172283888,0.7857142857142857,0.8518518518518519,False
ctl,orig,34,0.9999997615814209,664," """,0.0,235,0.9935531616210938,664," """,1.1338740141036627e-13,161,0.1444925462390172,0.009328231493641951,0.0032297179605527675,0.06150475806902799,5.822977733778923e-06,-2.805042388532417,0.012893213890492916,0.7241379310344828,0.8181818181818182,False
ctl,orig,35,1.0,664," """,0.0,135,0.9989281296730042,664," """,4.6361220120078386e-14,147,0.031983428162161064,0.0015471784327040293,0.0005361790809172507,0.014117298010772597,5.996149640073455e-08,-2.8524298485906723,0.0021437599789351225,0.7543859649122807,0.9230769230769231,False
ctl,orig,36,0.9999978542327881,664," """,0.0,126,0.9966499209403992,664," """,4.718390256416502e-14,155,0.06938168709107494,0.004819577986092506,0.001667302519994343,0.03904012086489379,4.2748592485659396e-05,-2.8275070257365513,0.006695980671793222,0.7543859649122807,0.9230769230769231,False
ctl,orig,37,0.9999998807907104,664," """,0.0,71,0.996095597743988,664," """,2.3468936687152768e-14,214,0.08970964408763664,0.005642328208061123,0.0019543166234409592,0.04566880518143631,2.5572958905436895e-06,-2.8208783414200087,0.007808650378137827,0.7543859649122807,0.9230769230769231,False
ctl,orig,38,1.0,664," """,1.0333174875931201e-41,36,0.9990236759185791,664," """,1.6195951524355934e-10,24,0.03643573383829989,0.001409225505266239,0.0004883501535707364,0.013201130306252896,8.977611586364192e-10,-2.853346016295192,0.0019526802934706211,0.7241379310344828,0.8181818181818182,False
ctl,orig,39,1.0,664," """,0.0,36,0.9981532692909241,664," """,6.664609185705328e-13,74,0.06773715136231988,0.0026667324170497487,0.0009239728868809154,0.023530978009604166,1.3433350059514198e-11,-2.843016168591841,0.0036933585070073605,0.5151515151515151,0.8181818181818182,False
ctl,orig,40,1.0,664," """,0.0,18,0.9991534948348999,664," """,7.430795074311186e-14,102,0.04188576192944334,0.0012217660113679487,0.000423432297764613,0.011697827267832167,2.164671858627836e-14,-2.8548493193336126,0.001693111378699541,0.20481927710843373,0.7857142857142857,False
ctl,orig,41,1.0,664," """,0.0,17,0.9926615953445435,664," """,2.8208515523431288e-09,50,0.37960565342488156,0.010626117378980575,0.003679201672558633,0.07835809582562997,3.088876486633099e-15,-2.788189050775815,0.014676968567073345,0.19047619047619047,0.7857142857142857,False
ctl,orig,42,1.0,664," """,2.0571061456288315e-42,20,0.8677237033843994,7127, Paris,0.8677237033843994,1,85.91892211125229,2.9194646604280736,0.7056721617315911,0.564947185680447,1.3136636883313542e-14,-2.301599960920998,1.735647439956665,0.26582278481012656,0.3157894736842105,True
